cargo_id,origin,destination,distance_km,cargo_type,cargo_weight_tons,pickup_hour,urgency
C20000,Delhi,Bengaluru,2150,FMCG,5.64,0,normal
C20001,Pune,Mumbai,150,Electronics,4.84,19,urgent
C20002,Hyderabad,Bengaluru,570,Auto Parts,6.48,20,same_day
C20003,Delhi,Bengaluru,2150,Textiles,4.56,18,normal
C20004,Mumbai,Ahmedabad,530,Electronics,0.78,17,normal
C20005,Mumbai,Pune,150,Electronics,1.26,17,normal
C20006,Bengaluru,Hyderabad,570,Pharma,0.71,19,normal
C20007,Kolkata,Delhi,1500,Pharma,0.57,2,same_day
C20008,Hyderabad,Bengaluru,570,FMCG,1.21,8,normal
C20009,Mumbai,Delhi,1400,Pharma,0.3,4,normal
C20010,Mumbai,Delhi,1400,E-commerce Parcels,0.59,11,normal
C20011,Mumbai,Pune,150,FMCG,0.34,12,normal
C20012,Kolkata,Bhubaneswar,440,Textiles,0.61,6,same_day
C20013,Chennai,Hyderabad,630,Electronics,1.23,9,urgent
C20014,Hyderabad,Chennai,630,Auto Parts,3.08,18,urgent
C20015,Jaipur,Delhi,280,Pharma,4.59,13,same_day
C20016,Jaipur,Ahmedabad,670,FMCG,3.08,1,normal
C20017,Bengaluru,Mumbai,980,Textiles,6.15,12,same_day
C20018,Jaipur,Delhi,280,Pharma,0.44,9,urgent
C20019,Bengaluru,Hyderabad,570,E-commerce Parcels,0.91,17,same_day
C20020,Jaipur,Ahmedabad,670,FMCG,6.74,7,normal
C20021,Delhi,Jaipur,280,Auto Parts,0.77,15,same_day
C20022,Ahmedabad,Jaipur,670,Furniture,1.01,9,urgent
C20023,Mumbai,Ahmedabad,530,Pharma,1.85,23,normal
C20024,Mumbai,Pune,150,Industrial Goods,0.36,19,normal
C20025,Delhi,Lucknow,550,Pharma,1.72,19,normal
C20026,Jaipur,Ahmedabad,670,Industrial Goods,0.48,20,normal
C20027,Ahmedabad,Mumbai,530,Auto Parts,0.52,0,normal
C20028,Kolkata,Bhubaneswar,440,E-commerce Parcels,4.19,5,normal
C20029,Kolkata,Bhubaneswar,440,FMCG,2.55,13,normal
C20030,Delhi,Bengaluru,2150,Furniture,0.53,7,normal
C20031,Jaipur,Delhi,280,Auto Parts,2.51,17,normal
C20032,Jaipur,Ahmedabad,670,Electronics,4.61,4,urgent
C20033,Kolkata,Bhubaneswar,440,E-commerce Parcels,3.97,14,normal
C20034,Chennai,Hyderabad,630,FMCG,0.36,15,normal
C20035,Bengaluru,Mumbai,980,Electronics,1.17,8,normal
C20036,Bengaluru,Mumbai,980,Pharma,0.75,13,urgent
C20037,Hyderabad,Chennai,630,Electronics,0.21,12,normal
C20038,Delhi,Jaipur,280,Pharma,1.66,2,urgent
C20039,Mumbai,Pune,150,Pharma,3.42,21,normal
C20040,Kolkata,Bhubaneswar,440,Furniture,3.57,0,normal
C20041,Hyderabad,Bengaluru,570,Pharma,1.04,0,same_day
C20042,Jaipur,Ahmedabad,670,FMCG,0.62,0,normal
C20043,Bengaluru,Mumbai,980,Pharma,3.43,7,normal
C20044,Delhi,Jaipur,280,Auto Parts,0.53,0,same_day
C20045,Ahmedabad,Mumbai,530,E-commerce Parcels,1.0,20,urgent
C20046,Ahmedabad,Mumbai,530,FMCG,1.63,16,normal
C20047,Chennai,Hyderabad,630,Furniture,2.23,12,normal
C20048,Mumbai,Bengaluru,980,Auto Parts,1.36,9,normal
C20049,Chennai,Hyderabad,630,Furniture,1.0,21,normal
C20050,Jaipur,Delhi,280,Pharma,5.13,21,normal
C20051,Delhi,Bengaluru,2150,Textiles,1.2,15,same_day
C20052,Kolkata,Delhi,1500,E-commerce Parcels,0.95,23,same_day
C20053,Mumbai,Delhi,1400,E-commerce Parcels,2.71,5,normal
C20054,Chennai,Bengaluru,350,FMCG,2.35,7,same_day
C20055,Bengaluru,Mumbai,980,Electronics,1.65,7,normal
C20056,Jaipur,Delhi,280,Furniture,0.74,3,normal
C20057,Mumbai,Bengaluru,980,FMCG,0.35,4,normal
C20058,Delhi,Bengaluru,2150,Textiles,1.01,2,normal
C20059,Bengaluru,Hyderabad,570,Textiles,0.58,0,normal
C20060,Mumbai,Delhi,1400,Furniture,1.55,17,normal
C20061,Kolkata,Bhubaneswar,440,Industrial Goods,0.86,13,normal
C20062,Bengaluru,Mumbai,980,E-commerce Parcels,1.3,23,normal
C20063,Delhi,Kolkata,1500,Textiles,2.46,21,normal
C20064,Bengaluru,Chennai,350,Electronics,0.4,7,normal
C20065,Bengaluru,Hyderabad,570,FMCG,1.04,10,same_day
C20066,Bengaluru,Mumbai,980,E-commerce Parcels,2.01,4,same_day
C20067,Pune,Mumbai,150,Electronics,0.35,1,normal
C20068,Lucknow,Delhi,550,Textiles,7.6,0,normal
C20069,Mumbai,Pune,150,Pharma,0.9,0,urgent
C20070,Pune,Mumbai,150,Industrial Goods,2.57,4,normal
C20071,Delhi,Bengaluru,2150,E-commerce Parcels,0.77,0,normal
C20072,Bengaluru,Delhi,2150,Industrial Goods,1.6,0,normal
C20073,Chennai,Bengaluru,350,Industrial Goods,5.22,0,same_day
C20074,Bengaluru,Mumbai,980,E-commerce Parcels,7.01,4,urgent
C20075,Mumbai,Pune,150,Electronics,1.21,15,normal
C20076,Ahmedabad,Mumbai,530,Industrial Goods,2.65,15,same_day
C20077,Jaipur,Ahmedabad,670,Electronics,1.46,2,normal
C20078,Delhi,Bengaluru,2150,E-commerce Parcels,0.64,12,normal
C20079,Delhi,Mumbai,1400,Electronics,0.81,23,normal
C20080,Delhi,Jaipur,280,FMCG,3.09,5,same_day
C20081,Mumbai,Ahmedabad,530,Industrial Goods,0.54,19,normal
C20082,Delhi,Bengaluru,2150,Auto Parts,2.3,2,normal
C20083,Delhi,Mumbai,1400,Pharma,3.27,17,normal
C20084,Ahmedabad,Jaipur,670,Textiles,2.08,6,normal
C20085,Delhi,Mumbai,1400,Furniture,0.75,17,normal
C20086,Jaipur,Ahmedabad,670,FMCG,1.24,2,same_day
C20087,Ahmedabad,Jaipur,670,Electronics,6.91,19,same_day
C20088,Jaipur,Delhi,280,Textiles,2.3,1,normal
C20089,Jaipur,Ahmedabad,670,FMCG,0.7,17,normal
C20090,Bhubaneswar,Kolkata,440,E-commerce Parcels,1.76,17,normal
C20091,Kolkata,Bhubaneswar,440,Electronics,0.27,15,normal
C20092,Chennai,Hyderabad,630,Auto Parts,1.36,13,normal
C20093,Lucknow,Delhi,550,Industrial Goods,3.15,2,normal
C20094,Mumbai,Pune,150,Furniture,3.93,4,normal
C20095,Mumbai,Ahmedabad,530,Auto Parts,0.37,8,same_day
C20096,Chennai,Hyderabad,630,FMCG,7.85,15,normal
C20097,Pune,Mumbai,150,Industrial Goods,1.52,12,urgent
C20098,Delhi,Jaipur,280,Industrial Goods,1.28,3,normal
C20099,Delhi,Lucknow,550,Electronics,1.55,20,normal
C20100,Bengaluru,Chennai,350,E-commerce Parcels,1.64,7,normal
C20101,Kolkata,Delhi,1500,Pharma,3.96,16,normal
C20102,Delhi,Lucknow,550,Pharma,0.42,15,normal
C20103,Ahmedabad,Mumbai,530,FMCG,6.55,0,normal
C20104,Bhubaneswar,Kolkata,440,Textiles,1.73,5,normal
C20105,Delhi,Lucknow,550,Textiles,0.66,8,normal
C20106,Bhubaneswar,Kolkata,440,E-commerce Parcels,4.38,15,normal
C20107,Mumbai,Bengaluru,980,Textiles,1.67,23,normal
C20108,Ahmedabad,Jaipur,670,Auto Parts,3.88,7,normal
C20109,Hyderabad,Chennai,630,Textiles,0.26,0,normal
C20110,Pune,Mumbai,150,FMCG,0.85,7,same_day
C20111,Kolkata,Delhi,1500,Textiles,3.21,19,normal
C20112,Kolkata,Delhi,1500,FMCG,1.72,6,normal
C20113,Lucknow,Delhi,550,Furniture,2.61,9,normal
C20114,Delhi,Mumbai,1400,Furniture,6.66,16,normal
C20115,Kolkata,Bhubaneswar,440,Furniture,3.83,2,normal
C20116,Ahmedabad,Mumbai,530,Electronics,0.33,14,same_day
C20117,Ahmedabad,Jaipur,670,Industrial Goods,1.85,23,urgent
C20118,Mumbai,Ahmedabad,530,Electronics,3.01,21,same_day
C20119,Mumbai,Bengaluru,980,Pharma,0.99,9,normal
C20120,Kolkata,Bhubaneswar,440,Pharma,1.55,7,same_day
C20121,Ahmedabad,Mumbai,530,Textiles,0.27,18,normal
C20122,Pune,Mumbai,150,Electronics,2.0,20,normal
C20123,Bhubaneswar,Kolkata,440,Textiles,1.62,7,normal
C20124,Hyderabad,Chennai,630,Industrial Goods,5.38,10,normal
C20125,Delhi,Jaipur,280,Pharma,3.84,5,normal
C20126,Mumbai,Pune,150,Auto Parts,7.04,9,urgent
C20127,Chennai,Hyderabad,630,Industrial Goods,0.98,0,normal
C20128,Pune,Mumbai,150,Auto Parts,0.53,13,normal
C20129,Lucknow,Delhi,550,Industrial Goods,6.42,23,normal
C20130,Mumbai,Bengaluru,980,Pharma,0.91,13,urgent
C20131,Hyderabad,Chennai,630,Furniture,2.96,11,normal
C20132,Delhi,Lucknow,550,E-commerce Parcels,2.01,2,same_day
C20133,Ahmedabad,Jaipur,670,Industrial Goods,0.33,5,normal
C20134,Ahmedabad,Jaipur,670,Pharma,1.43,17,normal
C20135,Lucknow,Delhi,550,Textiles,0.37,9,urgent
C20136,Kolkata,Delhi,1500,E-commerce Parcels,1.06,8,normal
C20137,Bengaluru,Delhi,2150,Pharma,5.47,17,normal
C20138,Bengaluru,Hyderabad,570,E-commerce Parcels,1.08,0,same_day
C20139,Hyderabad,Chennai,630,Furniture,0.55,4,normal
C20140,Ahmedabad,Jaipur,670,Textiles,1.9,5,normal
C20141,Mumbai,Ahmedabad,530,Furniture,2.37,23,normal
C20142,Ahmedabad,Mumbai,530,FMCG,2.01,23,same_day
C20143,Bengaluru,Chennai,350,Electronics,0.9,20,normal
C20144,Mumbai,Delhi,1400,Textiles,4.95,20,normal
C20145,Delhi,Kolkata,1500,E-commerce Parcels,0.31,18,urgent
C20146,Mumbai,Pune,150,Textiles,0.93,23,normal
C20147,Delhi,Mumbai,1400,E-commerce Parcels,1.06,8,normal
C20148,Delhi,Lucknow,550,Furniture,0.76,4,normal
C20149,Hyderabad,Chennai,630,Furniture,0.25,23,normal
C20150,Mumbai,Pune,150,FMCG,0.21,3,same_day
C20151,Chennai,Hyderabad,630,Auto Parts,2.73,5,normal
C20152,Kolkata,Delhi,1500,E-commerce Parcels,2.79,4,normal
C20153,Jaipur,Ahmedabad,670,Pharma,3.4,6,same_day
C20154,Mumbai,Delhi,1400,Pharma,0.85,23,normal
C20155,Mumbai,Ahmedabad,530,Pharma,1.81,20,urgent
C20156,Delhi,Mumbai,1400,Textiles,0.75,7,normal
C20157,Lucknow,Delhi,550,Textiles,0.51,5,normal
C20158,Kolkata,Bhubaneswar,440,FMCG,3.51,15,normal
C20159,Hyderabad,Bengaluru,570,FMCG,0.4,16,same_day
C20160,Delhi,Lucknow,550,FMCG,1.6,21,normal
C20161,Jaipur,Ahmedabad,670,Textiles,0.3,4,normal
C20162,Bengaluru,Mumbai,980,Industrial Goods,3.72,10,urgent
C20163,Mumbai,Bengaluru,980,Industrial Goods,5.7,0,normal
C20164,Bengaluru,Chennai,350,Industrial Goods,2.5,11,normal
C20165,Chennai,Hyderabad,630,Industrial Goods,0.4,11,normal
C20166,Hyderabad,Bengaluru,570,Industrial Goods,0.81,8,same_day
C20167,Chennai,Hyderabad,630,Industrial Goods,2.59,3,same_day
C20168,Delhi,Bengaluru,2150,Textiles,1.85,2,normal
C20169,Ahmedabad,Mumbai,530,Pharma,4.07,20,urgent
C20170,Mumbai,Pune,150,FMCG,4.79,9,urgent
C20171,Bhubaneswar,Kolkata,440,Electronics,0.28,11,normal
C20172,Ahmedabad,Jaipur,670,Textiles,3.49,5,normal
C20173,Jaipur,Ahmedabad,670,Auto Parts,0.21,0,normal
C20174,Ahmedabad,Mumbai,530,Furniture,3.91,2,normal
C20175,Delhi,Lucknow,550,Electronics,1.73,11,normal
C20176,Mumbai,Delhi,1400,FMCG,2.75,6,normal
C20177,Delhi,Bengaluru,2150,Electronics,7.48,9,normal
C20178,Bengaluru,Delhi,2150,FMCG,0.32,7,same_day
C20179,Delhi,Jaipur,280,Pharma,0.79,6,normal
C20180,Lucknow,Delhi,550,Furniture,3.83,9,normal
C20181,Mumbai,Delhi,1400,Textiles,1.54,0,urgent
C20182,Delhi,Bengaluru,2150,Furniture,1.16,19,same_day
C20183,Lucknow,Delhi,550,Industrial Goods,2.27,18,normal
C20184,Chennai,Hyderabad,630,Textiles,0.62,0,normal
C20185,Hyderabad,Bengaluru,570,E-commerce Parcels,2.04,5,normal
C20186,Bengaluru,Chennai,350,Auto Parts,0.23,14,same_day
C20187,Kolkata,Bhubaneswar,440,Textiles,1.06,9,normal
C20188,Jaipur,Ahmedabad,670,Textiles,0.34,11,normal
C20189,Bhubaneswar,Kolkata,440,Auto Parts,1.26,17,normal
C20190,Mumbai,Pune,150,Textiles,0.54,19,normal
C20191,Delhi,Bengaluru,2150,Pharma,1.86,1,normal
C20192,Mumbai,Ahmedabad,530,E-commerce Parcels,5.88,13,same_day
C20193,Bengaluru,Chennai,350,E-commerce Parcels,1.19,18,normal
C20194,Delhi,Mumbai,1400,Electronics,0.73,21,normal
C20195,Jaipur,Ahmedabad,670,Furniture,2.83,0,normal
C20196,Mumbai,Bengaluru,980,Pharma,0.44,23,normal
C20197,Delhi,Kolkata,1500,Electronics,0.73,0,normal
C20198,Delhi,Lucknow,550,Auto Parts,0.59,20,normal
C20199,Mumbai,Delhi,1400,E-commerce Parcels,1.27,13,normal
C20200,Ahmedabad,Jaipur,670,Textiles,0.26,23,normal
C20201,Jaipur,Ahmedabad,670,E-commerce Parcels,2.99,7,normal
C20202,Mumbai,Pune,150,FMCG,2.43,14,normal
C20203,Bhubaneswar,Kolkata,440,Furniture,0.45,9,normal
C20204,Mumbai,Pune,150,FMCG,5.71,16,normal
C20205,Kolkata,Delhi,1500,Textiles,2.69,10,normal
C20206,Bengaluru,Chennai,350,Auto Parts,2.0,11,normal
C20207,Delhi,Kolkata,1500,FMCG,0.43,8,normal
C20208,Bengaluru,Hyderabad,570,Industrial Goods,0.26,0,same_day
C20209,Ahmedabad,Mumbai,530,Textiles,2.41,21,normal
C20210,Mumbai,Pune,150,E-commerce Parcels,1.74,9,normal
C20211,Bengaluru,Delhi,2150,FMCG,1.8,23,normal
C20212,Bengaluru,Hyderabad,570,Pharma,3.96,7,normal
C20213,Delhi,Kolkata,1500,Industrial Goods,0.78,16,normal
C20214,Pune,Mumbai,150,FMCG,1.44,23,same_day
C20215,Delhi,Jaipur,280,Textiles,0.54,21,normal
C20216,Chennai,Bengaluru,350,Pharma,0.87,17,same_day
C20217,Mumbai,Bengaluru,980,Auto Parts,0.2,0,normal
C20218,Jaipur,Delhi,280,FMCG,1.33,4,normal
C20219,Chennai,Hyderabad,630,Industrial Goods,3.06,11,normal
C20220,Hyderabad,Chennai,630,Industrial Goods,0.37,13,normal
C20221,Delhi,Kolkata,1500,E-commerce Parcels,0.67,13,normal
C20222,Delhi,Jaipur,280,Textiles,2.66,0,normal
C20223,Chennai,Bengaluru,350,Auto Parts,0.23,0,normal
C20224,Hyderabad,Chennai,630,Electronics,0.8,2,normal
C20225,Kolkata,Bhubaneswar,440,Electronics,0.26,5,same_day
C20226,Bengaluru,Chennai,350,FMCG,0.77,1,normal
C20227,Kolkata,Bhubaneswar,440,FMCG,1.17,13,normal
C20228,Kolkata,Delhi,1500,Textiles,1.97,21,urgent
C20229,Pune,Mumbai,150,E-commerce Parcels,1.09,16,urgent
C20230,Jaipur,Ahmedabad,670,Auto Parts,1.54,13,urgent
C20231,Ahmedabad,Mumbai,530,Industrial Goods,1.54,11,normal
C20232,Delhi,Mumbai,1400,Textiles,0.21,2,normal
C20233,Chennai,Hyderabad,630,Electronics,0.69,12,normal
C20234,Ahmedabad,Jaipur,670,Furniture,1.37,19,normal
C20235,Mumbai,Ahmedabad,530,FMCG,1.77,11,same_day
C20236,Bengaluru,Chennai,350,Electronics,0.92,20,same_day
C20237,Delhi,Mumbai,1400,Textiles,0.97,6,normal
C20238,Mumbai,Pune,150,Textiles,6.12,22,normal
C20239,Bengaluru,Hyderabad,570,E-commerce Parcels,6.08,6,urgent
C20240,Mumbai,Bengaluru,980,Industrial Goods,0.54,7,normal
C20241,Bengaluru,Delhi,2150,FMCG,0.24,10,same_day
C20242,Pune,Mumbai,150,Electronics,0.41,5,normal
C20243,Mumbai,Bengaluru,980,Textiles,3.66,6,normal
C20244,Mumbai,Ahmedabad,530,Textiles,0.28,11,normal
C20245,Bengaluru,Chennai,350,Pharma,0.73,14,normal
C20246,Jaipur,Ahmedabad,670,Furniture,0.84,21,urgent
C20247,Ahmedabad,Jaipur,670,Textiles,7.67,1,same_day
C20248,Mumbai,Ahmedabad,530,Furniture,1.11,16,normal
C20249,Chennai,Hyderabad,630,Electronics,0.33,10,normal
C20250,Bengaluru,Chennai,350,Furniture,0.68,19,same_day
C20251,Chennai,Hyderabad,630,Industrial Goods,3.54,11,same_day
C20252,Delhi,Mumbai,1400,E-commerce Parcels,1.78,3,normal
C20253,Lucknow,Delhi,550,Textiles,1.28,22,normal
C20254,Kolkata,Delhi,1500,Auto Parts,2.99,0,same_day
C20255,Mumbai,Pune,150,Furniture,0.57,9,normal
C20256,Bengaluru,Hyderabad,570,Electronics,0.48,19,normal
C20257,Bhubaneswar,Kolkata,440,Textiles,2.35,12,normal
C20258,Delhi,Bengaluru,2150,Electronics,1.06,11,normal
C20259,Jaipur,Delhi,280,E-commerce Parcels,0.2,3,normal
C20260,Chennai,Bengaluru,350,Textiles,0.81,1,normal
C20261,Delhi,Kolkata,1500,Textiles,3.2,11,normal
C20262,Lucknow,Delhi,550,E-commerce Parcels,0.85,11,normal
C20263,Hyderabad,Bengaluru,570,FMCG,2.22,20,normal
C20264,Bengaluru,Delhi,2150,Electronics,4.16,14,normal
C20265,Kolkata,Delhi,1500,Textiles,1.43,22,normal
C20266,Mumbai,Pune,150,Electronics,0.25,14,normal
C20267,Bengaluru,Hyderabad,570,FMCG,5.49,21,normal
C20268,Chennai,Hyderabad,630,Textiles,6.98,7,same_day
C20269,Mumbai,Delhi,1400,FMCG,3.98,4,same_day
C20270,Hyderabad,Chennai,630,Pharma,2.09,23,normal
C20271,Mumbai,Pune,150,Industrial Goods,0.56,21,same_day
C20272,Chennai,Hyderabad,630,Industrial Goods,1.23,16,normal
C20273,Hyderabad,Chennai,630,Industrial Goods,0.39,20,urgent
C20274,Ahmedabad,Jaipur,670,Pharma,1.39,17,normal
C20275,Delhi,Mumbai,1400,Furniture,0.46,1,same_day
C20276,Pune,Mumbai,150,FMCG,4.33,23,normal
C20277,Hyderabad,Bengaluru,570,Auto Parts,2.48,11,normal
C20278,Chennai,Bengaluru,350,Pharma,3.61,14,normal
C20279,Delhi,Jaipur,280,Auto Parts,0.45,23,normal
C20280,Mumbai,Delhi,1400,Textiles,3.61,16,urgent
C20281,Lucknow,Delhi,550,FMCG,0.62,7,normal
C20282,Lucknow,Delhi,550,Industrial Goods,6.74,3,normal
C20283,Mumbai,Pune,150,Auto Parts,3.23,23,normal
C20284,Ahmedabad,Jaipur,670,Electronics,2.33,16,same_day
C20285,Ahmedabad,Jaipur,670,Textiles,0.56,22,same_day
C20286,Kolkata,Bhubaneswar,440,Pharma,1.81,19,normal
C20287,Lucknow,Delhi,550,Textiles,0.36,1,normal
C20288,Mumbai,Pune,150,Furniture,2.57,2,urgent
C20289,Jaipur,Ahmedabad,670,Auto Parts,2.67,11,same_day
C20290,Chennai,Hyderabad,630,Auto Parts,0.51,14,normal
C20291,Mumbai,Ahmedabad,530,Pharma,0.46,17,urgent
C20292,Hyderabad,Chennai,630,Furniture,0.35,23,normal
C20293,Kolkata,Delhi,1500,Auto Parts,1.06,19,normal
C20294,Delhi,Jaipur,280,FMCG,6.05,9,same_day
C20295,Mumbai,Ahmedabad,530,Electronics,4.98,17,normal
C20296,Hyderabad,Bengaluru,570,FMCG,2.63,0,normal
C20297,Delhi,Bengaluru,2150,E-commerce Parcels,4.33,19,normal
C20298,Bhubaneswar,Kolkata,440,Furniture,0.96,1,normal
C20299,Lucknow,Delhi,550,Electronics,0.71,10,normal
C20300,Delhi,Bengaluru,2150,Industrial Goods,0.22,11,normal
C20301,Bengaluru,Delhi,2150,FMCG,1.11,8,same_day
C20302,Delhi,Mumbai,1400,Furniture,0.86,17,same_day
C20303,Mumbai,Pune,150,Industrial Goods,0.37,22,urgent
C20304,Bengaluru,Chennai,350,Auto Parts,0.28,1,same_day
C20305,Bengaluru,Mumbai,980,Electronics,1.34,17,normal
C20306,Ahmedabad,Jaipur,670,Electronics,5.08,5,same_day
C20307,Bengaluru,Chennai,350,FMCG,2.95,0,normal
C20308,Mumbai,Delhi,1400,Electronics,6.04,10,normal
C20309,Jaipur,Ahmedabad,670,Industrial Goods,0.41,17,normal
C20310,Mumbai,Delhi,1400,Pharma,2.64,15,normal
C20311,Mumbai,Pune,150,E-commerce Parcels,0.23,20,normal
C20312,Pune,Mumbai,150,Industrial Goods,1.69,23,normal
C20313,Mumbai,Delhi,1400,Auto Parts,3.91,15,normal
C20314,Jaipur,Delhi,280,Industrial Goods,0.46,12,normal
C20315,Bengaluru,Delhi,2150,Industrial Goods,4.43,19,normal
C20316,Delhi,Bengaluru,2150,E-commerce Parcels,3.51,16,normal
C20317,Delhi,Mumbai,1400,Pharma,2.95,0,normal
C20318,Chennai,Hyderabad,630,Pharma,1.57,3,normal
C20319,Delhi,Bengaluru,2150,Furniture,0.66,15,normal
C20320,Chennai,Hyderabad,630,Furniture,0.45,2,same_day
C20321,Mumbai,Delhi,1400,FMCG,0.59,4,normal
C20322,Ahmedabad,Jaipur,670,FMCG,0.36,21,normal
C20323,Bengaluru,Chennai,350,Pharma,1.08,17,normal
C20324,Delhi,Bengaluru,2150,Auto Parts,2.26,13,normal
C20325,Kolkata,Bhubaneswar,440,Pharma,1.22,6,normal
C20326,Kolkata,Delhi,1500,FMCG,1.31,13,normal
C20327,Chennai,Bengaluru,350,Pharma,1.0,4,normal
C20328,Mumbai,Bengaluru,980,FMCG,3.47,2,normal
C20329,Bengaluru,Chennai,350,Pharma,0.58,13,normal
C20330,Mumbai,Bengaluru,980,E-commerce Parcels,0.99,23,normal
C20331,Lucknow,Delhi,550,Electronics,5.39,18,normal
C20332,Jaipur,Ahmedabad,670,Industrial Goods,1.8,9,normal
C20333,Ahmedabad,Jaipur,670,Industrial Goods,4.34,17,same_day
C20334,Jaipur,Ahmedabad,670,Electronics,0.67,15,normal
C20335,Bhubaneswar,Kolkata,440,Electronics,7.65,8,same_day
C20336,Bengaluru,Delhi,2150,Textiles,1.75,13,normal
C20337,Bengaluru,Chennai,350,Textiles,1.72,0,normal
C20338,Bhubaneswar,Kolkata,440,Electronics,0.98,8,urgent
C20339,Hyderabad,Chennai,630,Furniture,1.29,12,normal
C20340,Ahmedabad,Mumbai,530,FMCG,1.59,3,normal
C20341,Mumbai,Bengaluru,980,E-commerce Parcels,0.61,3,normal
C20342,Mumbai,Pune,150,Auto Parts,2.42,16,same_day
C20343,Delhi,Lucknow,550,E-commerce Parcels,1.9,4,same_day
C20344,Delhi,Kolkata,1500,Auto Parts,0.6,16,normal
C20345,Delhi,Jaipur,280,E-commerce Parcels,0.63,6,normal
C20346,Delhi,Kolkata,1500,Electronics,0.3,11,same_day
C20347,Bhubaneswar,Kolkata,440,FMCG,3.91,15,normal
C20348,Jaipur,Ahmedabad,670,Electronics,5.78,15,same_day
C20349,Delhi,Kolkata,1500,Furniture,3.13,10,normal
C20350,Hyderabad,Chennai,630,Textiles,1.57,9,normal
C20351,Pune,Mumbai,150,Furniture,0.59,12,normal
C20352,Bhubaneswar,Kolkata,440,Auto Parts,0.41,0,normal
C20353,Bengaluru,Mumbai,980,E-commerce Parcels,1.26,7,normal
C20354,Kolkata,Bhubaneswar,440,Textiles,1.83,1,normal
C20355,Bengaluru,Hyderabad,570,Auto Parts,4.52,23,normal
C20356,Mumbai,Delhi,1400,Industrial Goods,6.74,15,normal
C20357,Bengaluru,Hyderabad,570,E-commerce Parcels,0.45,13,normal
C20358,Mumbai,Pune,150,Textiles,1.02,20,normal
C20359,Chennai,Hyderabad,630,E-commerce Parcels,4.19,10,urgent
C20360,Mumbai,Ahmedabad,530,Auto Parts,0.38,1,normal
C20361,Chennai,Bengaluru,350,Auto Parts,2.34,21,normal
C20362,Ahmedabad,Mumbai,530,Electronics,0.62,14,urgent
C20363,Jaipur,Delhi,280,Auto Parts,6.82,22,normal
C20364,Delhi,Kolkata,1500,Auto Parts,1.3,17,normal
C20365,Kolkata,Bhubaneswar,440,Electronics,1.69,0,urgent
C20366,Bengaluru,Chennai,350,Furniture,0.84,10,same_day
C20367,Mumbai,Ahmedabad,530,Furniture,1.78,3,same_day
C20368,Chennai,Hyderabad,630,Furniture,3.66,3,normal
C20369,Mumbai,Delhi,1400,Textiles,0.41,4,normal
C20370,Kolkata,Bhubaneswar,440,Furniture,2.02,6,normal
C20371,Kolkata,Bhubaneswar,440,Electronics,1.71,4,same_day
C20372,Bengaluru,Delhi,2150,E-commerce Parcels,0.7,8,normal
C20373,Bengaluru,Hyderabad,570,Furniture,0.25,9,normal
C20374,Bengaluru,Hyderabad,570,E-commerce Parcels,4.58,23,normal
C20375,Delhi,Jaipur,280,Furniture,5.81,5,normal
C20376,Kolkata,Bhubaneswar,440,Textiles,1.93,19,same_day
C20377,Bhubaneswar,Kolkata,440,E-commerce Parcels,4.09,15,normal
C20378,Bengaluru,Mumbai,980,Auto Parts,3.37,2,normal
C20379,Delhi,Bengaluru,2150,FMCG,0.48,8,normal
C20380,Mumbai,Bengaluru,980,Textiles,4.74,18,normal
C20381,Hyderabad,Chennai,630,Industrial Goods,0.28,5,same_day
C20382,Mumbai,Ahmedabad,530,Textiles,1.62,5,normal
C20383,Bengaluru,Hyderabad,570,Textiles,1.86,19,normal
C20384,Ahmedabad,Jaipur,670,Pharma,0.82,15,same_day
C20385,Ahmedabad,Jaipur,670,Textiles,1.42,4,normal
C20386,Mumbai,Delhi,1400,Electronics,7.56,9,normal
C20387,Ahmedabad,Jaipur,670,Furniture,1.72,16,normal
C20388,Hyderabad,Bengaluru,570,Electronics,1.19,19,normal
C20389,Jaipur,Delhi,280,E-commerce Parcels,6.16,21,urgent
C20390,Mumbai,Delhi,1400,Furniture,0.98,0,normal
C20391,Mumbai,Bengaluru,980,Industrial Goods,1.5,20,urgent
C20392,Mumbai,Ahmedabad,530,Furniture,0.78,7,normal
C20393,Delhi,Bengaluru,2150,Pharma,0.43,0,normal
C20394,Ahmedabad,Mumbai,530,E-commerce Parcels,1.14,11,normal
C20395,Jaipur,Delhi,280,Industrial Goods,2.83,9,normal
C20396,Lucknow,Delhi,550,Furniture,2.35,14,normal
C20397,Delhi,Jaipur,280,Industrial Goods,0.7,18,same_day
C20398,Mumbai,Delhi,1400,FMCG,0.21,20,normal
C20399,Bengaluru,Mumbai,980,Textiles,0.44,6,normal
C20400,Mumbai,Pune,150,Textiles,0.2,10,normal
C20401,Bhubaneswar,Kolkata,440,Electronics,5.06,4,same_day
C20402,Jaipur,Delhi,280,Industrial Goods,0.21,6,normal
C20403,Mumbai,Pune,150,Auto Parts,1.54,18,same_day
C20404,Hyderabad,Bengaluru,570,E-commerce Parcels,0.8,14,normal
C20405,Bengaluru,Mumbai,980,Auto Parts,0.73,9,normal
C20406,Delhi,Lucknow,550,E-commerce Parcels,3.2,7,normal
C20407,Delhi,Jaipur,280,Pharma,1.66,21,normal
C20408,Chennai,Bengaluru,350,Electronics,0.67,10,same_day
C20409,Delhi,Bengaluru,2150,Industrial Goods,0.84,23,same_day
C20410,Jaipur,Delhi,280,Electronics,0.91,21,normal
C20411,Chennai,Bengaluru,350,Auto Parts,1.6,13,normal
C20412,Chennai,Bengaluru,350,Pharma,3.92,14,normal
C20413,Bengaluru,Chennai,350,Industrial Goods,6.38,3,same_day
C20414,Ahmedabad,Mumbai,530,Furniture,0.54,11,normal
C20415,Kolkata,Delhi,1500,Electronics,1.59,13,normal
C20416,Delhi,Mumbai,1400,E-commerce Parcels,5.14,5,urgent
C20417,Kolkata,Bhubaneswar,440,Textiles,2.13,17,normal
C20418,Delhi,Lucknow,550,Auto Parts,0.34,14,same_day
C20419,Bengaluru,Delhi,2150,Furniture,1.22,13,same_day
C20420,Hyderabad,Bengaluru,570,E-commerce Parcels,0.99,15,normal
C20421,Jaipur,Ahmedabad,670,Auto Parts,0.45,1,normal
C20422,Hyderabad,Chennai,630,Auto Parts,0.26,18,normal
C20423,Mumbai,Delhi,1400,E-commerce Parcels,0.96,11,normal
C20424,Jaipur,Delhi,280,E-commerce Parcels,2.11,2,normal
C20425,Bengaluru,Delhi,2150,Furniture,1.37,8,urgent
C20426,Ahmedabad,Jaipur,670,Electronics,0.53,3,normal
C20427,Mumbai,Delhi,1400,Industrial Goods,1.4,9,urgent
C20428,Mumbai,Delhi,1400,Auto Parts,0.56,1,urgent
C20429,Bengaluru,Mumbai,980,FMCG,3.8,1,urgent
C20430,Jaipur,Ahmedabad,670,FMCG,6.23,9,normal
C20431,Delhi,Jaipur,280,Electronics,1.36,7,normal
C20432,Jaipur,Ahmedabad,670,Textiles,4.91,23,normal
C20433,Delhi,Bengaluru,2150,FMCG,2.91,13,same_day
C20434,Bengaluru,Chennai,350,Industrial Goods,0.97,4,same_day
C20435,Chennai,Bengaluru,350,Auto Parts,1.58,5,normal
C20436,Kolkata,Bhubaneswar,440,Auto Parts,0.24,12,normal
C20437,Jaipur,Delhi,280,Pharma,0.91,13,normal
C20438,Pune,Mumbai,150,Furniture,2.94,22,normal
C20439,Mumbai,Delhi,1400,Industrial Goods,2.47,0,normal
C20440,Delhi,Kolkata,1500,Pharma,1.53,8,normal
C20441,Bhubaneswar,Kolkata,440,E-commerce Parcels,0.89,10,normal
C20442,Delhi,Kolkata,1500,Industrial Goods,1.51,20,normal
C20443,Mumbai,Ahmedabad,530,Electronics,1.57,0,same_day
C20444,Mumbai,Bengaluru,980,Pharma,0.88,17,same_day
C20445,Delhi,Jaipur,280,FMCG,0.31,15,normal
C20446,Delhi,Lucknow,550,Textiles,1.48,6,normal
C20447,Hyderabad,Chennai,630,FMCG,1.46,11,urgent
C20448,Pune,Mumbai,150,Furniture,2.35,13,normal
C20449,Mumbai,Bengaluru,980,FMCG,1.78,7,normal
C20450,Chennai,Bengaluru,350,Auto Parts,1.51,21,normal
C20451,Delhi,Jaipur,280,Electronics,5.67,17,normal
C20452,Mumbai,Pune,150,Auto Parts,0.76,0,normal
C20453,Ahmedabad,Mumbai,530,E-commerce Parcels,7.05,13,same_day
C20454,Mumbai,Delhi,1400,FMCG,0.6,13,normal
C20455,Bengaluru,Chennai,350,FMCG,6.43,10,same_day
C20456,Delhi,Jaipur,280,Electronics,0.24,2,normal
C20457,Bhubaneswar,Kolkata,440,FMCG,3.02,23,same_day
C20458,Mumbai,Bengaluru,980,Industrial Goods,1.02,5,normal
C20459,Chennai,Hyderabad,630,FMCG,0.3,11,urgent
C20460,Chennai,Hyderabad,630,E-commerce Parcels,1.82,20,normal
C20461,Delhi,Lucknow,550,Electronics,1.27,12,normal
C20462,Bengaluru,Chennai,350,Auto Parts,0.52,22,normal
C20463,Bengaluru,Chennai,350,E-commerce Parcels,0.51,3,normal
C20464,Mumbai,Delhi,1400,FMCG,2.71,7,normal
C20465,Pune,Mumbai,150,Furniture,0.32,22,normal
C20466,Mumbai,Delhi,1400,Industrial Goods,0.83,2,normal
C20467,Mumbai,Bengaluru,980,Textiles,1.45,13,normal
C20468,Delhi,Jaipur,280,Textiles,0.37,11,normal
C20469,Delhi,Bengaluru,2150,FMCG,1.57,21,normal
C20470,Kolkata,Bhubaneswar,440,E-commerce Parcels,7.55,3,normal
C20471,Hyderabad,Chennai,630,Furniture,1.0,14,normal
C20472,Bengaluru,Hyderabad,570,Furniture,2.77,13,same_day
C20473,Mumbai,Pune,150,E-commerce Parcels,0.33,11,same_day
C20474,Bengaluru,Delhi,2150,Electronics,0.39,9,normal
C20475,Bengaluru,Hyderabad,570,Textiles,0.53,15,normal
C20476,Bhubaneswar,Kolkata,440,Pharma,3.04,7,normal
C20477,Bengaluru,Chennai,350,FMCG,0.47,10,same_day
C20478,Bhubaneswar,Kolkata,440,Pharma,5.28,1,normal
C20479,Bengaluru,Chennai,350,Furniture,4.42,21,normal
C20480,Mumbai,Pune,150,Auto Parts,0.39,21,normal
C20481,Hyderabad,Chennai,630,Industrial Goods,0.65,17,normal
C20482,Mumbai,Ahmedabad,530,Electronics,1.95,14,normal
C20483,Bengaluru,Delhi,2150,FMCG,0.8,0,same_day
C20484,Delhi,Jaipur,280,Industrial Goods,1.25,3,same_day
C20485,Bengaluru,Hyderabad,570,Pharma,1.15,3,urgent
C20486,Delhi,Mumbai,1400,Electronics,0.44,0,normal
C20487,Lucknow,Delhi,550,Furniture,4.63,18,normal
C20488,Mumbai,Pune,150,E-commerce Parcels,0.5,17,normal
C20489,Hyderabad,Bengaluru,570,Electronics,1.26,2,normal
C20490,Kolkata,Delhi,1500,Electronics,1.46,7,normal
C20491,Kolkata,Delhi,1500,Electronics,1.18,17,normal
C20492,Delhi,Kolkata,1500,FMCG,3.05,13,same_day
C20493,Delhi,Kolkata,1500,FMCG,5.88,6,normal
C20494,Delhi,Jaipur,280,Industrial Goods,1.45,23,normal
C20495,Jaipur,Delhi,280,Furniture,1.06,15,normal
C20496,Kolkata,Bhubaneswar,440,Furniture,1.38,10,normal
C20497,Mumbai,Ahmedabad,530,Textiles,1.13,8,normal
C20498,Lucknow,Delhi,550,FMCG,1.4,22,same_day
C20499,Chennai,Bengaluru,350,Textiles,3.16,2,normal
C20500,Ahmedabad,Jaipur,670,FMCG,0.34,11,same_day
C20501,Bengaluru,Mumbai,980,Industrial Goods,7.89,17,same_day
C20502,Mumbai,Pune,150,Auto Parts,4.59,23,same_day
C20503,Mumbai,Ahmedabad,530,Furniture,0.48,11,normal
C20504,Delhi,Jaipur,280,Electronics,0.65,13,same_day
C20505,Mumbai,Bengaluru,980,E-commerce Parcels,0.59,15,urgent
C20506,Ahmedabad,Jaipur,670,Textiles,1.63,1,urgent
C20507,Hyderabad,Bengaluru,570,E-commerce Parcels,1.92,23,normal
C20508,Delhi,Bengaluru,2150,Furniture,6.25,5,normal
C20509,Hyderabad,Chennai,630,Textiles,4.9,15,normal
C20510,Delhi,Kolkata,1500,Electronics,7.18,20,normal
C20511,Bengaluru,Hyderabad,570,Furniture,0.31,16,normal
C20512,Delhi,Lucknow,550,E-commerce Parcels,0.87,13,normal
C20513,Hyderabad,Bengaluru,570,Auto Parts,1.84,2,normal
C20514,Chennai,Bengaluru,350,E-commerce Parcels,4.5,7,urgent
C20515,Kolkata,Delhi,1500,Pharma,1.95,14,normal
C20516,Mumbai,Delhi,1400,Textiles,5.43,21,normal
C20517,Bengaluru,Mumbai,980,Industrial Goods,2.73,4,normal
C20518,Delhi,Mumbai,1400,Furniture,1.12,23,normal
C20519,Bengaluru,Delhi,2150,FMCG,2.66,20,normal
C20520,Ahmedabad,Jaipur,670,Furniture,0.38,14,normal
C20521,Kolkata,Delhi,1500,Auto Parts,0.81,0,same_day
C20522,Lucknow,Delhi,550,Textiles,1.72,0,normal
C20523,Lucknow,Delhi,550,Textiles,0.67,8,normal
C20524,Hyderabad,Chennai,630,Auto Parts,0.35,5,same_day
C20525,Bhubaneswar,Kolkata,440,Furniture,0.48,17,normal
C20526,Bengaluru,Delhi,2150,Furniture,0.68,10,normal
C20527,Bengaluru,Delhi,2150,Pharma,0.83,19,same_day
C20528,Kolkata,Bhubaneswar,440,Textiles,0.38,8,same_day
C20529,Chennai,Hyderabad,630,Textiles,4.83,7,normal
C20530,Chennai,Bengaluru,350,Pharma,0.7,22,normal
C20531,Bhubaneswar,Kolkata,440,Auto Parts,3.42,23,normal
C20532,Delhi,Bengaluru,2150,Auto Parts,0.23,0,same_day
C20533,Mumbai,Pune,150,FMCG,0.47,19,normal
C20534,Mumbai,Pune,150,Industrial Goods,5.5,17,same_day
C20535,Mumbai,Bengaluru,980,Pharma,5.09,11,same_day
C20536,Delhi,Kolkata,1500,Industrial Goods,0.88,8,normal
C20537,Ahmedabad,Mumbai,530,FMCG,0.41,14,normal
C20538,Pune,Mumbai,150,FMCG,5.07,6,normal
C20539,Jaipur,Delhi,280,Pharma,1.62,19,normal
C20540,Hyderabad,Bengaluru,570,Industrial Goods,0.37,0,same_day
C20541,Hyderabad,Bengaluru,570,Textiles,1.46,7,same_day
C20542,Pune,Mumbai,150,Pharma,1.96,18,normal
C20543,Bengaluru,Chennai,350,Auto Parts,0.76,22,normal
C20544,Delhi,Mumbai,1400,Pharma,0.23,7,normal
C20545,Mumbai,Bengaluru,980,Electronics,1.46,4,normal
C20546,Delhi,Jaipur,280,Pharma,4.59,8,normal
C20547,Delhi,Lucknow,550,FMCG,2.48,6,urgent
C20548,Delhi,Mumbai,1400,Industrial Goods,1.53,13,normal
C20549,Jaipur,Ahmedabad,670,Textiles,1.78,13,normal
C20550,Chennai,Bengaluru,350,Industrial Goods,2.43,0,normal
C20551,Delhi,Jaipur,280,Textiles,2.9,8,normal
C20552,Chennai,Bengaluru,350,E-commerce Parcels,0.43,2,normal
C20553,Mumbai,Ahmedabad,530,Industrial Goods,0.53,12,normal
C20554,Bengaluru,Mumbai,980,Textiles,1.14,0,same_day
C20555,Delhi,Bengaluru,2150,Furniture,4.85,23,normal
C20556,Chennai,Hyderabad,630,Industrial Goods,6.73,23,normal
C20557,Delhi,Lucknow,550,Textiles,4.93,17,normal
C20558,Kolkata,Delhi,1500,Industrial Goods,1.49,20,same_day
C20559,Bhubaneswar,Kolkata,440,Furniture,1.14,10,normal
C20560,Ahmedabad,Mumbai,530,Auto Parts,1.78,14,same_day
C20561,Kolkata,Bhubaneswar,440,E-commerce Parcels,1.41,18,normal
C20562,Bhubaneswar,Kolkata,440,Textiles,4.41,16,normal
C20563,Bengaluru,Hyderabad,570,Auto Parts,0.67,15,same_day
C20564,Delhi,Jaipur,280,Industrial Goods,0.75,18,normal
C20565,Bengaluru,Mumbai,980,Textiles,1.38,5,normal
C20566,Hyderabad,Chennai,630,E-commerce Parcels,1.26,5,normal
C20567,Ahmedabad,Mumbai,530,Industrial Goods,0.46,0,normal
C20568,Jaipur,Ahmedabad,670,Textiles,0.36,13,normal
C20569,Delhi,Jaipur,280,Furniture,3.2,8,normal
C20570,Lucknow,Delhi,550,Electronics,0.33,17,normal
C20571,Chennai,Bengaluru,350,Furniture,3.96,6,normal
C20572,Chennai,Bengaluru,350,Pharma,7.28,6,normal
C20573,Bengaluru,Delhi,2150,FMCG,0.71,11,urgent
C20574,Hyderabad,Chennai,630,Furniture,4.28,12,normal
C20575,Delhi,Jaipur,280,FMCG,1.37,7,same_day
C20576,Bengaluru,Delhi,2150,Textiles,2.64,18,normal
C20577,Jaipur,Ahmedabad,670,E-commerce Parcels,1.1,15,normal
C20578,Lucknow,Delhi,550,Furniture,0.85,10,normal
C20579,Pune,Mumbai,150,Electronics,5.03,7,normal
C20580,Mumbai,Pune,150,Electronics,0.23,1,normal
C20581,Kolkata,Delhi,1500,Electronics,1.02,5,same_day
C20582,Delhi,Mumbai,1400,Furniture,0.22,20,same_day
C20583,Delhi,Mumbai,1400,Auto Parts,0.58,18,normal
C20584,Mumbai,Bengaluru,980,Industrial Goods,0.53,0,normal
C20585,Bengaluru,Mumbai,980,Furniture,3.86,20,normal
C20586,Jaipur,Ahmedabad,670,Electronics,0.37,3,normal
C20587,Bengaluru,Mumbai,980,Electronics,1.85,14,urgent
C20588,Mumbai,Bengaluru,980,Auto Parts,0.42,6,normal
C20589,Delhi,Lucknow,550,Electronics,2.2,10,same_day
C20590,Delhi,Bengaluru,2150,FMCG,1.9,11,same_day
C20591,Chennai,Hyderabad,630,E-commerce Parcels,1.12,6,normal
C20592,Kolkata,Delhi,1500,Textiles,2.33,22,same_day
C20593,Pune,Mumbai,150,Auto Parts,1.45,23,normal
C20594,Bengaluru,Mumbai,980,Textiles,1.29,16,normal
C20595,Mumbai,Delhi,1400,Pharma,0.72,17,same_day
C20596,Delhi,Kolkata,1500,Pharma,0.81,7,same_day
C20597,Delhi,Jaipur,280,Textiles,3.24,11,normal
C20598,Chennai,Bengaluru,350,Textiles,0.79,20,normal
C20599,Delhi,Kolkata,1500,Auto Parts,0.23,5,normal
C20600,Delhi,Kolkata,1500,Furniture,0.74,4,same_day
C20601,Bhubaneswar,Kolkata,440,Electronics,4.08,6,normal
C20602,Hyderabad,Bengaluru,570,Auto Parts,2.04,0,same_day
C20603,Bengaluru,Mumbai,980,Pharma,0.59,3,normal
C20604,Jaipur,Delhi,280,Industrial Goods,7.37,3,normal
C20605,Delhi,Lucknow,550,Industrial Goods,3.26,2,normal
C20606,Mumbai,Bengaluru,980,FMCG,0.53,16,normal
C20607,Kolkata,Delhi,1500,Textiles,1.4,3,normal
C20608,Bengaluru,Hyderabad,570,Textiles,0.42,15,normal
C20609,Mumbai,Bengaluru,980,Auto Parts,1.62,12,normal
C20610,Hyderabad,Chennai,630,Electronics,1.66,18,urgent
C20611,Kolkata,Delhi,1500,Furniture,0.2,18,normal
C20612,Bengaluru,Mumbai,980,FMCG,0.38,20,normal
C20613,Ahmedabad,Jaipur,670,Industrial Goods,1.24,22,normal
C20614,Lucknow,Delhi,550,Industrial Goods,0.32,11,same_day
C20615,Delhi,Lucknow,550,Furniture,4.4,22,normal
C20616,Delhi,Mumbai,1400,Furniture,0.75,6,normal
C20617,Jaipur,Delhi,280,Electronics,0.21,18,normal
C20618,Delhi,Kolkata,1500,Electronics,2.01,3,normal
C20619,Bengaluru,Delhi,2150,Auto Parts,0.51,7,normal
C20620,Delhi,Jaipur,280,Furniture,1.61,20,normal
C20621,Delhi,Bengaluru,2150,Electronics,2.02,1,normal
C20622,Kolkata,Bhubaneswar,440,Textiles,2.79,11,normal
C20623,Ahmedabad,Jaipur,670,Furniture,3.66,12,normal
C20624,Chennai,Bengaluru,350,Industrial Goods,0.23,12,normal
C20625,Bengaluru,Hyderabad,570,Auto Parts,0.69,2,normal
C20626,Chennai,Hyderabad,630,FMCG,1.86,3,normal
C20627,Ahmedabad,Mumbai,530,Industrial Goods,4.48,9,normal
C20628,Bhubaneswar,Kolkata,440,Furniture,0.7,4,normal
C20629,Bengaluru,Chennai,350,Auto Parts,3.41,4,same_day
C20630,Bengaluru,Mumbai,980,Textiles,0.96,1,urgent
C20631,Jaipur,Delhi,280,Electronics,0.55,23,normal
C20632,Ahmedabad,Jaipur,670,Electronics,0.87,21,same_day
C20633,Mumbai,Delhi,1400,Textiles,0.58,12,normal
C20634,Hyderabad,Chennai,630,Pharma,0.46,21,same_day
C20635,Bengaluru,Delhi,2150,Electronics,2.11,23,urgent
C20636,Delhi,Bengaluru,2150,FMCG,0.84,0,normal
C20637,Ahmedabad,Jaipur,670,Furniture,0.78,19,normal
C20638,Bengaluru,Mumbai,980,Electronics,3.76,7,normal
C20639,Kolkata,Delhi,1500,FMCG,1.88,1,same_day
C20640,Delhi,Bengaluru,2150,Auto Parts,1.37,1,normal
C20641,Kolkata,Delhi,1500,Pharma,1.67,4,same_day
C20642,Bengaluru,Delhi,2150,FMCG,0.45,4,normal
C20643,Bengaluru,Delhi,2150,Pharma,0.57,9,normal
C20644,Mumbai,Delhi,1400,Furniture,3.08,19,normal
C20645,Hyderabad,Bengaluru,570,Furniture,0.75,11,normal
C20646,Delhi,Kolkata,1500,Furniture,1.93,15,same_day
C20647,Ahmedabad,Mumbai,530,FMCG,0.23,5,normal
C20648,Mumbai,Delhi,1400,Furniture,2.87,15,normal
C20649,Ahmedabad,Mumbai,530,Electronics,0.82,5,normal
C20650,Ahmedabad,Mumbai,530,Textiles,1.66,5,same_day
C20651,Lucknow,Delhi,550,E-commerce Parcels,4.41,12,normal
C20652,Jaipur,Ahmedabad,670,Industrial Goods,0.25,0,same_day
C20653,Ahmedabad,Jaipur,670,Auto Parts,3.11,12,same_day
C20654,Hyderabad,Chennai,630,Industrial Goods,2.46,8,normal
C20655,Kolkata,Bhubaneswar,440,E-commerce Parcels,7.78,10,normal
C20656,Bengaluru,Chennai,350,Pharma,0.62,9,same_day
C20657,Delhi,Kolkata,1500,Auto Parts,3.49,19,normal
C20658,Delhi,Bengaluru,2150,Industrial Goods,5.32,23,normal
C20659,Ahmedabad,Jaipur,670,Pharma,0.85,9,normal
C20660,Kolkata,Bhubaneswar,440,Auto Parts,0.33,11,normal
C20661,Lucknow,Delhi,550,Auto Parts,2.3,11,normal
C20662,Mumbai,Ahmedabad,530,Industrial Goods,7.67,7,normal
C20663,Delhi,Mumbai,1400,FMCG,6.11,22,normal
C20664,Mumbai,Bengaluru,980,Auto Parts,0.65,6,normal
C20665,Mumbai,Ahmedabad,530,Electronics,6.26,8,normal
C20666,Kolkata,Delhi,1500,FMCG,2.13,23,normal
C20667,Hyderabad,Bengaluru,570,FMCG,0.24,7,same_day
C20668,Pune,Mumbai,150,Electronics,2.38,9,normal
C20669,Bengaluru,Hyderabad,570,Furniture,1.14,4,normal
C20670,Mumbai,Ahmedabad,530,Textiles,3.1,21,normal
C20671,Mumbai,Pune,150,Electronics,1.83,19,normal
C20672,Hyderabad,Bengaluru,570,FMCG,2.78,5,normal
C20673,Mumbai,Bengaluru,980,Textiles,5.18,19,normal
C20674,Jaipur,Ahmedabad,670,Auto Parts,1.47,15,normal
C20675,Delhi,Kolkata,1500,Industrial Goods,0.33,20,same_day
C20676,Delhi,Lucknow,550,Electronics,1.76,22,normal
C20677,Lucknow,Delhi,550,Textiles,0.77,0,normal
C20678,Bengaluru,Delhi,2150,FMCG,2.71,18,normal
C20679,Jaipur,Delhi,280,E-commerce Parcels,1.39,0,normal
C20680,Kolkata,Delhi,1500,Textiles,0.87,22,normal
C20681,Bengaluru,Chennai,350,E-commerce Parcels,6.38,8,normal
C20682,Jaipur,Delhi,280,E-commerce Parcels,1.25,17,normal
C20683,Mumbai,Ahmedabad,530,Textiles,1.9,8,normal
C20684,Ahmedabad,Mumbai,530,Electronics,6.47,17,normal
C20685,Mumbai,Ahmedabad,530,Pharma,3.24,15,normal
C20686,Bengaluru,Mumbai,980,E-commerce Parcels,1.03,8,normal
C20687,Hyderabad,Bengaluru,570,Electronics,0.61,0,normal
C20688,Hyderabad,Chennai,630,E-commerce Parcels,2.5,14,normal
C20689,Jaipur,Delhi,280,Pharma,0.9,23,normal
C20690,Chennai,Hyderabad,630,Electronics,1.9,18,normal
C20691,Kolkata,Bhubaneswar,440,E-commerce Parcels,2.34,11,normal
C20692,Jaipur,Delhi,280,Industrial Goods,0.55,5,normal
C20693,Bengaluru,Hyderabad,570,Pharma,1.33,23,normal
C20694,Lucknow,Delhi,550,FMCG,2.97,16,normal
C20695,Kolkata,Delhi,1500,Auto Parts,0.22,7,normal
C20696,Chennai,Hyderabad,630,Textiles,0.8,5,normal
C20697,Bengaluru,Hyderabad,570,FMCG,0.86,3,same_day
C20698,Bhubaneswar,Kolkata,440,FMCG,2.39,5,normal
C20699,Mumbai,Delhi,1400,Auto Parts,1.28,13,same_day
C20700,Delhi,Bengaluru,2150,Auto Parts,2.0,2,same_day
C20701,Jaipur,Ahmedabad,670,Furniture,7.7,1,normal
C20702,Bhubaneswar,Kolkata,440,Electronics,1.05,13,normal
C20703,Mumbai,Bengaluru,980,E-commerce Parcels,1.51,22,normal
C20704,Pune,Mumbai,150,Industrial Goods,0.22,18,normal
C20705,Lucknow,Delhi,550,Industrial Goods,5.89,8,normal
C20706,Bengaluru,Delhi,2150,Furniture,3.4,14,normal
C20707,Mumbai,Bengaluru,980,Electronics,6.67,0,same_day
C20708,Delhi,Mumbai,1400,Textiles,0.81,10,urgent
C20709,Pune,Mumbai,150,E-commerce Parcels,1.1,16,same_day
C20710,Delhi,Kolkata,1500,Furniture,0.52,0,same_day
C20711,Bengaluru,Mumbai,980,Pharma,2.24,23,normal
C20712,Kolkata,Delhi,1500,Electronics,1.3,4,normal
C20713,Delhi,Lucknow,550,Textiles,2.43,9,normal
C20714,Ahmedabad,Mumbai,530,Textiles,6.51,23,normal
C20715,Jaipur,Delhi,280,Textiles,0.25,23,normal
C20716,Mumbai,Bengaluru,980,FMCG,1.1,23,normal
C20717,Bengaluru,Hyderabad,570,Textiles,3.82,7,normal
C20718,Jaipur,Delhi,280,Electronics,1.3,0,same_day
C20719,Mumbai,Bengaluru,980,Textiles,0.23,11,normal
C20720,Kolkata,Bhubaneswar,440,Textiles,0.48,10,same_day
C20721,Kolkata,Delhi,1500,Textiles,6.69,23,normal
C20722,Hyderabad,Chennai,630,Furniture,0.22,23,normal
C20723,Delhi,Bengaluru,2150,E-commerce Parcels,1.87,23,normal
C20724,Bengaluru,Chennai,350,Industrial Goods,2.28,19,urgent
C20725,Hyderabad,Bengaluru,570,Electronics,0.59,23,normal
C20726,Kolkata,Bhubaneswar,440,Electronics,4.0,21,normal
C20727,Chennai,Bengaluru,350,Furniture,1.09,19,normal
C20728,Hyderabad,Bengaluru,570,Pharma,0.78,14,urgent
C20729,Jaipur,Delhi,280,Pharma,5.83,15,same_day
C20730,Delhi,Bengaluru,2150,Electronics,0.97,11,normal
C20731,Kolkata,Bhubaneswar,440,Pharma,0.77,5,normal
C20732,Bengaluru,Hyderabad,570,Furniture,1.59,13,normal
C20733,Delhi,Kolkata,1500,Industrial Goods,2.39,10,normal
C20734,Kolkata,Delhi,1500,Furniture,0.35,20,normal
C20735,Bhubaneswar,Kolkata,440,Industrial Goods,1.82,14,normal
C20736,Bengaluru,Hyderabad,570,FMCG,1.33,2,normal
C20737,Lucknow,Delhi,550,E-commerce Parcels,2.9,15,normal
C20738,Lucknow,Delhi,550,E-commerce Parcels,0.45,6,normal
C20739,Delhi,Bengaluru,2150,Auto Parts,0.63,3,same_day
C20740,Hyderabad,Bengaluru,570,Furniture,6.85,18,normal
C20741,Lucknow,Delhi,550,Pharma,0.95,7,normal
C20742,Mumbai,Delhi,1400,Textiles,1.53,17,normal
C20743,Kolkata,Bhubaneswar,440,FMCG,1.9,11,normal
C20744,Lucknow,Delhi,550,E-commerce Parcels,0.89,23,same_day
C20745,Delhi,Lucknow,550,Auto Parts,0.4,14,same_day
C20746,Delhi,Bengaluru,2150,Furniture,1.25,8,normal
C20747,Hyderabad,Chennai,630,Electronics,1.44,0,normal
C20748,Lucknow,Delhi,550,Pharma,1.36,10,normal
C20749,Pune,Mumbai,150,Pharma,3.96,19,normal
C20750,Bengaluru,Hyderabad,570,E-commerce Parcels,1.4,4,same_day
C20751,Kolkata,Delhi,1500,Auto Parts,0.57,14,same_day
C20752,Lucknow,Delhi,550,Pharma,1.63,20,normal
C20753,Bengaluru,Hyderabad,570,Industrial Goods,1.15,0,normal
C20754,Bhubaneswar,Kolkata,440,Pharma,2.08,11,normal
C20755,Bengaluru,Hyderabad,570,Industrial Goods,2.93,18,urgent
C20756,Ahmedabad,Jaipur,670,FMCG,0.85,20,normal
C20757,Bhubaneswar,Kolkata,440,Industrial Goods,0.36,16,normal
C20758,Ahmedabad,Jaipur,670,E-commerce Parcels,1.09,19,normal
C20759,Kolkata,Delhi,1500,FMCG,2.16,4,same_day
C20760,Mumbai,Bengaluru,980,Electronics,6.06,18,normal
C20761,Ahmedabad,Jaipur,670,Furniture,0.51,21,normal
C20762,Jaipur,Ahmedabad,670,FMCG,7.94,2,normal
C20763,Ahmedabad,Mumbai,530,Furniture,0.83,21,normal
C20764,Kolkata,Bhubaneswar,440,FMCG,7.72,3,normal
C20765,Delhi,Kolkata,1500,FMCG,2.78,19,normal
C20766,Delhi,Mumbai,1400,Textiles,6.14,4,normal
C20767,Delhi,Jaipur,280,FMCG,0.75,5,same_day
C20768,Delhi,Kolkata,1500,Pharma,1.22,8,normal
C20769,Delhi,Lucknow,550,E-commerce Parcels,0.58,11,normal
C20770,Ahmedabad,Mumbai,530,E-commerce Parcels,2.5,14,urgent
C20771,Bengaluru,Mumbai,980,Electronics,5.41,21,normal
C20772,Delhi,Bengaluru,2150,E-commerce Parcels,4.2,2,normal
C20773,Jaipur,Ahmedabad,670,Textiles,1.25,23,urgent
C20774,Ahmedabad,Jaipur,670,FMCG,0.45,15,urgent
C20775,Mumbai,Bengaluru,980,Auto Parts,0.76,12,normal
C20776,Hyderabad,Chennai,630,Furniture,5.83,13,normal
C20777,Hyderabad,Chennai,630,Electronics,1.93,20,same_day
C20778,Bengaluru,Chennai,350,Textiles,0.81,23,normal
C20779,Delhi,Mumbai,1400,Auto Parts,0.39,5,urgent
C20780,Kolkata,Delhi,1500,Auto Parts,2.15,1,same_day
C20781,Delhi,Kolkata,1500,Auto Parts,4.32,18,normal
C20782,Bengaluru,Chennai,350,Auto Parts,2.23,21,normal
C20783,Bhubaneswar,Kolkata,440,Furniture,0.51,3,normal
C20784,Jaipur,Ahmedabad,670,E-commerce Parcels,5.24,12,normal
C20785,Bhubaneswar,Kolkata,440,FMCG,2.69,11,same_day
C20786,Ahmedabad,Mumbai,530,Pharma,0.3,16,urgent
C20787,Mumbai,Pune,150,E-commerce Parcels,0.66,23,normal
C20788,Mumbai,Ahmedabad,530,Furniture,0.74,16,normal
C20789,Bengaluru,Hyderabad,570,Industrial Goods,0.42,2,normal
C20790,Delhi,Kolkata,1500,Furniture,4.05,19,same_day
C20791,Jaipur,Ahmedabad,670,Textiles,0.39,4,normal
C20792,Bengaluru,Hyderabad,570,Industrial Goods,2.8,0,same_day
C20793,Chennai,Hyderabad,630,Pharma,3.73,0,normal
C20794,Ahmedabad,Mumbai,530,Electronics,5.13,20,normal
C20795,Mumbai,Delhi,1400,E-commerce Parcels,2.04,0,normal
C20796,Bhubaneswar,Kolkata,440,Pharma,0.69,13,normal
C20797,Chennai,Hyderabad,630,Pharma,2.99,6,normal
C20798,Bengaluru,Hyderabad,570,Electronics,1.27,13,normal
C20799,Pune,Mumbai,150,Pharma,1.22,19,urgent
C20800,Bengaluru,Chennai,350,Auto Parts,2.4,22,normal
C20801,Chennai,Hyderabad,630,FMCG,7.01,11,normal
C20802,Delhi,Kolkata,1500,Auto Parts,1.2,12,normal
C20803,Bengaluru,Delhi,2150,Industrial Goods,0.71,23,normal
C20804,Mumbai,Pune,150,Furniture,0.66,13,normal
C20805,Ahmedabad,Mumbai,530,Electronics,0.91,15,normal
C20806,Jaipur,Ahmedabad,670,Industrial Goods,2.68,4,same_day
C20807,Mumbai,Pune,150,Textiles,2.51,11,same_day
C20808,Hyderabad,Chennai,630,Furniture,0.89,2,normal
C20809,Chennai,Bengaluru,350,FMCG,1.69,18,normal
C20810,Bengaluru,Delhi,2150,E-commerce Parcels,0.96,3,normal
C20811,Delhi,Kolkata,1500,Pharma,0.98,20,normal
C20812,Bhubaneswar,Kolkata,440,Furniture,0.24,0,normal
C20813,Mumbai,Delhi,1400,Auto Parts,0.58,1,normal
C20814,Delhi,Bengaluru,2150,Pharma,1.88,14,normal
C20815,Ahmedabad,Jaipur,670,Electronics,0.25,13,normal
C20816,Delhi,Lucknow,550,Textiles,0.4,18,urgent
C20817,Delhi,Bengaluru,2150,E-commerce Parcels,0.29,11,normal
C20818,Mumbai,Bengaluru,980,Furniture,2.7,11,normal
C20819,Delhi,Kolkata,1500,Industrial Goods,0.88,11,normal
C20820,Delhi,Bengaluru,2150,Textiles,0.23,8,same_day
C20821,Kolkata,Delhi,1500,E-commerce Parcels,5.84,20,normal
C20822,Bengaluru,Mumbai,980,Pharma,4.63,16,same_day
C20823,Kolkata,Bhubaneswar,440,Industrial Goods,1.35,18,same_day
C20824,Lucknow,Delhi,550,Auto Parts,1.28,13,normal
C20825,Hyderabad,Bengaluru,570,Pharma,5.08,17,same_day
C20826,Delhi,Mumbai,1400,Electronics,0.52,0,normal
C20827,Jaipur,Delhi,280,Textiles,1.36,13,urgent
C20828,Chennai,Hyderabad,630,Furniture,2.21,17,same_day
C20829,Ahmedabad,Mumbai,530,Textiles,1.94,23,normal
C20830,Mumbai,Bengaluru,980,Electronics,0.92,9,urgent
C20831,Delhi,Lucknow,550,Pharma,1.67,2,normal
C20832,Mumbai,Bengaluru,980,Textiles,0.7,16,normal
C20833,Bengaluru,Delhi,2150,Furniture,3.52,10,normal
C20834,Chennai,Bengaluru,350,Electronics,3.44,2,urgent
C20835,Jaipur,Delhi,280,FMCG,3.16,9,normal
C20836,Chennai,Hyderabad,630,Furniture,1.53,0,normal
C20837,Delhi,Kolkata,1500,Auto Parts,3.98,0,urgent
C20838,Ahmedabad,Mumbai,530,Textiles,5.91,12,normal
C20839,Mumbai,Pune,150,E-commerce Parcels,0.72,4,normal
C20840,Chennai,Bengaluru,350,E-commerce Parcels,1.72,17,normal
C20841,Mumbai,Bengaluru,980,E-commerce Parcels,5.53,17,normal
C20842,Delhi,Mumbai,1400,Pharma,0.42,15,normal
C20843,Chennai,Hyderabad,630,Furniture,1.14,9,normal
C20844,Bengaluru,Hyderabad,570,E-commerce Parcels,0.64,19,normal
C20845,Chennai,Bengaluru,350,Industrial Goods,0.26,18,normal
C20846,Kolkata,Bhubaneswar,440,Furniture,7.69,15,normal
C20847,Delhi,Mumbai,1400,Electronics,0.67,13,normal
C20848,Chennai,Hyderabad,630,Pharma,0.61,17,normal
C20849,Mumbai,Bengaluru,980,Industrial Goods,2.38,3,normal
C20850,Hyderabad,Bengaluru,570,Furniture,1.73,20,normal
C20851,Delhi,Mumbai,1400,Pharma,1.66,2,same_day
C20852,Bhubaneswar,Kolkata,440,FMCG,0.56,3,same_day
C20853,Jaipur,Ahmedabad,670,Industrial Goods,0.32,4,normal
C20854,Delhi,Mumbai,1400,Electronics,0.55,14,normal
C20855,Bengaluru,Mumbai,980,Electronics,0.43,21,same_day
C20856,Delhi,Bengaluru,2150,E-commerce Parcels,2.59,18,normal
C20857,Mumbai,Bengaluru,980,FMCG,0.79,7,same_day
C20858,Delhi,Kolkata,1500,Furniture,2.58,4,normal
C20859,Bhubaneswar,Kolkata,440,FMCG,0.25,14,urgent
C20860,Mumbai,Ahmedabad,530,E-commerce Parcels,3.72,10,normal
C20861,Bhubaneswar,Kolkata,440,Auto Parts,2.47,13,normal
C20862,Mumbai,Bengaluru,980,Auto Parts,0.36,6,normal
C20863,Delhi,Mumbai,1400,Industrial Goods,2.08,14,normal
C20864,Bengaluru,Chennai,350,Auto Parts,2.14,1,normal
C20865,Lucknow,Delhi,550,Industrial Goods,1.86,0,normal
C20866,Bengaluru,Delhi,2150,Textiles,1.57,5,same_day
C20867,Bengaluru,Mumbai,980,Furniture,0.62,2,normal
C20868,Mumbai,Delhi,1400,Furniture,1.85,5,normal
C20869,Jaipur,Ahmedabad,670,Industrial Goods,2.84,23,urgent
C20870,Bengaluru,Chennai,350,Textiles,0.25,6,normal
C20871,Delhi,Bengaluru,2150,Auto Parts,5.55,11,same_day
C20872,Chennai,Bengaluru,350,FMCG,5.75,3,normal
C20873,Mumbai,Delhi,1400,E-commerce Parcels,2.0,16,normal
C20874,Bengaluru,Mumbai,980,FMCG,4.46,18,normal
C20875,Bengaluru,Mumbai,980,Textiles,6.09,16,same_day
C20876,Hyderabad,Chennai,630,Electronics,3.53,14,normal
C20877,Hyderabad,Chennai,630,Textiles,3.55,6,urgent
C20878,Mumbai,Delhi,1400,Electronics,0.86,4,same_day
C20879,Ahmedabad,Jaipur,670,Pharma,0.25,8,normal
C20880,Hyderabad,Chennai,630,FMCG,0.76,12,normal
C20881,Bengaluru,Delhi,2150,Industrial Goods,1.85,2,normal
C20882,Chennai,Hyderabad,630,FMCG,1.68,0,normal
C20883,Delhi,Kolkata,1500,Industrial Goods,6.87,5,same_day
C20884,Bhubaneswar,Kolkata,440,Electronics,3.09,11,normal
C20885,Pune,Mumbai,150,FMCG,0.43,0,normal
C20886,Delhi,Mumbai,1400,Pharma,3.02,0,same_day
C20887,Mumbai,Bengaluru,980,E-commerce Parcels,3.0,6,same_day
C20888,Mumbai,Bengaluru,980,FMCG,0.25,3,normal
C20889,Jaipur,Delhi,280,E-commerce Parcels,2.72,22,normal
C20890,Bengaluru,Hyderabad,570,Electronics,0.82,4,same_day
C20891,Hyderabad,Chennai,630,Industrial Goods,0.91,6,normal
C20892,Bengaluru,Chennai,350,Auto Parts,1.05,13,same_day
C20893,Delhi,Lucknow,550,Electronics,3.35,12,urgent
C20894,Bhubaneswar,Kolkata,440,Pharma,0.3,9,normal
C20895,Bhubaneswar,Kolkata,440,FMCG,0.92,8,normal
C20896,Bengaluru,Mumbai,980,Furniture,4.15,23,same_day
C20897,Mumbai,Ahmedabad,530,Auto Parts,2.03,18,urgent
C20898,Delhi,Mumbai,1400,E-commerce Parcels,2.15,6,same_day
C20899,Kolkata,Delhi,1500,Industrial Goods,0.22,8,normal
C20900,Delhi,Lucknow,550,FMCG,2.07,18,same_day
C20901,Chennai,Bengaluru,350,Auto Parts,0.39,10,normal
C20902,Kolkata,Bhubaneswar,440,FMCG,0.22,20,normal
C20903,Hyderabad,Chennai,630,Pharma,0.4,10,normal
C20904,Mumbai,Ahmedabad,530,Furniture,6.31,13,normal
C20905,Delhi,Mumbai,1400,Industrial Goods,3.38,6,same_day
C20906,Bengaluru,Hyderabad,570,FMCG,0.86,0,normal
C20907,Jaipur,Delhi,280,Auto Parts,3.59,1,normal
C20908,Mumbai,Bengaluru,980,FMCG,1.78,3,normal
C20909,Delhi,Mumbai,1400,Industrial Goods,1.82,10,same_day
C20910,Ahmedabad,Mumbai,530,Pharma,0.37,21,normal
C20911,Mumbai,Delhi,1400,FMCG,0.3,3,urgent
C20912,Ahmedabad,Jaipur,670,Industrial Goods,1.09,19,normal
C20913,Bengaluru,Hyderabad,570,Furniture,4.3,23,normal
C20914,Jaipur,Delhi,280,Furniture,1.12,8,normal
C20915,Bengaluru,Delhi,2150,Pharma,1.43,20,same_day
C20916,Kolkata,Delhi,1500,Industrial Goods,2.07,19,same_day
C20917,Bhubaneswar,Kolkata,440,Textiles,0.46,20,urgent
C20918,Hyderabad,Bengaluru,570,Textiles,1.28,16,normal
C20919,Ahmedabad,Jaipur,670,Industrial Goods,1.5,10,normal
C20920,Bengaluru,Mumbai,980,Electronics,5.7,18,normal
C20921,Kolkata,Bhubaneswar,440,Pharma,4.78,5,normal
C20922,Delhi,Jaipur,280,Pharma,0.21,10,normal
C20923,Bengaluru,Mumbai,980,Textiles,6.46,9,urgent
C20924,Kolkata,Delhi,1500,Electronics,0.5,12,same_day
C20925,Chennai,Bengaluru,350,Auto Parts,6.89,17,normal
C20926,Jaipur,Delhi,280,Textiles,0.56,12,normal
C20927,Delhi,Kolkata,1500,Electronics,0.97,16,normal
C20928,Delhi,Lucknow,550,Electronics,7.83,7,normal
C20929,Bengaluru,Hyderabad,570,Furniture,5.8,20,same_day
C20930,Mumbai,Ahmedabad,530,Pharma,1.1,8,normal
C20931,Mumbai,Pune,150,Industrial Goods,1.33,20,same_day
C20932,Delhi,Lucknow,550,Industrial Goods,0.69,11,same_day
C20933,Hyderabad,Bengaluru,570,Furniture,0.65,12,normal
C20934,Kolkata,Delhi,1500,E-commerce Parcels,5.29,0,normal
C20935,Jaipur,Delhi,280,Furniture,1.95,1,normal
C20936,Delhi,Bengaluru,2150,Industrial Goods,1.87,18,same_day
C20937,Mumbai,Delhi,1400,Pharma,1.17,0,normal
C20938,Mumbai,Ahmedabad,530,E-commerce Parcels,0.55,0,same_day
C20939,Chennai,Bengaluru,350,FMCG,6.61,3,urgent
C20940,Bhubaneswar,Kolkata,440,Pharma,2.39,10,same_day
C20941,Kolkata,Delhi,1500,Auto Parts,1.77,21,normal
C20942,Bhubaneswar,Kolkata,440,FMCG,2.86,4,normal
C20943,Hyderabad,Chennai,630,E-commerce Parcels,0.56,16,urgent
C20944,Jaipur,Delhi,280,Furniture,0.62,12,normal
C20945,Kolkata,Bhubaneswar,440,Furniture,1.23,17,normal
C20946,Hyderabad,Bengaluru,570,FMCG,2.41,17,same_day
C20947,Bengaluru,Mumbai,980,Pharma,2.61,0,normal
C20948,Hyderabad,Chennai,630,FMCG,0.59,19,same_day
C20949,Chennai,Bengaluru,350,Electronics,2.94,0,normal
C20950,Lucknow,Delhi,550,Textiles,0.36,14,normal
C20951,Hyderabad,Chennai,630,Electronics,2.28,4,same_day
C20952,Ahmedabad,Jaipur,670,Auto Parts,0.44,11,same_day
C20953,Pune,Mumbai,150,Electronics,4.55,22,normal
C20954,Chennai,Bengaluru,350,Auto Parts,1.54,6,normal
C20955,Mumbai,Delhi,1400,Auto Parts,5.47,7,normal
C20956,Bengaluru,Mumbai,980,E-commerce Parcels,0.94,20,normal
C20957,Mumbai,Bengaluru,980,FMCG,3.9,15,normal
C20958,Kolkata,Bhubaneswar,440,E-commerce Parcels,1.04,14,normal
C20959,Ahmedabad,Mumbai,530,E-commerce Parcels,1.83,22,normal
C20960,Bhubaneswar,Kolkata,440,E-commerce Parcels,0.38,16,normal
C20961,Pune,Mumbai,150,Pharma,1.52,22,normal
C20962,Bengaluru,Hyderabad,570,Industrial Goods,5.76,5,urgent
C20963,Chennai,Hyderabad,630,Electronics,0.4,6,urgent
C20964,Mumbai,Pune,150,E-commerce Parcels,0.2,23,normal
C20965,Chennai,Hyderabad,630,Pharma,2.68,17,same_day
C20966,Mumbai,Bengaluru,980,FMCG,6.34,9,normal
C20967,Mumbai,Bengaluru,980,Textiles,7.72,17,normal
C20968,Kolkata,Bhubaneswar,440,Pharma,1.68,16,same_day
C20969,Ahmedabad,Mumbai,530,Industrial Goods,4.04,11,normal
C20970,Mumbai,Pune,150,Textiles,2.9,23,normal
C20971,Mumbai,Delhi,1400,FMCG,7.86,17,same_day
C20972,Bhubaneswar,Kolkata,440,E-commerce Parcels,3.58,12,normal
C20973,Mumbai,Ahmedabad,530,FMCG,6.11,7,normal
C20974,Hyderabad,Chennai,630,E-commerce Parcels,2.92,14,normal
C20975,Bengaluru,Chennai,350,E-commerce Parcels,1.42,7,normal
C20976,Delhi,Bengaluru,2150,FMCG,0.44,17,normal
C20977,Lucknow,Delhi,550,Textiles,2.9,19,normal
C20978,Kolkata,Bhubaneswar,440,FMCG,1.92,17,normal
C20979,Hyderabad,Bengaluru,570,E-commerce Parcels,0.86,5,same_day
C20980,Delhi,Jaipur,280,Pharma,4.46,18,same_day
C20981,Bengaluru,Hyderabad,570,Auto Parts,1.27,22,same_day
C20982,Jaipur,Delhi,280,Pharma,1.21,8,normal
C20983,Ahmedabad,Jaipur,670,Textiles,6.98,20,normal
C20984,Mumbai,Delhi,1400,Industrial Goods,1.74,4,normal
C20985,Delhi,Jaipur,280,Furniture,0.72,8,urgent
C20986,Jaipur,Ahmedabad,670,Pharma,0.48,13,normal
C20987,Kolkata,Delhi,1500,Auto Parts,0.66,23,normal
C20988,Delhi,Kolkata,1500,E-commerce Parcels,0.74,23,normal
C20989,Hyderabad,Chennai,630,FMCG,6.44,1,normal
C20990,Pune,Mumbai,150,Electronics,0.61,16,normal
C20991,Bengaluru,Hyderabad,570,Industrial Goods,0.89,16,normal
C20992,Delhi,Jaipur,280,Furniture,4.01,9,normal
C20993,Chennai,Bengaluru,350,Textiles,0.22,21,normal
C20994,Delhi,Jaipur,280,Electronics,5.02,17,normal
C20995,Bengaluru,Hyderabad,570,E-commerce Parcels,0.61,15,same_day
C20996,Kolkata,Delhi,1500,FMCG,1.59,6,normal
C20997,Ahmedabad,Mumbai,530,FMCG,3.22,8,normal
C20998,Kolkata,Bhubaneswar,440,E-commerce Parcels,7.6,0,normal
C20999,Pune,Mumbai,150,FMCG,0.38,14,normal
C21000,Hyderabad,Bengaluru,570,E-commerce Parcels,3.99,7,normal
C21001,Ahmedabad,Mumbai,530,E-commerce Parcels,0.42,6,normal
C21002,Kolkata,Bhubaneswar,440,E-commerce Parcels,2.67,10,same_day
C21003,Mumbai,Bengaluru,980,FMCG,0.87,2,same_day
C21004,Delhi,Kolkata,1500,Industrial Goods,0.47,7,normal
C21005,Hyderabad,Bengaluru,570,Furniture,1.3,15,normal
C21006,Jaipur,Delhi,280,Furniture,1.13,17,normal
C21007,Bhubaneswar,Kolkata,440,Industrial Goods,6.02,2,urgent
C21008,Kolkata,Bhubaneswar,440,Pharma,0.93,7,normal
C21009,Bhubaneswar,Kolkata,440,Auto Parts,4.64,4,normal
C21010,Chennai,Hyderabad,630,Textiles,1.32,4,normal
C21011,Kolkata,Delhi,1500,FMCG,1.11,19,normal
C21012,Mumbai,Ahmedabad,530,Furniture,0.39,21,same_day
C21013,Delhi,Bengaluru,2150,Furniture,0.37,4,normal
C21014,Mumbai,Delhi,1400,Auto Parts,0.53,7,urgent
C21015,Mumbai,Bengaluru,980,Electronics,0.91,8,normal
C21016,Bengaluru,Mumbai,980,Auto Parts,2.77,7,normal
C21017,Mumbai,Pune,150,FMCG,1.22,23,same_day
C21018,Bengaluru,Hyderabad,570,FMCG,2.16,5,normal
C21019,Chennai,Bengaluru,350,Industrial Goods,3.28,0,normal
C21020,Mumbai,Pune,150,Furniture,0.95,21,normal
C21021,Delhi,Kolkata,1500,FMCG,0.31,15,normal
C21022,Chennai,Hyderabad,630,Electronics,0.42,12,normal
C21023,Bhubaneswar,Kolkata,440,Auto Parts,0.9,8,normal
C21024,Bengaluru,Chennai,350,Electronics,7.06,8,normal
C21025,Mumbai,Bengaluru,980,Furniture,0.51,4,same_day
C21026,Jaipur,Ahmedabad,670,Industrial Goods,2.0,23,normal
C21027,Mumbai,Bengaluru,980,Electronics,4.88,16,urgent
C21028,Chennai,Hyderabad,630,Industrial Goods,0.55,16,normal
C21029,Bengaluru,Chennai,350,Auto Parts,0.39,17,normal
C21030,Lucknow,Delhi,550,FMCG,1.15,10,normal
C21031,Bengaluru,Delhi,2150,E-commerce Parcels,1.82,7,normal
C21032,Kolkata,Bhubaneswar,440,Furniture,6.55,21,same_day
C21033,Ahmedabad,Jaipur,670,Industrial Goods,4.14,12,same_day
C21034,Jaipur,Delhi,280,FMCG,3.56,13,normal
C21035,Kolkata,Bhubaneswar,440,Industrial Goods,7.12,0,normal
C21036,Delhi,Bengaluru,2150,Electronics,2.92,0,normal
C21037,Delhi,Bengaluru,2150,Textiles,0.52,0,normal
C21038,Mumbai,Bengaluru,980,FMCG,1.98,4,urgent
C21039,Delhi,Bengaluru,2150,Auto Parts,0.54,11,same_day
C21040,Mumbai,Ahmedabad,530,Furniture,0.32,20,normal
C21041,Bengaluru,Chennai,350,E-commerce Parcels,1.02,21,normal
C21042,Mumbai,Delhi,1400,Auto Parts,3.44,14,urgent
C21043,Delhi,Kolkata,1500,FMCG,1.77,9,normal
C21044,Delhi,Bengaluru,2150,E-commerce Parcels,5.52,10,normal
C21045,Delhi,Mumbai,1400,Pharma,2.71,11,same_day
C21046,Bengaluru,Hyderabad,570,Industrial Goods,1.03,12,normal
C21047,Kolkata,Bhubaneswar,440,Furniture,0.41,23,normal
C21048,Delhi,Kolkata,1500,Furniture,0.95,12,normal
C21049,Delhi,Mumbai,1400,Electronics,6.99,23,same_day
C21050,Lucknow,Delhi,550,FMCG,0.44,6,normal
C21051,Delhi,Kolkata,1500,E-commerce Parcels,0.28,8,same_day
C21052,Lucknow,Delhi,550,Auto Parts,2.67,11,normal
C21053,Bhubaneswar,Kolkata,440,FMCG,0.99,1,same_day
C21054,Jaipur,Ahmedabad,670,Electronics,3.08,13,normal
C21055,Lucknow,Delhi,550,Textiles,0.83,17,normal
C21056,Delhi,Lucknow,550,FMCG,0.82,21,normal
C21057,Kolkata,Bhubaneswar,440,Industrial Goods,1.37,11,normal
C21058,Chennai,Bengaluru,350,Pharma,0.94,11,same_day
C21059,Bhubaneswar,Kolkata,440,Electronics,0.7,6,normal
C21060,Jaipur,Ahmedabad,670,Industrial Goods,0.84,17,normal
C21061,Bengaluru,Mumbai,980,Auto Parts,2.78,11,normal
C21062,Delhi,Kolkata,1500,Furniture,1.58,3,normal
C21063,Jaipur,Delhi,280,Auto Parts,2.49,3,normal
C21064,Delhi,Lucknow,550,FMCG,0.2,7,normal
C21065,Pune,Mumbai,150,E-commerce Parcels,6.05,5,normal
C21066,Mumbai,Delhi,1400,E-commerce Parcels,0.2,3,normal
C21067,Bengaluru,Hyderabad,570,E-commerce Parcels,1.37,23,same_day
C21068,Mumbai,Bengaluru,980,Textiles,1.81,11,normal
C21069,Delhi,Kolkata,1500,Furniture,5.5,19,urgent
C21070,Kolkata,Delhi,1500,Furniture,0.97,11,normal
C21071,Bengaluru,Mumbai,980,Industrial Goods,0.24,13,normal
C21072,Delhi,Lucknow,550,Auto Parts,1.18,15,same_day
C21073,Lucknow,Delhi,550,FMCG,0.83,16,normal
C21074,Mumbai,Ahmedabad,530,Industrial Goods,5.39,5,same_day
C21075,Lucknow,Delhi,550,Furniture,0.28,20,normal
C21076,Delhi,Bengaluru,2150,FMCG,1.58,15,same_day
C21077,Delhi,Bengaluru,2150,Auto Parts,0.55,22,same_day
C21078,Pune,Mumbai,150,E-commerce Parcels,0.31,13,same_day
C21079,Kolkata,Delhi,1500,Industrial Goods,0.65,15,same_day
C21080,Delhi,Jaipur,280,Textiles,1.25,19,same_day
C21081,Ahmedabad,Jaipur,670,Industrial Goods,2.53,9,normal
C21082,Bengaluru,Mumbai,980,Electronics,2.53,15,normal
C21083,Pune,Mumbai,150,Furniture,4.44,11,normal
C21084,Pune,Mumbai,150,Furniture,0.2,21,normal
C21085,Kolkata,Delhi,1500,Auto Parts,1.85,23,normal
C21086,Delhi,Mumbai,1400,Pharma,3.39,0,normal
C21087,Bhubaneswar,Kolkata,440,E-commerce Parcels,3.24,22,urgent
C21088,Pune,Mumbai,150,Pharma,0.39,20,same_day
C21089,Ahmedabad,Jaipur,670,Pharma,2.04,17,normal
C21090,Jaipur,Delhi,280,Industrial Goods,0.7,7,normal
C21091,Delhi,Bengaluru,2150,Textiles,1.59,23,urgent
C21092,Bengaluru,Chennai,350,FMCG,2.47,1,normal
C21093,Ahmedabad,Mumbai,530,Pharma,4.74,11,same_day
C21094,Kolkata,Delhi,1500,Furniture,1.21,22,normal
C21095,Bengaluru,Chennai,350,Textiles,1.14,13,same_day
C21096,Ahmedabad,Jaipur,670,FMCG,0.69,15,normal
C21097,Mumbai,Pune,150,Textiles,2.42,0,normal
C21098,Bengaluru,Delhi,2150,Auto Parts,1.12,6,same_day
C21099,Chennai,Hyderabad,630,Furniture,0.56,4,normal
C21100,Bengaluru,Hyderabad,570,Auto Parts,2.58,13,same_day
C21101,Delhi,Lucknow,550,Auto Parts,1.86,16,normal
C21102,Kolkata,Delhi,1500,Electronics,1.86,17,normal
C21103,Delhi,Lucknow,550,Furniture,2.85,18,same_day
C21104,Chennai,Bengaluru,350,Industrial Goods,0.64,10,same_day
C21105,Mumbai,Bengaluru,980,Textiles,5.98,13,normal
C21106,Bengaluru,Hyderabad,570,Furniture,0.8,13,normal
C21107,Delhi,Lucknow,550,Auto Parts,2.03,22,normal
C21108,Jaipur,Ahmedabad,670,Electronics,0.87,7,normal
C21109,Ahmedabad,Mumbai,530,Textiles,2.13,16,same_day
C21110,Hyderabad,Chennai,630,Textiles,1.92,1,normal
C21111,Delhi,Bengaluru,2150,Electronics,1.42,21,normal
C21112,Jaipur,Delhi,280,Electronics,1.32,21,normal
C21113,Mumbai,Delhi,1400,Furniture,1.32,10,normal
C21114,Ahmedabad,Mumbai,530,Industrial Goods,1.16,16,same_day
C21115,Delhi,Bengaluru,2150,Auto Parts,1.4,9,normal
C21116,Ahmedabad,Mumbai,530,Auto Parts,0.23,14,normal
C21117,Pune,Mumbai,150,Industrial Goods,0.84,22,normal
C21118,Hyderabad,Bengaluru,570,Auto Parts,0.47,22,same_day
C21119,Delhi,Kolkata,1500,Electronics,3.1,12,urgent
C21120,Delhi,Mumbai,1400,Auto Parts,2.3,0,normal
C21121,Delhi,Lucknow,550,Auto Parts,1.38,19,normal
C21122,Bengaluru,Delhi,2150,Electronics,1.48,23,same_day
C21123,Hyderabad,Bengaluru,570,Textiles,5.66,9,normal
C21124,Delhi,Mumbai,1400,Textiles,1.77,0,urgent
C21125,Mumbai,Bengaluru,980,Textiles,0.81,12,normal
C21126,Bengaluru,Delhi,2150,Furniture,0.24,1,same_day
C21127,Hyderabad,Chennai,630,Pharma,3.25,11,urgent
C21128,Bengaluru,Delhi,2150,Auto Parts,3.97,23,normal
C21129,Delhi,Mumbai,1400,Industrial Goods,0.84,3,normal
C21130,Chennai,Bengaluru,350,Furniture,2.79,6,normal
C21131,Mumbai,Pune,150,E-commerce Parcels,0.4,23,normal
C21132,Kolkata,Bhubaneswar,440,Furniture,3.32,10,normal
C21133,Mumbai,Delhi,1400,Electronics,1.92,14,normal
C21134,Bengaluru,Delhi,2150,FMCG,0.49,11,same_day
C21135,Bengaluru,Hyderabad,570,Furniture,2.51,11,same_day
C21136,Lucknow,Delhi,550,Electronics,1.48,19,urgent
C21137,Kolkata,Delhi,1500,Textiles,0.28,22,normal
C21138,Bengaluru,Hyderabad,570,Furniture,3.92,21,normal
C21139,Delhi,Kolkata,1500,Industrial Goods,3.83,10,normal
C21140,Chennai,Hyderabad,630,Pharma,1.81,21,normal
C21141,Hyderabad,Chennai,630,Auto Parts,0.45,9,same_day
C21142,Chennai,Bengaluru,350,E-commerce Parcels,1.53,16,normal
C21143,Chennai,Bengaluru,350,E-commerce Parcels,2.7,13,normal
C21144,Delhi,Bengaluru,2150,Electronics,1.5,3,normal
C21145,Kolkata,Bhubaneswar,440,FMCG,1.12,18,normal
C21146,Lucknow,Delhi,550,Textiles,2.1,6,normal
C21147,Ahmedabad,Jaipur,670,E-commerce Parcels,3.15,13,normal
C21148,Delhi,Bengaluru,2150,Textiles,3.96,11,same_day
C21149,Mumbai,Bengaluru,980,E-commerce Parcels,3.73,14,normal
C21150,Hyderabad,Chennai,630,Furniture,1.72,15,normal
C21151,Lucknow,Delhi,550,Pharma,0.29,11,same_day
C21152,Lucknow,Delhi,550,Textiles,0.29,23,normal
C21153,Delhi,Bengaluru,2150,Auto Parts,6.76,22,normal
C21154,Bengaluru,Mumbai,980,Furniture,5.74,5,urgent
C21155,Chennai,Hyderabad,630,FMCG,1.0,9,normal
C21156,Jaipur,Delhi,280,E-commerce Parcels,0.72,1,urgent
C21157,Mumbai,Ahmedabad,530,Pharma,3.89,19,normal
C21158,Mumbai,Ahmedabad,530,Textiles,0.54,18,normal
C21159,Delhi,Lucknow,550,FMCG,4.53,5,urgent
C21160,Bengaluru,Mumbai,980,Electronics,4.17,23,normal
C21161,Delhi,Bengaluru,2150,Furniture,0.51,15,normal
C21162,Bhubaneswar,Kolkata,440,Electronics,5.03,6,normal
C21163,Kolkata,Bhubaneswar,440,Industrial Goods,1.76,23,normal
C21164,Hyderabad,Bengaluru,570,Furniture,1.25,10,normal
C21165,Ahmedabad,Jaipur,670,Furniture,1.54,8,normal
C21166,Chennai,Bengaluru,350,Pharma,2.27,13,normal
C21167,Delhi,Bengaluru,2150,FMCG,1.36,5,normal
C21168,Ahmedabad,Jaipur,670,FMCG,1.0,18,same_day
C21169,Chennai,Hyderabad,630,Auto Parts,0.9,5,same_day
C21170,Delhi,Lucknow,550,Furniture,2.04,9,normal
C21171,Kolkata,Delhi,1500,FMCG,0.62,12,same_day
C21172,Jaipur,Ahmedabad,670,Furniture,0.3,17,same_day
C21173,Hyderabad,Chennai,630,Textiles,0.8,5,normal
C21174,Chennai,Bengaluru,350,FMCG,1.79,18,normal
C21175,Pune,Mumbai,150,Textiles,3.49,20,normal
C21176,Bhubaneswar,Kolkata,440,Electronics,0.69,23,normal
C21177,Bhubaneswar,Kolkata,440,Industrial Goods,2.61,15,normal
C21178,Hyderabad,Bengaluru,570,FMCG,6.95,15,same_day
C21179,Delhi,Mumbai,1400,Industrial Goods,0.35,17,normal
C21180,Chennai,Bengaluru,350,Electronics,5.87,16,same_day
C21181,Hyderabad,Bengaluru,570,Textiles,2.56,19,same_day
C21182,Kolkata,Bhubaneswar,440,E-commerce Parcels,3.13,10,same_day
C21183,Delhi,Lucknow,550,Furniture,4.43,23,normal
C21184,Hyderabad,Bengaluru,570,Industrial Goods,0.37,19,normal
C21185,Hyderabad,Chennai,630,E-commerce Parcels,7.71,0,normal
C21186,Bengaluru,Delhi,2150,Pharma,4.32,7,normal
C21187,Bhubaneswar,Kolkata,440,Industrial Goods,0.34,16,urgent
C21188,Delhi,Kolkata,1500,Electronics,0.48,1,normal
C21189,Delhi,Lucknow,550,Auto Parts,1.71,4,normal
C21190,Ahmedabad,Mumbai,530,Furniture,6.71,19,urgent
C21191,Chennai,Hyderabad,630,FMCG,2.81,6,normal
C21192,Mumbai,Ahmedabad,530,Electronics,1.57,17,same_day
C21193,Mumbai,Bengaluru,980,FMCG,1.13,16,same_day
C21194,Jaipur,Ahmedabad,670,Industrial Goods,1.14,9,normal
C21195,Hyderabad,Chennai,630,FMCG,1.36,11,normal
C21196,Bengaluru,Mumbai,980,Industrial Goods,0.88,16,normal
C21197,Lucknow,Delhi,550,Textiles,0.37,5,normal
C21198,Hyderabad,Chennai,630,FMCG,2.48,10,normal
C21199,Bengaluru,Chennai,350,Auto Parts,0.98,3,normal
C21200,Kolkata,Delhi,1500,Auto Parts,0.25,0,same_day
C21201,Mumbai,Delhi,1400,Textiles,3.12,22,normal
C21202,Bengaluru,Mumbai,980,Industrial Goods,5.74,1,normal
C21203,Bhubaneswar,Kolkata,440,E-commerce Parcels,2.62,13,normal
C21204,Kolkata,Delhi,1500,FMCG,1.92,8,normal
C21205,Bhubaneswar,Kolkata,440,Electronics,5.38,7,normal
C21206,Delhi,Lucknow,550,Industrial Goods,1.26,5,normal
C21207,Ahmedabad,Jaipur,670,Industrial Goods,1.18,17,normal
C21208,Delhi,Kolkata,1500,E-commerce Parcels,1.05,8,normal
C21209,Ahmedabad,Jaipur,670,FMCG,1.81,17,normal
C21210,Pune,Mumbai,150,Textiles,3.45,0,normal
C21211,Jaipur,Ahmedabad,670,Electronics,1.58,7,normal
C21212,Hyderabad,Bengaluru,570,Auto Parts,1.82,13,normal
C21213,Chennai,Bengaluru,350,Furniture,0.37,11,normal
C21214,Jaipur,Ahmedabad,670,E-commerce Parcels,1.32,19,normal
C21215,Bengaluru,Mumbai,980,Furniture,0.52,7,normal
C21216,Mumbai,Ahmedabad,530,Industrial Goods,4.12,21,normal
C21217,Bengaluru,Chennai,350,Auto Parts,2.08,10,normal
C21218,Jaipur,Delhi,280,Industrial Goods,0.68,21,normal
C21219,Delhi,Kolkata,1500,Pharma,0.25,15,normal
C21220,Hyderabad,Chennai,630,Auto Parts,2.44,12,normal
C21221,Chennai,Hyderabad,630,FMCG,2.4,10,normal
C21222,Chennai,Bengaluru,350,Textiles,4.78,13,normal
C21223,Mumbai,Ahmedabad,530,Textiles,1.17,22,normal
C21224,Hyderabad,Bengaluru,570,Textiles,2.09,3,same_day
C21225,Hyderabad,Chennai,630,E-commerce Parcels,4.46,4,normal
C21226,Delhi,Mumbai,1400,Pharma,3.24,4,normal
C21227,Mumbai,Pune,150,Auto Parts,1.85,9,same_day
C21228,Delhi,Lucknow,550,Furniture,5.64,13,urgent
C21229,Bengaluru,Hyderabad,570,E-commerce Parcels,2.2,5,normal
C21230,Bhubaneswar,Kolkata,440,Auto Parts,5.27,12,normal
C21231,Kolkata,Bhubaneswar,440,Furniture,0.39,8,normal
C21232,Ahmedabad,Mumbai,530,Electronics,0.44,1,normal
C21233,Delhi,Lucknow,550,Auto Parts,0.32,19,normal
C21234,Ahmedabad,Mumbai,530,Electronics,0.96,16,normal
C21235,Ahmedabad,Jaipur,670,Electronics,0.27,10,normal
C21236,Bhubaneswar,Kolkata,440,Industrial Goods,7.11,11,same_day
C21237,Bengaluru,Hyderabad,570,E-commerce Parcels,1.78,23,normal
C21238,Jaipur,Ahmedabad,670,Industrial Goods,2.91,19,normal
C21239,Jaipur,Delhi,280,Auto Parts,0.27,19,normal
C21240,Chennai,Hyderabad,630,Pharma,4.26,8,normal
C21241,Bengaluru,Chennai,350,Industrial Goods,2.98,0,urgent
C21242,Kolkata,Bhubaneswar,440,Electronics,1.42,4,normal
C21243,Bengaluru,Chennai,350,Pharma,5.6,5,same_day
C21244,Kolkata,Bhubaneswar,440,Textiles,7.78,0,normal
C21245,Lucknow,Delhi,550,FMCG,4.09,18,normal
C21246,Jaipur,Delhi,280,FMCG,7.97,11,normal
C21247,Pune,Mumbai,150,Electronics,5.05,0,normal
C21248,Chennai,Bengaluru,350,Furniture,5.46,0,same_day
C21249,Delhi,Jaipur,280,Pharma,0.35,2,normal
C21250,Bengaluru,Hyderabad,570,Textiles,2.81,21,normal
C21251,Ahmedabad,Mumbai,530,Pharma,4.55,14,normal
C21252,Lucknow,Delhi,550,Furniture,0.81,18,normal
C21253,Chennai,Bengaluru,350,FMCG,3.45,21,normal
C21254,Bhubaneswar,Kolkata,440,Electronics,0.61,9,normal
C21255,Kolkata,Delhi,1500,Electronics,2.35,14,same_day
C21256,Delhi,Mumbai,1400,FMCG,0.47,20,normal
C21257,Delhi,Kolkata,1500,Textiles,1.09,7,same_day
C21258,Jaipur,Delhi,280,Furniture,0.93,16,normal
C21259,Hyderabad,Chennai,630,Industrial Goods,0.41,9,normal
C21260,Kolkata,Delhi,1500,Furniture,0.26,4,same_day
C21261,Mumbai,Bengaluru,980,Pharma,0.53,9,normal
C21262,Mumbai,Delhi,1400,Pharma,2.25,9,normal
C21263,Hyderabad,Bengaluru,570,FMCG,0.75,20,normal
C21264,Bengaluru,Hyderabad,570,Auto Parts,3.14,21,normal
C21265,Chennai,Hyderabad,630,Auto Parts,1.11,14,urgent
C21266,Delhi,Lucknow,550,E-commerce Parcels,2.35,9,same_day
C21267,Delhi,Jaipur,280,FMCG,0.27,15,same_day
C21268,Lucknow,Delhi,550,Furniture,4.24,11,same_day
C21269,Mumbai,Delhi,1400,Textiles,7.48,11,normal
C21270,Mumbai,Bengaluru,980,Textiles,2.14,1,urgent
C21271,Bengaluru,Delhi,2150,FMCG,0.95,3,normal
C21272,Mumbai,Bengaluru,980,FMCG,0.67,9,same_day
C21273,Delhi,Bengaluru,2150,Industrial Goods,1.28,18,normal
C21274,Bengaluru,Delhi,2150,Electronics,0.46,23,urgent
C21275,Mumbai,Ahmedabad,530,Electronics,0.43,14,normal
C21276,Jaipur,Delhi,280,Furniture,0.65,12,normal
C21277,Bengaluru,Mumbai,980,Textiles,0.38,2,normal
C21278,Mumbai,Ahmedabad,530,Auto Parts,0.57,21,normal
C21279,Ahmedabad,Jaipur,670,Industrial Goods,0.22,9,normal
C21280,Chennai,Bengaluru,350,Auto Parts,5.94,10,same_day
C21281,Bhubaneswar,Kolkata,440,Industrial Goods,1.08,20,urgent
C21282,Jaipur,Delhi,280,Furniture,1.43,7,normal
C21283,Delhi,Kolkata,1500,Auto Parts,7.88,10,normal
C21284,Mumbai,Ahmedabad,530,Auto Parts,0.47,6,normal
C21285,Jaipur,Ahmedabad,670,E-commerce Parcels,0.44,17,normal
C21286,Jaipur,Delhi,280,E-commerce Parcels,1.14,5,normal
C21287,Delhi,Bengaluru,2150,E-commerce Parcels,1.03,8,normal
C21288,Mumbai,Delhi,1400,Industrial Goods,5.79,13,normal
C21289,Bengaluru,Hyderabad,570,FMCG,6.93,4,normal
C21290,Mumbai,Delhi,1400,Pharma,2.47,1,normal
C21291,Jaipur,Ahmedabad,670,Industrial Goods,0.78,10,same_day
C21292,Chennai,Hyderabad,630,Furniture,1.3,22,same_day
C21293,Jaipur,Ahmedabad,670,Electronics,0.34,2,normal
C21294,Bengaluru,Hyderabad,570,E-commerce Parcels,0.9,15,normal
C21295,Delhi,Jaipur,280,Furniture,2.63,16,normal
C21296,Pune,Mumbai,150,Industrial Goods,0.72,15,normal
C21297,Ahmedabad,Jaipur,670,Auto Parts,1.59,13,normal
C21298,Mumbai,Bengaluru,980,FMCG,2.71,16,same_day
C21299,Ahmedabad,Jaipur,670,Furniture,6.47,5,same_day
C21300,Ahmedabad,Jaipur,670,E-commerce Parcels,0.65,5,normal
C21301,Jaipur,Ahmedabad,670,Furniture,0.87,14,normal
C21302,Hyderabad,Bengaluru,570,Auto Parts,2.56,16,normal
C21303,Chennai,Hyderabad,630,FMCG,1.92,0,normal
C21304,Hyderabad,Bengaluru,570,Industrial Goods,2.45,20,normal
C21305,Mumbai,Bengaluru,980,Auto Parts,0.77,12,same_day
C21306,Jaipur,Ahmedabad,670,Pharma,2.79,23,same_day
C21307,Mumbai,Bengaluru,980,Industrial Goods,6.16,16,normal
C21308,Kolkata,Bhubaneswar,440,Auto Parts,0.4,14,normal
C21309,Bhubaneswar,Kolkata,440,FMCG,0.3,11,normal
C21310,Pune,Mumbai,150,E-commerce Parcels,2.88,4,same_day
C21311,Hyderabad,Chennai,630,Furniture,0.36,0,urgent
C21312,Kolkata,Delhi,1500,FMCG,1.28,8,normal
C21313,Ahmedabad,Jaipur,670,Furniture,2.2,18,same_day
C21314,Delhi,Bengaluru,2150,Textiles,1.76,9,normal
C21315,Delhi,Mumbai,1400,Auto Parts,1.42,0,same_day
C21316,Kolkata,Delhi,1500,Pharma,0.59,16,same_day
C21317,Delhi,Mumbai,1400,Furniture,2.0,9,normal
C21318,Mumbai,Bengaluru,980,Pharma,1.41,15,normal
C21319,Mumbai,Pune,150,Textiles,0.47,12,normal
C21320,Kolkata,Delhi,1500,Furniture,5.01,9,normal
C21321,Ahmedabad,Jaipur,670,Textiles,1.02,0,same_day
C21322,Mumbai,Bengaluru,980,Industrial Goods,1.04,4,urgent
C21323,Chennai,Bengaluru,350,Electronics,3.23,21,normal
C21324,Ahmedabad,Jaipur,670,E-commerce Parcels,6.96,5,same_day
C21325,Hyderabad,Bengaluru,570,Auto Parts,7.47,11,normal
C21326,Hyderabad,Bengaluru,570,FMCG,0.8,17,same_day
C21327,Ahmedabad,Jaipur,670,Furniture,2.85,0,normal
C21328,Jaipur,Ahmedabad,670,E-commerce Parcels,0.31,20,normal
C21329,Bengaluru,Delhi,2150,Pharma,2.48,22,normal
C21330,Mumbai,Pune,150,Industrial Goods,2.34,8,same_day
C21331,Kolkata,Delhi,1500,E-commerce Parcels,1.21,0,same_day
C21332,Mumbai,Delhi,1400,Pharma,0.26,12,normal
C21333,Jaipur,Ahmedabad,670,FMCG,1.84,19,same_day
C21334,Delhi,Bengaluru,2150,FMCG,1.01,6,normal
C21335,Pune,Mumbai,150,Electronics,6.76,6,normal
C21336,Hyderabad,Chennai,630,FMCG,0.52,19,normal
C21337,Delhi,Jaipur,280,Furniture,2.85,14,normal
C21338,Delhi,Bengaluru,2150,Electronics,2.22,4,normal
C21339,Bengaluru,Delhi,2150,Electronics,2.07,11,same_day
C21340,Mumbai,Bengaluru,980,Pharma,0.55,7,same_day
C21341,Delhi,Bengaluru,2150,Textiles,0.74,7,normal
C21342,Jaipur,Delhi,280,Auto Parts,3.01,13,normal
C21343,Bengaluru,Hyderabad,570,Industrial Goods,0.36,2,normal
C21344,Lucknow,Delhi,550,Electronics,1.45,16,normal
C21345,Mumbai,Bengaluru,980,Pharma,1.97,18,normal
C21346,Delhi,Bengaluru,2150,Textiles,1.93,15,same_day
C21347,Bhubaneswar,Kolkata,440,E-commerce Parcels,0.62,23,normal
C21348,Hyderabad,Chennai,630,Auto Parts,3.03,10,normal
C21349,Lucknow,Delhi,550,Furniture,0.62,18,normal
C21350,Delhi,Mumbai,1400,E-commerce Parcels,2.64,23,normal
C21351,Ahmedabad,Jaipur,670,Pharma,1.11,6,normal
C21352,Jaipur,Ahmedabad,670,Textiles,5.81,18,normal
C21353,Mumbai,Pune,150,Auto Parts,4.42,13,normal
C21354,Kolkata,Delhi,1500,Textiles,0.38,14,normal
C21355,Mumbai,Delhi,1400,Electronics,0.63,12,same_day
C21356,Delhi,Jaipur,280,Electronics,7.19,8,same_day
C21357,Delhi,Kolkata,1500,Industrial Goods,0.23,10,same_day
C21358,Chennai,Bengaluru,350,Pharma,6.54,18,normal
C21359,Chennai,Hyderabad,630,Auto Parts,2.01,23,normal
C21360,Mumbai,Pune,150,E-commerce Parcels,1.29,1,normal
C21361,Pune,Mumbai,150,Industrial Goods,0.27,16,normal
C21362,Jaipur,Delhi,280,E-commerce Parcels,1.03,8,normal
C21363,Kolkata,Bhubaneswar,440,E-commerce Parcels,3.61,18,normal
C21364,Mumbai,Ahmedabad,530,Furniture,2.83,21,normal
C21365,Bhubaneswar,Kolkata,440,Pharma,5.73,21,normal
C21366,Bengaluru,Hyderabad,570,Auto Parts,0.54,3,urgent
C21367,Lucknow,Delhi,550,Textiles,0.85,15,normal
C21368,Bengaluru,Delhi,2150,Industrial Goods,1.36,12,normal
C21369,Bhubaneswar,Kolkata,440,FMCG,1.06,1,urgent
C21370,Bengaluru,Mumbai,980,FMCG,7.48,11,normal
C21371,Delhi,Lucknow,550,FMCG,1.17,11,normal
C21372,Hyderabad,Chennai,630,E-commerce Parcels,1.47,2,normal
C21373,Pune,Mumbai,150,Industrial Goods,3.17,22,same_day
C21374,Bhubaneswar,Kolkata,440,E-commerce Parcels,0.81,15,normal
C21375,Bengaluru,Chennai,350,Pharma,1.4,2,normal
C21376,Ahmedabad,Mumbai,530,E-commerce Parcels,7.01,5,normal
C21377,Mumbai,Delhi,1400,Electronics,4.1,7,same_day
C21378,Chennai,Bengaluru,350,Textiles,1.15,0,normal
C21379,Chennai,Bengaluru,350,Pharma,1.28,10,same_day
C21380,Bengaluru,Hyderabad,570,Furniture,7.01,17,normal
C21381,Bengaluru,Delhi,2150,Auto Parts,1.29,13,normal
C21382,Mumbai,Ahmedabad,530,Auto Parts,2.07,21,normal
C21383,Chennai,Bengaluru,350,FMCG,4.89,13,normal
C21384,Bengaluru,Delhi,2150,Pharma,6.96,20,same_day
C21385,Bhubaneswar,Kolkata,440,Furniture,2.74,4,normal
C21386,Kolkata,Bhubaneswar,440,Auto Parts,0.4,20,urgent
C21387,Bengaluru,Chennai,350,Auto Parts,2.07,15,normal
C21388,Chennai,Hyderabad,630,Furniture,5.44,0,normal
C21389,Jaipur,Ahmedabad,670,Furniture,4.32,16,normal
C21390,Ahmedabad,Jaipur,670,Pharma,0.48,0,normal
C21391,Jaipur,Ahmedabad,670,Furniture,0.77,14,normal
C21392,Mumbai,Delhi,1400,Furniture,3.64,16,normal
C21393,Mumbai,Pune,150,FMCG,0.41,7,normal
C21394,Delhi,Mumbai,1400,Industrial Goods,1.29,6,normal
C21395,Hyderabad,Chennai,630,Furniture,1.25,8,normal
C21396,Ahmedabad,Mumbai,530,Furniture,1.69,11,normal
C21397,Delhi,Bengaluru,2150,Furniture,3.18,8,normal
C21398,Delhi,Kolkata,1500,Auto Parts,4.84,15,normal
C21399,Kolkata,Bhubaneswar,440,Textiles,0.35,1,normal
C21400,Bengaluru,Mumbai,980,FMCG,1.5,6,normal
C21401,Mumbai,Pune,150,Industrial Goods,2.74,19,normal
C21402,Chennai,Bengaluru,350,FMCG,1.0,5,normal
C21403,Bengaluru,Hyderabad,570,Electronics,1.15,13,normal
C21404,Mumbai,Bengaluru,980,Furniture,7.57,0,normal
C21405,Chennai,Bengaluru,350,Electronics,4.92,0,normal
C21406,Ahmedabad,Jaipur,670,Auto Parts,0.27,15,normal
C21407,Lucknow,Delhi,550,Electronics,5.22,8,normal
C21408,Hyderabad,Bengaluru,570,Electronics,5.41,11,normal
C21409,Mumbai,Pune,150,Pharma,0.87,16,normal
C21410,Ahmedabad,Mumbai,530,E-commerce Parcels,1.7,10,normal
C21411,Bhubaneswar,Kolkata,440,Auto Parts,2.95,11,urgent
C21412,Ahmedabad,Mumbai,530,FMCG,0.35,12,normal
C21413,Pune,Mumbai,150,Textiles,0.36,23,normal
C21414,Bengaluru,Mumbai,980,Furniture,1.76,12,same_day
C21415,Pune,Mumbai,150,Auto Parts,1.99,22,normal
C21416,Kolkata,Bhubaneswar,440,Electronics,2.45,5,normal
C21417,Mumbai,Pune,150,Pharma,1.78,9,normal
C21418,Mumbai,Bengaluru,980,E-commerce Parcels,1.24,13,normal
C21419,Bhubaneswar,Kolkata,440,E-commerce Parcels,0.25,12,normal
C21420,Delhi,Lucknow,550,Industrial Goods,3.22,3,normal
C21421,Bengaluru,Chennai,350,FMCG,0.7,20,normal
C21422,Mumbai,Delhi,1400,Electronics,2.13,20,same_day
C21423,Ahmedabad,Mumbai,530,Industrial Goods,0.53,7,same_day
C21424,Chennai,Bengaluru,350,Industrial Goods,1.04,7,normal
C21425,Mumbai,Bengaluru,980,Industrial Goods,1.14,5,normal
C21426,Pune,Mumbai,150,Furniture,0.92,23,normal
C21427,Hyderabad,Bengaluru,570,E-commerce Parcels,2.07,22,normal
C21428,Bhubaneswar,Kolkata,440,Furniture,0.44,2,normal
C21429,Chennai,Hyderabad,630,Electronics,5.98,3,normal
C21430,Mumbai,Bengaluru,980,Auto Parts,3.04,9,normal
C21431,Bengaluru,Delhi,2150,Textiles,0.61,5,normal
C21432,Kolkata,Bhubaneswar,440,Auto Parts,0.28,22,urgent
C21433,Mumbai,Bengaluru,980,Electronics,1.09,2,normal
C21434,Hyderabad,Chennai,630,E-commerce Parcels,1.5,7,same_day
C21435,Jaipur,Delhi,280,Electronics,0.34,0,normal
C21436,Chennai,Bengaluru,350,Pharma,1.54,8,same_day
C21437,Mumbai,Bengaluru,980,FMCG,0.66,9,normal
C21438,Bengaluru,Chennai,350,Auto Parts,1.23,10,normal
C21439,Jaipur,Delhi,280,Textiles,1.42,1,normal
C21440,Mumbai,Ahmedabad,530,Electronics,0.59,5,normal
C21441,Mumbai,Pune,150,E-commerce Parcels,2.4,16,normal
C21442,Bhubaneswar,Kolkata,440,Pharma,6.38,2,normal
C21443,Kolkata,Delhi,1500,Pharma,0.4,17,normal
C21444,Bengaluru,Delhi,2150,Auto Parts,2.95,22,normal
C21445,Delhi,Bengaluru,2150,Furniture,0.88,19,normal
C21446,Lucknow,Delhi,550,Electronics,0.55,20,normal
C21447,Ahmedabad,Mumbai,530,Textiles,6.78,0,normal
C21448,Delhi,Jaipur,280,Textiles,1.79,7,normal
C21449,Mumbai,Delhi,1400,Pharma,1.33,16,normal
C21450,Bengaluru,Hyderabad,570,Auto Parts,0.68,8,normal
C21451,Delhi,Bengaluru,2150,Industrial Goods,1.73,9,normal
C21452,Ahmedabad,Jaipur,670,Furniture,0.93,4,normal
C21453,Chennai,Hyderabad,630,Industrial Goods,0.21,7,normal
C21454,Kolkata,Delhi,1500,Electronics,0.4,19,same_day
C21455,Lucknow,Delhi,550,Auto Parts,0.78,14,normal
C21456,Delhi,Mumbai,1400,Industrial Goods,1.34,5,normal
C21457,Bhubaneswar,Kolkata,440,E-commerce Parcels,0.63,2,normal
C21458,Jaipur,Ahmedabad,670,Auto Parts,0.85,18,same_day
C21459,Kolkata,Bhubaneswar,440,Pharma,3.26,0,same_day
C21460,Delhi,Mumbai,1400,Pharma,1.27,22,urgent
C21461,Mumbai,Pune,150,Furniture,0.49,12,normal
C21462,Pune,Mumbai,150,E-commerce Parcels,4.52,13,normal
C21463,Lucknow,Delhi,550,Industrial Goods,0.83,15,normal
C21464,Kolkata,Delhi,1500,Industrial Goods,1.31,6,same_day
C21465,Lucknow,Delhi,550,Electronics,2.3,6,urgent
C21466,Kolkata,Bhubaneswar,440,Electronics,0.84,6,normal
C21467,Delhi,Mumbai,1400,Textiles,3.15,20,normal
C21468,Bengaluru,Delhi,2150,Furniture,0.37,2,urgent
C21469,Bhubaneswar,Kolkata,440,Auto Parts,2.24,18,normal
C21470,Delhi,Jaipur,280,Pharma,1.21,19,normal
C21471,Delhi,Bengaluru,2150,Pharma,1.57,17,normal
C21472,Chennai,Hyderabad,630,Pharma,2.65,23,normal
C21473,Delhi,Kolkata,1500,Industrial Goods,0.47,23,normal
C21474,Bengaluru,Hyderabad,570,Pharma,2.77,8,normal
C21475,Delhi,Jaipur,280,Electronics,0.57,17,normal
C21476,Bengaluru,Hyderabad,570,E-commerce Parcels,0.4,11,normal
C21477,Delhi,Mumbai,1400,Textiles,5.75,3,normal
C21478,Bengaluru,Chennai,350,E-commerce Parcels,0.21,23,same_day
C21479,Bengaluru,Delhi,2150,E-commerce Parcels,0.75,1,normal
C21480,Bengaluru,Mumbai,980,FMCG,0.6,11,normal
C21481,Jaipur,Ahmedabad,670,Pharma,1.18,17,same_day
C21482,Mumbai,Pune,150,FMCG,0.35,8,normal
C21483,Bengaluru,Chennai,350,Electronics,0.4,7,normal
C21484,Lucknow,Delhi,550,Auto Parts,0.24,14,normal
C21485,Chennai,Bengaluru,350,Pharma,1.31,4,normal
C21486,Delhi,Mumbai,1400,Furniture,4.9,8,normal
C21487,Delhi,Kolkata,1500,Auto Parts,1.72,13,normal
C21488,Bengaluru,Mumbai,980,Furniture,1.28,2,same_day
C21489,Delhi,Kolkata,1500,Industrial Goods,1.93,10,urgent
C21490,Chennai,Bengaluru,350,Pharma,4.01,18,urgent
C21491,Chennai,Bengaluru,350,FMCG,1.08,17,normal
C21492,Mumbai,Pune,150,Electronics,0.26,11,normal
C21493,Chennai,Bengaluru,350,Auto Parts,0.22,6,normal
C21494,Jaipur,Delhi,280,E-commerce Parcels,1.85,20,normal
C21495,Mumbai,Delhi,1400,E-commerce Parcels,3.25,1,normal
C21496,Delhi,Jaipur,280,Pharma,0.46,12,same_day
C21497,Kolkata,Bhubaneswar,440,Furniture,1.67,0,normal
C21498,Lucknow,Delhi,550,E-commerce Parcels,0.68,0,normal
C21499,Chennai,Bengaluru,350,Textiles,0.73,19,same_day
C21500,Ahmedabad,Mumbai,530,Auto Parts,0.4,20,same_day
C21501,Mumbai,Bengaluru,980,Auto Parts,2.63,7,normal
C21502,Delhi,Bengaluru,2150,Textiles,2.51,17,normal
C21503,Jaipur,Ahmedabad,670,E-commerce Parcels,1.53,0,normal
C21504,Mumbai,Ahmedabad,530,Pharma,0.61,2,normal
C21505,Bengaluru,Chennai,350,FMCG,0.35,0,normal
C21506,Chennai,Bengaluru,350,Furniture,0.78,14,normal
C21507,Bengaluru,Chennai,350,Electronics,1.23,18,normal
C21508,Mumbai,Delhi,1400,Electronics,6.3,7,normal
C21509,Bhubaneswar,Kolkata,440,E-commerce Parcels,0.47,17,normal
C21510,Chennai,Hyderabad,630,FMCG,1.44,22,normal
C21511,Ahmedabad,Mumbai,530,Electronics,0.65,22,normal
C21512,Bengaluru,Hyderabad,570,Furniture,2.12,22,normal
C21513,Jaipur,Delhi,280,Electronics,0.48,14,normal
C21514,Delhi,Kolkata,1500,Auto Parts,3.13,6,normal
C21515,Delhi,Lucknow,550,Textiles,1.77,23,same_day
C21516,Ahmedabad,Jaipur,670,Textiles,1.27,2,normal
C21517,Delhi,Jaipur,280,E-commerce Parcels,4.89,13,urgent
C21518,Bengaluru,Hyderabad,570,E-commerce Parcels,1.11,5,normal
C21519,Ahmedabad,Jaipur,670,Auto Parts,1.29,9,normal
C21520,Delhi,Mumbai,1400,Textiles,2.19,20,normal
C21521,Mumbai,Ahmedabad,530,Industrial Goods,0.71,5,normal
C21522,Jaipur,Ahmedabad,670,E-commerce Parcels,3.73,17,normal
C21523,Bengaluru,Hyderabad,570,Furniture,7.87,5,normal
C21524,Bengaluru,Chennai,350,FMCG,0.59,0,same_day
C21525,Bengaluru,Chennai,350,E-commerce Parcels,1.19,3,normal
C21526,Hyderabad,Bengaluru,570,Auto Parts,4.57,5,same_day
C21527,Bengaluru,Delhi,2150,E-commerce Parcels,0.59,8,normal
C21528,Bengaluru,Chennai,350,E-commerce Parcels,0.48,23,normal
C21529,Delhi,Bengaluru,2150,Furniture,6.49,17,normal
C21530,Delhi,Bengaluru,2150,Industrial Goods,1.27,15,normal
C21531,Ahmedabad,Jaipur,670,E-commerce Parcels,0.86,18,urgent
C21532,Kolkata,Delhi,1500,E-commerce Parcels,0.72,16,same_day
C21533,Pune,Mumbai,150,Auto Parts,4.18,11,normal
C21534,Delhi,Mumbai,1400,Electronics,2.04,0,same_day
C21535,Lucknow,Delhi,550,Textiles,0.25,8,normal
C21536,Ahmedabad,Jaipur,670,FMCG,1.57,10,normal
C21537,Hyderabad,Chennai,630,E-commerce Parcels,3.65,8,urgent
C21538,Bhubaneswar,Kolkata,440,Industrial Goods,2.21,20,normal
C21539,Pune,Mumbai,150,Industrial Goods,0.66,19,normal
C21540,Kolkata,Delhi,1500,Industrial Goods,0.88,15,normal
C21541,Lucknow,Delhi,550,Furniture,1.7,5,normal
C21542,Mumbai,Ahmedabad,530,E-commerce Parcels,1.8,8,normal
C21543,Bhubaneswar,Kolkata,440,FMCG,0.68,19,normal
C21544,Mumbai,Ahmedabad,530,Auto Parts,0.26,15,normal
C21545,Kolkata,Delhi,1500,Auto Parts,4.8,5,same_day
C21546,Kolkata,Bhubaneswar,440,Textiles,1.47,5,normal
C21547,Delhi,Kolkata,1500,FMCG,0.59,19,normal
C21548,Mumbai,Delhi,1400,Electronics,0.86,17,normal
C21549,Ahmedabad,Jaipur,670,E-commerce Parcels,0.74,14,normal
C21550,Mumbai,Bengaluru,980,FMCG,2.65,22,normal
C21551,Jaipur,Delhi,280,Textiles,1.87,16,same_day
C21552,Hyderabad,Chennai,630,Electronics,0.9,14,same_day
C21553,Hyderabad,Chennai,630,E-commerce Parcels,0.66,20,normal
C21554,Ahmedabad,Mumbai,530,E-commerce Parcels,0.33,15,same_day
C21555,Bengaluru,Chennai,350,Furniture,1.91,6,urgent
C21556,Jaipur,Delhi,280,E-commerce Parcels,0.44,10,normal
C21557,Delhi,Lucknow,550,Industrial Goods,2.61,11,normal
C21558,Jaipur,Delhi,280,Textiles,0.35,11,normal
C21559,Chennai,Hyderabad,630,Furniture,1.21,17,normal
C21560,Mumbai,Pune,150,FMCG,0.67,16,normal
C21561,Lucknow,Delhi,550,Auto Parts,0.74,3,normal
C21562,Bengaluru,Mumbai,980,FMCG,2.26,11,normal
C21563,Mumbai,Bengaluru,980,Textiles,2.63,1,same_day
C21564,Lucknow,Delhi,550,Textiles,1.69,14,same_day
C21565,Delhi,Jaipur,280,Furniture,0.49,0,normal
C21566,Delhi,Mumbai,1400,Pharma,0.28,20,normal
C21567,Delhi,Jaipur,280,Textiles,0.56,3,normal
C21568,Bengaluru,Chennai,350,Furniture,0.41,10,normal
C21569,Delhi,Lucknow,550,Pharma,2.29,6,same_day
C21570,Jaipur,Delhi,280,Electronics,2.03,6,normal
C21571,Mumbai,Bengaluru,980,Industrial Goods,1.43,22,same_day
C21572,Delhi,Bengaluru,2150,E-commerce Parcels,0.59,8,normal
C21573,Delhi,Kolkata,1500,Pharma,2.01,0,normal
C21574,Hyderabad,Chennai,630,Auto Parts,1.48,9,same_day
C21575,Delhi,Kolkata,1500,Auto Parts,0.25,15,normal
C21576,Bengaluru,Chennai,350,Auto Parts,0.71,1,normal
C21577,Jaipur,Delhi,280,Electronics,1.93,20,normal
C21578,Lucknow,Delhi,550,E-commerce Parcels,2.97,4,normal
C21579,Mumbai,Ahmedabad,530,Industrial Goods,1.15,7,same_day
C21580,Mumbai,Delhi,1400,E-commerce Parcels,2.13,11,normal
C21581,Pune,Mumbai,150,FMCG,2.33,6,urgent
C21582,Delhi,Mumbai,1400,Electronics,4.01,5,urgent
C21583,Bhubaneswar,Kolkata,440,E-commerce Parcels,3.39,14,same_day
C21584,Bhubaneswar,Kolkata,440,Pharma,0.35,17,normal
C21585,Bengaluru,Mumbai,980,Pharma,0.41,15,normal
C21586,Bengaluru,Hyderabad,570,E-commerce Parcels,3.81,11,normal
C21587,Ahmedabad,Mumbai,530,Furniture,0.71,0,normal
C21588,Delhi,Kolkata,1500,Pharma,1.05,21,normal
C21589,Kolkata,Bhubaneswar,440,Electronics,1.1,11,same_day
C21590,Delhi,Lucknow,550,Furniture,3.95,18,same_day
C21591,Bengaluru,Hyderabad,570,Pharma,2.31,16,normal
C21592,Pune,Mumbai,150,Auto Parts,0.35,13,normal
C21593,Mumbai,Bengaluru,980,Auto Parts,0.7,22,normal
C21594,Kolkata,Delhi,1500,E-commerce Parcels,0.49,10,normal
C21595,Delhi,Bengaluru,2150,E-commerce Parcels,1.99,23,normal
C21596,Jaipur,Delhi,280,FMCG,4.21,0,normal
C21597,Bengaluru,Mumbai,980,FMCG,0.7,3,normal
C21598,Kolkata,Bhubaneswar,440,Auto Parts,0.79,0,normal
C21599,Delhi,Bengaluru,2150,Auto Parts,4.76,9,normal
C21600,Lucknow,Delhi,550,Pharma,5.68,0,normal
C21601,Bengaluru,Delhi,2150,Furniture,0.26,10,normal
C21602,Kolkata,Bhubaneswar,440,Pharma,3.47,8,normal
C21603,Bhubaneswar,Kolkata,440,Industrial Goods,1.11,3,normal
C21604,Delhi,Jaipur,280,Electronics,6.41,12,normal
C21605,Mumbai,Pune,150,E-commerce Parcels,1.27,3,normal
C21606,Mumbai,Bengaluru,980,FMCG,5.94,15,normal
C21607,Bengaluru,Chennai,350,Electronics,5.4,18,urgent
C21608,Delhi,Jaipur,280,FMCG,1.43,16,normal
C21609,Ahmedabad,Jaipur,670,Industrial Goods,3.2,18,normal
C21610,Ahmedabad,Mumbai,530,Pharma,0.93,11,normal
C21611,Kolkata,Delhi,1500,Pharma,0.78,18,normal
C21612,Bhubaneswar,Kolkata,440,Textiles,5.48,10,normal
C21613,Delhi,Bengaluru,2150,Electronics,0.21,18,same_day
C21614,Mumbai,Ahmedabad,530,Electronics,0.96,17,same_day
C21615,Delhi,Bengaluru,2150,Furniture,1.24,22,normal
C21616,Kolkata,Bhubaneswar,440,E-commerce Parcels,0.44,2,normal
C21617,Delhi,Bengaluru,2150,E-commerce Parcels,2.27,0,normal
C21618,Ahmedabad,Jaipur,670,Textiles,0.24,23,normal
C21619,Delhi,Kolkata,1500,E-commerce Parcels,0.72,13,normal
C21620,Mumbai,Delhi,1400,Electronics,0.74,21,normal
C21621,Bhubaneswar,Kolkata,440,Auto Parts,0.66,4,normal
C21622,Mumbai,Delhi,1400,E-commerce Parcels,0.81,12,normal
C21623,Mumbai,Pune,150,Pharma,2.74,20,same_day
C21624,Bengaluru,Chennai,350,Auto Parts,0.47,2,normal
C21625,Chennai,Bengaluru,350,Textiles,0.21,16,normal
C21626,Bengaluru,Mumbai,980,FMCG,1.92,2,normal
C21627,Jaipur,Ahmedabad,670,Textiles,2.97,16,normal
C21628,Delhi,Bengaluru,2150,Pharma,4.22,11,normal
C21629,Bhubaneswar,Kolkata,440,E-commerce Parcels,0.8,11,normal
C21630,Delhi,Mumbai,1400,Textiles,0.49,20,urgent
C21631,Delhi,Bengaluru,2150,E-commerce Parcels,0.26,13,normal
C21632,Kolkata,Bhubaneswar,440,Electronics,0.49,23,normal
C21633,Pune,Mumbai,150,Auto Parts,2.43,6,normal
C21634,Jaipur,Ahmedabad,670,Auto Parts,2.92,14,normal
C21635,Delhi,Mumbai,1400,FMCG,0.29,5,normal
C21636,Bengaluru,Hyderabad,570,Electronics,1.19,23,normal
C21637,Mumbai,Bengaluru,980,Industrial Goods,1.02,13,normal
C21638,Bengaluru,Hyderabad,570,Electronics,5.51,0,normal
C21639,Jaipur,Delhi,280,E-commerce Parcels,1.59,14,normal
C21640,Delhi,Jaipur,280,E-commerce Parcels,3.52,18,normal
C21641,Delhi,Jaipur,280,E-commerce Parcels,2.08,3,normal
C21642,Kolkata,Delhi,1500,Auto Parts,1.28,20,normal
C21643,Hyderabad,Chennai,630,Electronics,4.78,16,normal
C21644,Kolkata,Delhi,1500,Auto Parts,3.19,15,same_day
C21645,Mumbai,Pune,150,Electronics,1.08,20,normal
C21646,Kolkata,Bhubaneswar,440,Furniture,0.74,8,normal
C21647,Delhi,Lucknow,550,FMCG,4.41,20,normal
C21648,Kolkata,Delhi,1500,Auto Parts,2.27,13,normal
C21649,Kolkata,Bhubaneswar,440,Pharma,0.29,4,normal
C21650,Chennai,Bengaluru,350,Textiles,3.39,8,normal
C21651,Bengaluru,Hyderabad,570,Auto Parts,0.51,5,normal
C21652,Pune,Mumbai,150,FMCG,1.19,3,urgent
C21653,Chennai,Bengaluru,350,FMCG,0.38,22,normal
C21654,Delhi,Kolkata,1500,Textiles,1.39,19,normal
C21655,Jaipur,Delhi,280,Textiles,1.02,11,same_day
C21656,Jaipur,Delhi,280,Electronics,2.71,16,same_day
C21657,Lucknow,Delhi,550,Industrial Goods,0.23,13,urgent
C21658,Mumbai,Bengaluru,980,Furniture,1.63,11,normal
C21659,Pune,Mumbai,150,Pharma,0.56,8,normal
C21660,Bengaluru,Hyderabad,570,Industrial Goods,2.48,5,normal
C21661,Delhi,Lucknow,550,FMCG,0.61,6,same_day
C21662,Chennai,Hyderabad,630,Industrial Goods,1.36,18,normal
C21663,Chennai,Hyderabad,630,E-commerce Parcels,0.41,23,normal
C21664,Pune,Mumbai,150,Pharma,3.16,18,normal
C21665,Ahmedabad,Mumbai,530,Industrial Goods,2.03,11,normal
C21666,Lucknow,Delhi,550,Textiles,2.49,2,normal
C21667,Bengaluru,Chennai,350,E-commerce Parcels,0.75,15,normal
C21668,Chennai,Bengaluru,350,Industrial Goods,0.37,2,same_day
C21669,Jaipur,Delhi,280,Industrial Goods,2.58,18,same_day
C21670,Bengaluru,Delhi,2150,Textiles,0.29,11,normal
C21671,Mumbai,Delhi,1400,Pharma,4.62,6,normal
C21672,Bhubaneswar,Kolkata,440,Textiles,0.27,20,normal
C21673,Delhi,Lucknow,550,FMCG,3.04,14,normal
C21674,Jaipur,Ahmedabad,670,Industrial Goods,5.48,3,same_day
C21675,Chennai,Bengaluru,350,E-commerce Parcels,0.54,15,normal
C21676,Hyderabad,Bengaluru,570,Industrial Goods,0.76,8,normal
C21677,Chennai,Hyderabad,630,Pharma,3.11,18,normal
C21678,Bengaluru,Mumbai,980,Pharma,0.31,11,normal
C21679,Mumbai,Delhi,1400,Pharma,0.68,2,normal
C21680,Jaipur,Delhi,280,E-commerce Parcels,1.49,22,normal
C21681,Ahmedabad,Mumbai,530,Auto Parts,1.36,12,normal
C21682,Kolkata,Delhi,1500,Furniture,0.45,2,same_day
C21683,Bengaluru,Chennai,350,Electronics,0.84,2,normal
C21684,Kolkata,Delhi,1500,Industrial Goods,0.94,15,normal
C21685,Bengaluru,Mumbai,980,Auto Parts,0.33,11,normal
C21686,Bengaluru,Hyderabad,570,Auto Parts,3.7,3,same_day
C21687,Chennai,Bengaluru,350,Electronics,1.39,1,normal
C21688,Delhi,Mumbai,1400,Electronics,1.16,0,normal
C21689,Jaipur,Delhi,280,Electronics,2.48,1,normal
C21690,Delhi,Jaipur,280,Industrial Goods,0.9,10,normal
C21691,Bengaluru,Delhi,2150,Auto Parts,2.69,5,same_day
C21692,Bengaluru,Mumbai,980,Industrial Goods,0.45,23,normal
C21693,Hyderabad,Bengaluru,570,E-commerce Parcels,5.98,2,normal
C21694,Kolkata,Bhubaneswar,440,Textiles,0.52,22,normal
C21695,Hyderabad,Chennai,630,Industrial Goods,2.18,3,normal
C21696,Hyderabad,Bengaluru,570,Textiles,1.22,20,normal
C21697,Bengaluru,Delhi,2150,E-commerce Parcels,1.05,6,normal
C21698,Bengaluru,Hyderabad,570,Textiles,0.49,13,normal
C21699,Delhi,Lucknow,550,Pharma,2.14,7,normal
C21700,Mumbai,Delhi,1400,Auto Parts,0.57,2,same_day
C21701,Mumbai,Pune,150,Furniture,1.51,10,normal
C21702,Jaipur,Delhi,280,Auto Parts,5.72,23,normal
C21703,Ahmedabad,Mumbai,530,Furniture,6.73,23,normal
C21704,Mumbai,Bengaluru,980,Pharma,0.31,12,normal
C21705,Bengaluru,Delhi,2150,E-commerce Parcels,3.0,3,same_day
C21706,Jaipur,Delhi,280,Electronics,0.27,23,normal
C21707,Pune,Mumbai,150,E-commerce Parcels,1.11,8,normal
C21708,Bengaluru,Hyderabad,570,Auto Parts,0.42,0,same_day
C21709,Delhi,Lucknow,550,FMCG,1.72,17,same_day
C21710,Pune,Mumbai,150,Pharma,3.74,4,normal
C21711,Bhubaneswar,Kolkata,440,Auto Parts,3.35,19,urgent
C21712,Mumbai,Delhi,1400,Pharma,0.49,6,normal
C21713,Bengaluru,Delhi,2150,Electronics,0.28,6,normal
C21714,Mumbai,Delhi,1400,E-commerce Parcels,1.13,2,normal
C21715,Mumbai,Delhi,1400,E-commerce Parcels,1.05,8,normal
C21716,Hyderabad,Bengaluru,570,Auto Parts,1.24,23,normal
C21717,Delhi,Bengaluru,2150,Industrial Goods,2.41,18,normal
C21718,Chennai,Bengaluru,350,Auto Parts,5.98,21,normal
C21719,Bengaluru,Hyderabad,570,Pharma,0.7,14,same_day
C21720,Hyderabad,Chennai,630,FMCG,1.37,17,normal
C21721,Hyderabad,Bengaluru,570,Auto Parts,0.61,2,normal
C21722,Chennai,Bengaluru,350,FMCG,3.69,14,normal
C21723,Mumbai,Bengaluru,980,Pharma,1.77,10,normal
C21724,Lucknow,Delhi,550,Electronics,1.02,18,normal
C21725,Mumbai,Ahmedabad,530,Auto Parts,0.23,18,normal
C21726,Delhi,Jaipur,280,FMCG,0.67,6,normal
C21727,Delhi,Kolkata,1500,Furniture,1.29,17,normal
C21728,Delhi,Jaipur,280,FMCG,0.56,22,normal
C21729,Bengaluru,Hyderabad,570,E-commerce Parcels,1.68,16,same_day
C21730,Delhi,Mumbai,1400,E-commerce Parcels,0.35,13,normal
C21731,Jaipur,Delhi,280,Pharma,2.49,18,normal
C21732,Jaipur,Delhi,280,Furniture,3.23,19,normal
C21733,Delhi,Jaipur,280,Pharma,0.73,23,normal
C21734,Hyderabad,Chennai,630,Electronics,0.23,23,normal
C21735,Chennai,Hyderabad,630,E-commerce Parcels,0.21,8,normal
C21736,Mumbai,Bengaluru,980,Industrial Goods,1.82,20,normal
C21737,Pune,Mumbai,150,Auto Parts,0.92,5,normal
C21738,Delhi,Mumbai,1400,Industrial Goods,1.09,6,normal
C21739,Mumbai,Pune,150,FMCG,0.36,19,normal
C21740,Mumbai,Ahmedabad,530,Furniture,0.48,9,normal
C21741,Mumbai,Pune,150,Textiles,0.68,11,normal
C21742,Jaipur,Delhi,280,Electronics,0.75,20,normal
C21743,Bhubaneswar,Kolkata,440,Electronics,3.2,6,normal
C21744,Ahmedabad,Mumbai,530,FMCG,1.47,0,same_day
C21745,Delhi,Lucknow,550,Textiles,0.44,0,same_day
C21746,Mumbai,Bengaluru,980,Industrial Goods,3.89,13,normal
C21747,Delhi,Kolkata,1500,Pharma,1.49,8,normal
C21748,Hyderabad,Bengaluru,570,FMCG,1.64,4,normal
C21749,Delhi,Jaipur,280,Furniture,1.69,17,normal
C21750,Mumbai,Bengaluru,980,E-commerce Parcels,1.64,0,normal
C21751,Ahmedabad,Mumbai,530,Pharma,1.66,14,normal
C21752,Delhi,Mumbai,1400,Furniture,5.04,14,urgent
C21753,Jaipur,Ahmedabad,670,Electronics,0.69,3,normal
C21754,Delhi,Bengaluru,2150,Furniture,0.71,4,normal
C21755,Pune,Mumbai,150,Auto Parts,0.38,8,normal
C21756,Chennai,Hyderabad,630,Textiles,3.78,17,normal
C21757,Mumbai,Bengaluru,980,FMCG,3.75,13,normal
C21758,Delhi,Bengaluru,2150,Electronics,2.9,13,urgent
C21759,Hyderabad,Bengaluru,570,Textiles,0.51,21,normal
C21760,Bengaluru,Delhi,2150,E-commerce Parcels,0.35,23,normal
C21761,Jaipur,Delhi,280,Textiles,0.37,20,normal
C21762,Mumbai,Pune,150,FMCG,6.99,12,urgent
C21763,Delhi,Bengaluru,2150,Industrial Goods,0.3,18,normal
C21764,Delhi,Kolkata,1500,FMCG,3.36,12,normal
C21765,Ahmedabad,Mumbai,530,Industrial Goods,0.22,0,normal
C21766,Jaipur,Delhi,280,Industrial Goods,0.69,23,normal
C21767,Mumbai,Ahmedabad,530,Auto Parts,2.1,6,normal
C21768,Bengaluru,Mumbai,980,E-commerce Parcels,0.39,20,urgent
C21769,Delhi,Bengaluru,2150,Industrial Goods,4.96,9,urgent
C21770,Kolkata,Delhi,1500,FMCG,1.11,7,normal
C21771,Delhi,Mumbai,1400,Pharma,2.03,0,normal
C21772,Delhi,Bengaluru,2150,Pharma,2.03,7,normal
C21773,Mumbai,Bengaluru,980,E-commerce Parcels,0.38,19,normal
C21774,Kolkata,Bhubaneswar,440,Textiles,0.43,23,normal
C21775,Bengaluru,Mumbai,980,Industrial Goods,0.32,18,same_day
C21776,Bengaluru,Mumbai,980,Pharma,0.42,0,same_day
C21777,Delhi,Jaipur,280,Auto Parts,3.21,0,normal
C21778,Bengaluru,Mumbai,980,Pharma,1.23,8,normal
C21779,Ahmedabad,Jaipur,670,Industrial Goods,0.61,22,normal
C21780,Lucknow,Delhi,550,Furniture,4.47,8,same_day
C21781,Jaipur,Delhi,280,E-commerce Parcels,1.4,11,normal
C21782,Bengaluru,Delhi,2150,Furniture,1.31,2,same_day
C21783,Chennai,Hyderabad,630,Industrial Goods,2.56,19,normal
C21784,Bengaluru,Mumbai,980,Pharma,1.09,3,same_day
C21785,Mumbai,Bengaluru,980,Textiles,5.95,10,same_day
C21786,Delhi,Lucknow,550,Industrial Goods,0.23,0,same_day
C21787,Ahmedabad,Jaipur,670,Pharma,1.85,11,normal
C21788,Hyderabad,Bengaluru,570,Industrial Goods,0.22,6,same_day
C21789,Delhi,Bengaluru,2150,Pharma,0.25,4,normal
C21790,Delhi,Jaipur,280,Industrial Goods,1.93,8,normal
C21791,Bengaluru,Delhi,2150,E-commerce Parcels,0.85,22,normal
C21792,Delhi,Mumbai,1400,E-commerce Parcels,7.65,20,same_day
C21793,Kolkata,Delhi,1500,Pharma,0.51,5,urgent
C21794,Mumbai,Ahmedabad,530,FMCG,0.33,2,normal
C21795,Mumbai,Pune,150,Auto Parts,4.42,21,normal
C21796,Delhi,Lucknow,550,Industrial Goods,0.74,11,same_day
C21797,Chennai,Bengaluru,350,Textiles,3.15,14,normal
C21798,Chennai,Hyderabad,630,Furniture,0.68,0,same_day
C21799,Jaipur,Ahmedabad,670,FMCG,1.29,17,same_day
C21800,Delhi,Bengaluru,2150,Auto Parts,1.75,21,same_day
C21801,Delhi,Mumbai,1400,Furniture,1.28,23,normal
C21802,Chennai,Hyderabad,630,Industrial Goods,0.56,0,normal
C21803,Mumbai,Bengaluru,980,Auto Parts,2.59,9,normal
C21804,Kolkata,Bhubaneswar,440,FMCG,0.33,21,same_day
C21805,Mumbai,Ahmedabad,530,E-commerce Parcels,1.73,4,normal
C21806,Lucknow,Delhi,550,Industrial Goods,7.24,14,normal
C21807,Delhi,Kolkata,1500,Pharma,0.23,21,same_day
C21808,Bengaluru,Chennai,350,Pharma,0.23,20,normal
C21809,Delhi,Kolkata,1500,Auto Parts,0.69,15,normal
C21810,Hyderabad,Bengaluru,570,Pharma,0.57,2,normal
C21811,Mumbai,Delhi,1400,Furniture,1.16,16,same_day
C21812,Mumbai,Pune,150,FMCG,7.28,20,same_day
C21813,Mumbai,Bengaluru,980,Textiles,0.67,19,urgent
C21814,Bengaluru,Hyderabad,570,Industrial Goods,0.54,7,normal
C21815,Delhi,Bengaluru,2150,E-commerce Parcels,1.91,19,urgent
C21816,Bhubaneswar,Kolkata,440,Electronics,6.72,23,normal
C21817,Hyderabad,Bengaluru,570,Textiles,0.96,7,normal
C21818,Jaipur,Delhi,280,Textiles,1.26,23,normal
C21819,Mumbai,Ahmedabad,530,Auto Parts,0.62,2,normal
C21820,Delhi,Kolkata,1500,FMCG,1.46,2,normal
C21821,Mumbai,Bengaluru,980,Furniture,2.5,2,normal
C21822,Mumbai,Ahmedabad,530,Pharma,0.65,16,urgent
C21823,Mumbai,Ahmedabad,530,Pharma,0.74,1,urgent
C21824,Pune,Mumbai,150,E-commerce Parcels,6.17,5,same_day
C21825,Mumbai,Ahmedabad,530,Auto Parts,0.88,15,normal
C21826,Mumbai,Delhi,1400,FMCG,0.95,15,normal
C21827,Delhi,Jaipur,280,E-commerce Parcels,0.36,10,normal
C21828,Bengaluru,Chennai,350,Furniture,1.92,23,normal
C21829,Chennai,Hyderabad,630,Pharma,1.65,14,normal
C21830,Mumbai,Bengaluru,980,Electronics,2.57,9,normal
C21831,Mumbai,Bengaluru,980,Furniture,2.49,20,same_day
C21832,Mumbai,Delhi,1400,Furniture,4.5,15,normal
C21833,Mumbai,Ahmedabad,530,Industrial Goods,3.43,0,normal
C21834,Bhubaneswar,Kolkata,440,Industrial Goods,1.52,6,same_day
C21835,Mumbai,Bengaluru,980,Textiles,2.34,11,normal
C21836,Mumbai,Ahmedabad,530,Furniture,2.58,21,same_day
C21837,Lucknow,Delhi,550,Electronics,3.87,4,normal
C21838,Mumbai,Bengaluru,980,Pharma,2.94,22,same_day
C21839,Jaipur,Ahmedabad,670,E-commerce Parcels,1.17,0,same_day
C21840,Ahmedabad,Jaipur,670,Pharma,0.35,4,normal
C21841,Mumbai,Delhi,1400,Electronics,4.1,12,urgent
C21842,Jaipur,Ahmedabad,670,FMCG,0.98,0,urgent
C21843,Kolkata,Delhi,1500,Auto Parts,0.22,13,normal
C21844,Lucknow,Delhi,550,Furniture,1.17,0,normal
C21845,Kolkata,Bhubaneswar,440,Industrial Goods,2.18,20,same_day
C21846,Hyderabad,Bengaluru,570,Textiles,0.66,10,normal
C21847,Chennai,Bengaluru,350,Textiles,0.26,16,same_day
C21848,Delhi,Jaipur,280,E-commerce Parcels,1.51,9,normal
C21849,Kolkata,Bhubaneswar,440,Auto Parts,0.77,18,normal
C21850,Kolkata,Bhubaneswar,440,Furniture,1.87,2,normal
C21851,Bengaluru,Delhi,2150,E-commerce Parcels,1.51,11,same_day
C21852,Jaipur,Delhi,280,Electronics,0.62,22,same_day
C21853,Kolkata,Delhi,1500,Furniture,1.03,16,normal
C21854,Jaipur,Delhi,280,E-commerce Parcels,1.21,7,normal
C21855,Jaipur,Ahmedabad,670,Furniture,4.39,14,same_day
C21856,Delhi,Kolkata,1500,E-commerce Parcels,5.9,20,normal
C21857,Delhi,Bengaluru,2150,Pharma,2.08,18,normal
C21858,Mumbai,Bengaluru,980,Pharma,0.23,10,normal
C21859,Bhubaneswar,Kolkata,440,Pharma,2.74,6,normal
C21860,Bengaluru,Chennai,350,Pharma,1.03,0,same_day
C21861,Pune,Mumbai,150,Electronics,4.36,16,normal
C21862,Bengaluru,Chennai,350,Industrial Goods,2.08,6,same_day
C21863,Kolkata,Delhi,1500,E-commerce Parcels,0.51,21,normal
C21864,Pune,Mumbai,150,FMCG,1.33,7,same_day
C21865,Chennai,Hyderabad,630,E-commerce Parcels,1.1,9,normal
C21866,Mumbai,Ahmedabad,530,Textiles,0.59,20,normal
C21867,Bengaluru,Chennai,350,Furniture,1.63,10,normal
C21868,Bengaluru,Delhi,2150,Industrial Goods,0.64,21,normal
C21869,Delhi,Kolkata,1500,Furniture,5.15,4,normal
C21870,Bhubaneswar,Kolkata,440,Textiles,1.14,9,normal
C21871,Chennai,Hyderabad,630,Auto Parts,0.46,23,normal
C21872,Delhi,Kolkata,1500,E-commerce Parcels,0.64,12,normal
C21873,Jaipur,Delhi,280,Pharma,0.74,3,normal
C21874,Chennai,Hyderabad,630,Furniture,0.96,19,normal
C21875,Delhi,Mumbai,1400,Industrial Goods,1.59,10,normal
C21876,Delhi,Jaipur,280,FMCG,3.66,4,same_day
C21877,Mumbai,Delhi,1400,Auto Parts,2.12,22,normal
C21878,Mumbai,Ahmedabad,530,Pharma,0.58,8,normal
C21879,Pune,Mumbai,150,Furniture,0.23,0,normal
C21880,Kolkata,Bhubaneswar,440,E-commerce Parcels,1.92,23,normal
C21881,Bhubaneswar,Kolkata,440,Textiles,1.92,5,normal
C21882,Mumbai,Pune,150,FMCG,0.43,3,urgent
C21883,Delhi,Kolkata,1500,E-commerce Parcels,0.89,5,normal
C21884,Lucknow,Delhi,550,Industrial Goods,0.63,2,normal
C21885,Chennai,Hyderabad,630,Electronics,4.16,19,normal
C21886,Kolkata,Delhi,1500,Textiles,0.7,17,same_day
C21887,Hyderabad,Bengaluru,570,Textiles,4.33,19,normal
C21888,Kolkata,Bhubaneswar,440,Textiles,3.53,3,normal
C21889,Chennai,Hyderabad,630,Textiles,0.35,21,normal
C21890,Mumbai,Pune,150,Furniture,2.91,23,same_day
C21891,Jaipur,Ahmedabad,670,Pharma,0.7,16,same_day
C21892,Bhubaneswar,Kolkata,440,Industrial Goods,0.67,15,normal
C21893,Kolkata,Delhi,1500,E-commerce Parcels,0.38,1,normal
C21894,Lucknow,Delhi,550,Pharma,0.85,0,normal
C21895,Hyderabad,Chennai,630,Textiles,0.93,6,normal
C21896,Ahmedabad,Mumbai,530,Pharma,3.99,13,normal
C21897,Mumbai,Bengaluru,980,Furniture,3.09,12,normal
C21898,Bengaluru,Delhi,2150,Electronics,1.07,4,same_day
C21899,Kolkata,Delhi,1500,FMCG,3.76,14,normal
C21900,Bengaluru,Mumbai,980,Industrial Goods,5.8,6,normal
C21901,Chennai,Hyderabad,630,E-commerce Parcels,2.26,7,normal
C21902,Delhi,Bengaluru,2150,Furniture,4.98,21,normal
C21903,Mumbai,Bengaluru,980,Auto Parts,0.37,4,same_day
C21904,Bhubaneswar,Kolkata,440,Textiles,0.96,13,same_day
C21905,Chennai,Bengaluru,350,Furniture,6.55,15,normal
C21906,Delhi,Kolkata,1500,Furniture,1.3,6,normal
C21907,Delhi,Jaipur,280,Furniture,0.64,2,normal
C21908,Lucknow,Delhi,550,Textiles,2.31,9,normal
C21909,Delhi,Bengaluru,2150,E-commerce Parcels,0.68,17,normal
C21910,Delhi,Lucknow,550,Pharma,3.56,7,same_day
C21911,Kolkata,Delhi,1500,Industrial Goods,0.41,6,normal
C21912,Lucknow,Delhi,550,Textiles,0.21,14,normal
C21913,Ahmedabad,Mumbai,530,E-commerce Parcels,0.56,16,normal
C21914,Mumbai,Ahmedabad,530,E-commerce Parcels,3.75,18,normal
C21915,Kolkata,Bhubaneswar,440,Industrial Goods,3.89,0,normal
C21916,Ahmedabad,Mumbai,530,FMCG,1.86,8,normal
C21917,Ahmedabad,Mumbai,530,E-commerce Parcels,2.48,0,normal
C21918,Kolkata,Delhi,1500,Textiles,2.99,8,normal
C21919,Mumbai,Delhi,1400,Industrial Goods,0.56,18,normal
C21920,Mumbai,Bengaluru,980,Furniture,3.98,17,normal
C21921,Bengaluru,Hyderabad,570,Industrial Goods,1.01,12,normal
C21922,Pune,Mumbai,150,Pharma,3.72,1,normal
C21923,Kolkata,Delhi,1500,E-commerce Parcels,2.94,4,normal
C21924,Delhi,Mumbai,1400,Auto Parts,1.49,0,normal
C21925,Lucknow,Delhi,550,Electronics,0.35,16,same_day
C21926,Bengaluru,Hyderabad,570,Electronics,0.45,17,same_day
C21927,Delhi,Jaipur,280,Pharma,5.68,18,same_day
C21928,Hyderabad,Bengaluru,570,E-commerce Parcels,1.64,8,same_day
C21929,Bengaluru,Delhi,2150,Textiles,0.31,23,normal
C21930,Pune,Mumbai,150,Pharma,0.66,9,normal
C21931,Pune,Mumbai,150,FMCG,1.05,23,normal
C21932,Pune,Mumbai,150,Textiles,2.64,10,normal
C21933,Kolkata,Delhi,1500,FMCG,1.13,17,same_day
C21934,Hyderabad,Bengaluru,570,Textiles,3.34,12,normal
C21935,Hyderabad,Chennai,630,E-commerce Parcels,1.45,12,same_day
C21936,Jaipur,Ahmedabad,670,Industrial Goods,4.61,2,normal
C21937,Ahmedabad,Mumbai,530,Industrial Goods,1.92,2,same_day
C21938,Mumbai,Delhi,1400,E-commerce Parcels,1.84,16,normal
C21939,Mumbai,Bengaluru,980,E-commerce Parcels,4.3,7,normal
C21940,Mumbai,Bengaluru,980,Textiles,4.88,7,normal
C21941,Kolkata,Delhi,1500,Industrial Goods,3.64,19,normal
C21942,Mumbai,Pune,150,Auto Parts,0.39,15,same_day
C21943,Mumbai,Bengaluru,980,FMCG,1.08,10,normal
C21944,Chennai,Hyderabad,630,FMCG,5.46,21,normal
C21945,Kolkata,Delhi,1500,E-commerce Parcels,2.16,10,same_day
C21946,Hyderabad,Chennai,630,Furniture,1.57,5,normal
C21947,Jaipur,Ahmedabad,670,Textiles,0.49,1,urgent
C21948,Mumbai,Pune,150,Auto Parts,3.48,8,normal
C21949,Chennai,Hyderabad,630,FMCG,0.3,22,normal
C21950,Bengaluru,Hyderabad,570,FMCG,0.62,22,same_day
C21951,Pune,Mumbai,150,Pharma,0.27,22,normal
C21952,Delhi,Bengaluru,2150,Industrial Goods,0.76,15,normal
C21953,Ahmedabad,Mumbai,530,FMCG,1.27,10,normal
C21954,Delhi,Kolkata,1500,Industrial Goods,0.78,15,normal
C21955,Chennai,Bengaluru,350,E-commerce Parcels,0.71,13,normal
C21956,Bengaluru,Chennai,350,Auto Parts,2.05,23,normal
C21957,Bengaluru,Chennai,350,Electronics,0.92,11,normal
C21958,Mumbai,Delhi,1400,Auto Parts,3.16,22,same_day
C21959,Mumbai,Pune,150,Pharma,2.07,13,urgent
C21960,Ahmedabad,Mumbai,530,Pharma,0.35,19,normal
C21961,Delhi,Jaipur,280,Textiles,0.5,6,normal
C21962,Bengaluru,Delhi,2150,Electronics,1.02,2,normal
C21963,Hyderabad,Chennai,630,Furniture,0.5,11,normal
C21964,Ahmedabad,Mumbai,530,Industrial Goods,3.79,19,normal
C21965,Lucknow,Delhi,550,Furniture,0.93,2,normal
C21966,Lucknow,Delhi,550,Pharma,7.04,10,same_day
C21967,Mumbai,Delhi,1400,Electronics,6.99,6,normal
C21968,Mumbai,Ahmedabad,530,FMCG,4.53,18,urgent
C21969,Delhi,Lucknow,550,Furniture,1.02,18,urgent
C21970,Chennai,Bengaluru,350,Pharma,1.27,15,same_day
C21971,Ahmedabad,Mumbai,530,Auto Parts,2.3,16,same_day
C21972,Mumbai,Delhi,1400,Pharma,5.73,3,normal
C21973,Bengaluru,Delhi,2150,Electronics,1.7,2,normal
C21974,Hyderabad,Bengaluru,570,Auto Parts,0.48,16,normal
C21975,Bengaluru,Delhi,2150,E-commerce Parcels,1.24,14,urgent
C21976,Mumbai,Bengaluru,980,Furniture,2.83,0,normal
C21977,Kolkata,Delhi,1500,Furniture,4.4,23,normal
C21978,Mumbai,Delhi,1400,FMCG,2.97,19,normal
C21979,Delhi,Bengaluru,2150,Electronics,0.65,17,same_day
C21980,Bengaluru,Chennai,350,Electronics,2.81,23,normal
C21981,Mumbai,Bengaluru,980,Textiles,0.32,16,same_day
C21982,Mumbai,Bengaluru,980,Electronics,0.6,20,urgent
C21983,Hyderabad,Bengaluru,570,FMCG,1.17,3,normal
C21984,Hyderabad,Bengaluru,570,Auto Parts,0.24,15,normal
C21985,Chennai,Hyderabad,630,Textiles,2.45,18,normal
C21986,Chennai,Hyderabad,630,Furniture,0.84,3,same_day
C21987,Hyderabad,Chennai,630,E-commerce Parcels,3.49,17,normal
C21988,Kolkata,Delhi,1500,Pharma,2.88,3,normal
C21989,Ahmedabad,Mumbai,530,Textiles,0.62,20,normal
C21990,Pune,Mumbai,150,FMCG,2.9,0,same_day
C21991,Bengaluru,Mumbai,980,Pharma,5.5,9,normal
C21992,Kolkata,Bhubaneswar,440,Auto Parts,5.05,10,normal
C21993,Bengaluru,Delhi,2150,E-commerce Parcels,0.68,4,normal
C21994,Delhi,Bengaluru,2150,Auto Parts,0.34,13,normal
C21995,Kolkata,Bhubaneswar,440,FMCG,0.25,13,normal
C21996,Delhi,Mumbai,1400,Electronics,0.55,12,normal
C21997,Jaipur,Delhi,280,Pharma,0.34,5,urgent
C21998,Jaipur,Delhi,280,Furniture,3.92,12,normal
C21999,Jaipur,Delhi,280,Pharma,3.61,21,same_day
C22000,Jaipur,Ahmedabad,670,Furniture,0.51,22,normal
C22001,Pune,Mumbai,150,FMCG,2.69,17,normal
C22002,Jaipur,Delhi,280,E-commerce Parcels,5.97,20,urgent
C22003,Mumbai,Bengaluru,980,Auto Parts,0.88,5,normal
C22004,Delhi,Jaipur,280,Auto Parts,2.39,12,normal
C22005,Chennai,Bengaluru,350,Industrial Goods,6.54,12,normal
C22006,Ahmedabad,Jaipur,670,E-commerce Parcels,0.81,6,normal
C22007,Mumbai,Bengaluru,980,E-commerce Parcels,4.0,1,normal
C22008,Ahmedabad,Mumbai,530,Furniture,1.04,0,normal
C22009,Delhi,Jaipur,280,Electronics,2.97,6,urgent
C22010,Delhi,Jaipur,280,FMCG,0.31,20,normal
C22011,Mumbai,Delhi,1400,Industrial Goods,0.65,12,normal
C22012,Bengaluru,Hyderabad,570,Industrial Goods,2.63,0,normal
C22013,Bengaluru,Mumbai,980,E-commerce Parcels,1.94,13,same_day
C22014,Mumbai,Pune,150,Furniture,2.66,9,urgent
C22015,Bengaluru,Hyderabad,570,Industrial Goods,1.26,2,urgent
C22016,Chennai,Hyderabad,630,FMCG,0.74,4,same_day
C22017,Hyderabad,Chennai,630,E-commerce Parcels,1.23,10,normal
C22018,Bengaluru,Chennai,350,Electronics,0.67,16,same_day
C22019,Mumbai,Bengaluru,980,Electronics,7.72,1,normal
C22020,Pune,Mumbai,150,Furniture,0.68,19,normal
C22021,Bengaluru,Delhi,2150,FMCG,0.45,9,same_day
C22022,Mumbai,Delhi,1400,Furniture,0.88,2,same_day
C22023,Hyderabad,Bengaluru,570,Furniture,6.1,7,normal
C22024,Mumbai,Ahmedabad,530,E-commerce Parcels,2.69,10,same_day
C22025,Jaipur,Delhi,280,Auto Parts,2.6,12,normal
C22026,Delhi,Bengaluru,2150,Pharma,2.52,10,normal
C22027,Bengaluru,Mumbai,980,Pharma,1.68,5,normal
C22028,Ahmedabad,Jaipur,670,FMCG,0.33,9,normal
C22029,Pune,Mumbai,150,FMCG,1.43,18,normal
C22030,Chennai,Hyderabad,630,Pharma,1.91,6,same_day
C22031,Bengaluru,Mumbai,980,E-commerce Parcels,0.36,20,normal
C22032,Bengaluru,Mumbai,980,Electronics,4.63,8,same_day
C22033,Hyderabad,Bengaluru,570,Industrial Goods,6.35,5,normal
C22034,Bhubaneswar,Kolkata,440,Textiles,1.88,22,normal
C22035,Mumbai,Pune,150,Furniture,3.19,2,same_day
C22036,Delhi,Lucknow,550,Industrial Goods,1.2,6,same_day
C22037,Ahmedabad,Jaipur,670,Electronics,0.51,5,normal
C22038,Chennai,Hyderabad,630,E-commerce Parcels,0.92,5,normal
C22039,Bengaluru,Chennai,350,Industrial Goods,1.26,18,normal
C22040,Jaipur,Delhi,280,Electronics,3.83,2,same_day
C22041,Delhi,Mumbai,1400,Pharma,0.89,18,same_day
C22042,Ahmedabad,Mumbai,530,Auto Parts,0.22,13,same_day
C22043,Delhi,Mumbai,1400,FMCG,0.64,0,normal
C22044,Hyderabad,Chennai,630,Textiles,0.23,4,same_day
C22045,Jaipur,Delhi,280,Auto Parts,3.15,14,normal
C22046,Ahmedabad,Jaipur,670,Electronics,1.59,0,normal
C22047,Mumbai,Pune,150,Industrial Goods,0.58,22,normal
C22048,Delhi,Lucknow,550,Textiles,1.19,22,normal
C22049,Hyderabad,Chennai,630,Industrial Goods,3.25,0,normal
C22050,Hyderabad,Chennai,630,Textiles,0.28,5,same_day
C22051,Hyderabad,Chennai,630,Auto Parts,0.59,20,normal
C22052,Jaipur,Ahmedabad,670,Electronics,0.48,1,normal
C22053,Kolkata,Bhubaneswar,440,Industrial Goods,0.31,20,urgent
C22054,Bhubaneswar,Kolkata,440,E-commerce Parcels,2.8,21,same_day
C22055,Lucknow,Delhi,550,Furniture,2.13,8,same_day
C22056,Ahmedabad,Mumbai,530,Pharma,2.39,18,normal
C22057,Bengaluru,Hyderabad,570,Pharma,3.94,12,normal
C22058,Jaipur,Delhi,280,Pharma,0.71,6,normal
C22059,Pune,Mumbai,150,Furniture,7.21,11,same_day
C22060,Bengaluru,Chennai,350,Industrial Goods,1.96,5,normal
C22061,Bhubaneswar,Kolkata,440,Textiles,3.16,19,normal
C22062,Chennai,Bengaluru,350,Pharma,0.37,3,normal
C22063,Kolkata,Bhubaneswar,440,E-commerce Parcels,0.31,13,normal
C22064,Bengaluru,Chennai,350,Pharma,0.56,3,same_day
C22065,Bengaluru,Mumbai,980,FMCG,1.01,19,normal
C22066,Bengaluru,Delhi,2150,Industrial Goods,3.96,19,normal
C22067,Delhi,Jaipur,280,E-commerce Parcels,1.84,14,normal
C22068,Pune,Mumbai,150,Industrial Goods,4.15,12,normal
C22069,Jaipur,Ahmedabad,670,Auto Parts,0.36,2,same_day
C22070,Bengaluru,Mumbai,980,E-commerce Parcels,0.41,21,normal
C22071,Hyderabad,Bengaluru,570,Textiles,3.69,9,normal
C22072,Chennai,Hyderabad,630,Pharma,0.3,0,normal
C22073,Chennai,Hyderabad,630,Industrial Goods,0.85,7,same_day
C22074,Jaipur,Delhi,280,Industrial Goods,1.26,9,same_day
C22075,Lucknow,Delhi,550,Electronics,2.25,1,normal
C22076,Mumbai,Bengaluru,980,FMCG,0.51,8,normal
C22077,Bengaluru,Hyderabad,570,Auto Parts,3.22,20,urgent
C22078,Kolkata,Delhi,1500,E-commerce Parcels,0.91,16,normal
C22079,Lucknow,Delhi,550,Electronics,1.24,19,same_day
C22080,Hyderabad,Bengaluru,570,Pharma,0.79,2,urgent
C22081,Delhi,Bengaluru,2150,Industrial Goods,0.61,20,same_day
C22082,Bengaluru,Delhi,2150,FMCG,1.66,0,normal
C22083,Chennai,Bengaluru,350,Textiles,7.81,16,normal
C22084,Delhi,Mumbai,1400,Electronics,1.92,16,normal
C22085,Mumbai,Bengaluru,980,Furniture,0.67,16,normal
C22086,Kolkata,Delhi,1500,E-commerce Parcels,0.38,18,urgent
C22087,Hyderabad,Chennai,630,Furniture,2.88,23,same_day
C22088,Delhi,Jaipur,280,Furniture,0.88,6,same_day
C22089,Mumbai,Ahmedabad,530,Auto Parts,1.02,7,normal
C22090,Delhi,Lucknow,550,Furniture,3.52,19,normal
C22091,Delhi,Jaipur,280,Auto Parts,0.58,15,same_day
C22092,Delhi,Lucknow,550,Electronics,0.48,9,normal
C22093,Mumbai,Delhi,1400,Auto Parts,5.68,1,normal
C22094,Bengaluru,Mumbai,980,Industrial Goods,3.07,4,normal
C22095,Delhi,Jaipur,280,E-commerce Parcels,0.31,4,same_day
C22096,Mumbai,Delhi,1400,E-commerce Parcels,0.73,13,normal
C22097,Hyderabad,Chennai,630,Textiles,1.4,12,normal
C22098,Bengaluru,Mumbai,980,E-commerce Parcels,6.17,18,normal
C22099,Bengaluru,Chennai,350,Textiles,0.56,0,normal
C22100,Bengaluru,Chennai,350,E-commerce Parcels,0.98,18,normal
C22101,Pune,Mumbai,150,Industrial Goods,1.87,4,normal
C22102,Chennai,Hyderabad,630,Furniture,7.19,15,normal
C22103,Bengaluru,Mumbai,980,Textiles,3.56,19,normal
C22104,Bengaluru,Chennai,350,Electronics,0.26,2,normal
C22105,Delhi,Kolkata,1500,Furniture,1.99,16,urgent
C22106,Mumbai,Bengaluru,980,Pharma,3.54,20,normal
C22107,Delhi,Lucknow,550,Industrial Goods,1.48,9,normal
C22108,Lucknow,Delhi,550,Furniture,0.22,3,normal
C22109,Kolkata,Bhubaneswar,440,Pharma,4.64,2,same_day
C22110,Kolkata,Delhi,1500,E-commerce Parcels,0.38,13,normal
C22111,Bengaluru,Chennai,350,Auto Parts,0.57,23,same_day
C22112,Jaipur,Delhi,280,Industrial Goods,3.81,18,normal
C22113,Delhi,Kolkata,1500,Furniture,1.09,21,normal
C22114,Kolkata,Bhubaneswar,440,Electronics,3.29,19,normal
C22115,Bhubaneswar,Kolkata,440,Electronics,2.89,13,normal
C22116,Delhi,Kolkata,1500,Industrial Goods,6.72,20,urgent
C22117,Bengaluru,Delhi,2150,Electronics,1.06,3,normal
C22118,Delhi,Jaipur,280,FMCG,0.39,6,normal
C22119,Mumbai,Pune,150,E-commerce Parcels,0.43,18,normal
C22120,Mumbai,Bengaluru,980,Industrial Goods,2.76,1,normal
C22121,Pune,Mumbai,150,E-commerce Parcels,0.72,20,normal
C22122,Delhi,Bengaluru,2150,FMCG,5.15,3,same_day
C22123,Hyderabad,Bengaluru,570,Industrial Goods,1.7,11,normal
C22124,Pune,Mumbai,150,FMCG,1.59,0,normal
C22125,Bengaluru,Chennai,350,Pharma,1.89,11,same_day
C22126,Ahmedabad,Mumbai,530,Textiles,4.59,8,normal
C22127,Mumbai,Delhi,1400,Electronics,3.17,0,normal
C22128,Jaipur,Ahmedabad,670,E-commerce Parcels,1.19,4,normal
C22129,Hyderabad,Bengaluru,570,Textiles,0.72,15,normal
C22130,Kolkata,Delhi,1500,E-commerce Parcels,0.34,11,normal
C22131,Bhubaneswar,Kolkata,440,Auto Parts,1.46,4,same_day
C22132,Delhi,Lucknow,550,Auto Parts,4.35,5,same_day
C22133,Chennai,Hyderabad,630,Electronics,1.84,21,normal
C22134,Jaipur,Ahmedabad,670,Furniture,0.79,1,same_day
C22135,Mumbai,Bengaluru,980,FMCG,2.82,12,normal
C22136,Ahmedabad,Mumbai,530,Furniture,7.57,0,normal
C22137,Bengaluru,Mumbai,980,Electronics,1.49,18,normal
C22138,Delhi,Kolkata,1500,Pharma,2.95,23,same_day
C22139,Delhi,Lucknow,550,Furniture,0.69,6,normal
C22140,Ahmedabad,Jaipur,670,Furniture,0.61,14,normal
C22141,Chennai,Hyderabad,630,E-commerce Parcels,0.81,6,normal
C22142,Bhubaneswar,Kolkata,440,Electronics,1.19,12,same_day
C22143,Mumbai,Pune,150,Industrial Goods,2.1,11,normal
C22144,Kolkata,Bhubaneswar,440,Textiles,1.17,19,normal
C22145,Kolkata,Delhi,1500,Industrial Goods,0.95,22,same_day
C22146,Bengaluru,Chennai,350,Textiles,2.65,4,normal
C22147,Bengaluru,Delhi,2150,Electronics,1.56,23,normal
C22148,Delhi,Mumbai,1400,FMCG,6.34,23,same_day
C22149,Pune,Mumbai,150,E-commerce Parcels,1.76,6,urgent
C22150,Hyderabad,Chennai,630,Industrial Goods,2.42,14,normal
C22151,Bengaluru,Hyderabad,570,FMCG,1.18,0,normal
C22152,Bengaluru,Chennai,350,Industrial Goods,0.52,21,normal
C22153,Bengaluru,Hyderabad,570,Auto Parts,1.06,15,normal
C22154,Bengaluru,Delhi,2150,Textiles,0.25,20,normal
C22155,Pune,Mumbai,150,Furniture,3.02,4,urgent
C22156,Kolkata,Bhubaneswar,440,FMCG,2.41,15,normal
C22157,Jaipur,Delhi,280,Electronics,1.93,6,normal
C22158,Chennai,Bengaluru,350,Pharma,4.28,14,same_day
C22159,Mumbai,Delhi,1400,Textiles,1.16,12,normal
C22160,Bhubaneswar,Kolkata,440,E-commerce Parcels,3.87,5,normal
C22161,Mumbai,Delhi,1400,FMCG,0.36,19,normal
C22162,Hyderabad,Bengaluru,570,Industrial Goods,1.38,4,same_day
C22163,Bhubaneswar,Kolkata,440,FMCG,1.67,7,normal
C22164,Ahmedabad,Jaipur,670,Auto Parts,1.96,21,normal
C22165,Chennai,Bengaluru,350,FMCG,2.0,2,normal
C22166,Kolkata,Bhubaneswar,440,Industrial Goods,1.87,10,normal
C22167,Pune,Mumbai,150,Pharma,0.66,10,normal
C22168,Chennai,Bengaluru,350,Furniture,2.79,9,same_day
C22169,Delhi,Mumbai,1400,Textiles,1.62,8,normal
C22170,Ahmedabad,Jaipur,670,FMCG,0.67,4,normal
C22171,Mumbai,Pune,150,Textiles,0.24,14,normal
C22172,Ahmedabad,Jaipur,670,Furniture,1.89,10,same_day
C22173,Ahmedabad,Jaipur,670,Pharma,1.28,11,normal
C22174,Delhi,Jaipur,280,Auto Parts,6.0,16,same_day
C22175,Chennai,Hyderabad,630,Industrial Goods,2.17,0,normal
C22176,Bengaluru,Chennai,350,Industrial Goods,0.85,16,same_day
C22177,Delhi,Jaipur,280,Auto Parts,1.22,13,urgent
C22178,Mumbai,Ahmedabad,530,Textiles,1.79,6,normal
C22179,Chennai,Hyderabad,630,Furniture,3.08,1,normal
C22180,Mumbai,Bengaluru,980,E-commerce Parcels,0.28,7,normal
C22181,Mumbai,Bengaluru,980,E-commerce Parcels,1.45,14,same_day
C22182,Pune,Mumbai,150,Furniture,0.62,22,same_day
C22183,Mumbai,Pune,150,Industrial Goods,0.84,12,normal
C22184,Pune,Mumbai,150,FMCG,3.84,8,same_day
C22185,Ahmedabad,Mumbai,530,Pharma,0.22,0,normal
C22186,Mumbai,Pune,150,FMCG,2.46,16,normal
C22187,Delhi,Jaipur,280,Electronics,0.99,23,normal
C22188,Jaipur,Delhi,280,Electronics,0.21,11,same_day
C22189,Ahmedabad,Jaipur,670,E-commerce Parcels,3.03,17,same_day
C22190,Delhi,Jaipur,280,Textiles,3.35,1,normal
C22191,Bhubaneswar,Kolkata,440,Furniture,0.65,20,normal
C22192,Kolkata,Delhi,1500,FMCG,7.48,0,normal
C22193,Mumbai,Delhi,1400,Electronics,1.39,9,urgent
C22194,Bengaluru,Hyderabad,570,Auto Parts,3.15,22,normal
C22195,Bengaluru,Delhi,2150,Pharma,3.03,0,normal
C22196,Bengaluru,Mumbai,980,Electronics,1.12,0,normal
C22197,Delhi,Jaipur,280,Textiles,1.11,23,normal
C22198,Delhi,Mumbai,1400,E-commerce Parcels,5.4,6,same_day
C22199,Delhi,Jaipur,280,Textiles,0.8,21,same_day
C22200,Delhi,Jaipur,280,Furniture,0.99,6,normal
C22201,Delhi,Kolkata,1500,FMCG,1.38,8,urgent
C22202,Delhi,Mumbai,1400,Textiles,1.12,23,normal
C22203,Delhi,Kolkata,1500,FMCG,0.57,8,normal
C22204,Kolkata,Bhubaneswar,440,Industrial Goods,1.45,23,normal
C22205,Bengaluru,Chennai,350,Textiles,0.53,1,normal
C22206,Bhubaneswar,Kolkata,440,Furniture,5.99,9,same_day
C22207,Delhi,Lucknow,550,Electronics,0.56,20,normal
C22208,Delhi,Bengaluru,2150,E-commerce Parcels,1.38,0,normal
C22209,Delhi,Lucknow,550,Pharma,2.22,7,normal
C22210,Delhi,Kolkata,1500,FMCG,0.85,9,normal
C22211,Bengaluru,Hyderabad,570,Furniture,1.89,14,normal
C22212,Ahmedabad,Jaipur,670,E-commerce Parcels,1.18,6,normal
C22213,Bengaluru,Chennai,350,Industrial Goods,0.76,9,urgent
C22214,Delhi,Jaipur,280,Industrial Goods,1.0,16,normal
C22215,Bengaluru,Chennai,350,Pharma,1.5,23,normal
C22216,Bengaluru,Chennai,350,Textiles,0.62,6,normal
C22217,Mumbai,Bengaluru,980,Industrial Goods,3.09,17,normal
C22218,Ahmedabad,Mumbai,530,Industrial Goods,0.6,0,normal
C22219,Mumbai,Delhi,1400,Industrial Goods,3.32,14,normal
C22220,Bengaluru,Delhi,2150,Textiles,0.21,0,same_day
C22221,Mumbai,Pune,150,FMCG,1.69,12,normal
C22222,Jaipur,Delhi,280,E-commerce Parcels,3.52,17,normal
C22223,Delhi,Bengaluru,2150,Auto Parts,1.09,5,same_day
C22224,Mumbai,Pune,150,Textiles,2.57,8,normal
C22225,Bengaluru,Delhi,2150,Furniture,0.77,23,normal
C22226,Delhi,Mumbai,1400,Furniture,3.79,8,normal
C22227,Lucknow,Delhi,550,Pharma,2.2,18,normal
C22228,Bengaluru,Hyderabad,570,FMCG,4.7,0,normal
C22229,Hyderabad,Bengaluru,570,Pharma,2.23,0,normal
C22230,Delhi,Bengaluru,2150,Electronics,1.46,4,normal
C22231,Delhi,Bengaluru,2150,E-commerce Parcels,0.93,7,normal
C22232,Bengaluru,Hyderabad,570,FMCG,3.41,15,normal
C22233,Ahmedabad,Jaipur,670,Furniture,0.98,3,normal
C22234,Hyderabad,Chennai,630,Pharma,0.24,19,urgent
C22235,Bhubaneswar,Kolkata,440,Textiles,4.82,17,same_day
C22236,Jaipur,Ahmedabad,670,E-commerce Parcels,1.69,21,same_day
C22237,Bengaluru,Delhi,2150,Industrial Goods,1.24,23,same_day
C22238,Bengaluru,Mumbai,980,Auto Parts,1.11,7,normal
C22239,Jaipur,Delhi,280,Furniture,0.34,1,same_day
C22240,Mumbai,Delhi,1400,E-commerce Parcels,0.71,6,normal
C22241,Bengaluru,Delhi,2150,Auto Parts,1.21,5,normal
C22242,Delhi,Lucknow,550,Pharma,1.05,0,normal
C22243,Delhi,Jaipur,280,Industrial Goods,3.0,0,same_day
C22244,Lucknow,Delhi,550,Textiles,0.88,14,same_day
C22245,Delhi,Bengaluru,2150,Pharma,0.68,5,normal
C22246,Bengaluru,Chennai,350,Textiles,5.09,7,same_day
C22247,Delhi,Mumbai,1400,E-commerce Parcels,1.49,13,normal
C22248,Mumbai,Bengaluru,980,FMCG,0.21,0,same_day
C22249,Hyderabad,Chennai,630,Pharma,4.7,7,normal
C22250,Kolkata,Bhubaneswar,440,Auto Parts,0.24,11,urgent
C22251,Ahmedabad,Mumbai,530,Textiles,5.46,0,normal
C22252,Delhi,Mumbai,1400,Textiles,0.9,0,normal
C22253,Bengaluru,Chennai,350,Electronics,1.34,4,urgent
C22254,Bengaluru,Chennai,350,Textiles,1.63,6,same_day
C22255,Delhi,Mumbai,1400,Auto Parts,0.37,13,normal
C22256,Pune,Mumbai,150,E-commerce Parcels,1.45,1,normal
C22257,Pune,Mumbai,150,E-commerce Parcels,2.78,0,normal
C22258,Kolkata,Delhi,1500,Textiles,0.74,0,normal
C22259,Delhi,Kolkata,1500,FMCG,0.37,2,normal
C22260,Jaipur,Ahmedabad,670,E-commerce Parcels,0.92,3,normal
C22261,Delhi,Lucknow,550,Electronics,0.95,10,normal
C22262,Chennai,Bengaluru,350,Electronics,2.05,19,same_day
C22263,Jaipur,Ahmedabad,670,FMCG,2.64,11,normal
C22264,Delhi,Kolkata,1500,FMCG,4.24,13,urgent
C22265,Lucknow,Delhi,550,Pharma,1.75,4,normal
C22266,Kolkata,Delhi,1500,Auto Parts,5.31,2,normal
C22267,Mumbai,Delhi,1400,Textiles,0.84,8,same_day
C22268,Chennai,Bengaluru,350,Textiles,0.34,21,normal
C22269,Ahmedabad,Mumbai,530,E-commerce Parcels,2.4,15,normal
C22270,Pune,Mumbai,150,Textiles,0.7,0,same_day
C22271,Jaipur,Ahmedabad,670,Auto Parts,0.64,9,normal
C22272,Lucknow,Delhi,550,Pharma,0.3,9,normal
C22273,Bengaluru,Mumbai,980,Furniture,4.7,3,normal
C22274,Jaipur,Ahmedabad,670,Industrial Goods,1.51,23,same_day
C22275,Mumbai,Ahmedabad,530,Furniture,0.75,13,normal
C22276,Lucknow,Delhi,550,Industrial Goods,2.47,23,normal
C22277,Jaipur,Delhi,280,Industrial Goods,2.68,22,normal
C22278,Bhubaneswar,Kolkata,440,Pharma,2.59,7,normal
C22279,Delhi,Jaipur,280,Electronics,7.33,17,normal
C22280,Kolkata,Delhi,1500,Furniture,3.42,11,normal
C22281,Bengaluru,Delhi,2150,Electronics,4.67,16,normal
C22282,Kolkata,Bhubaneswar,440,Pharma,1.63,15,normal
C22283,Kolkata,Bhubaneswar,440,Furniture,2.66,11,same_day
C22284,Chennai,Hyderabad,630,FMCG,4.12,11,same_day
C22285,Hyderabad,Bengaluru,570,E-commerce Parcels,1.64,16,normal
C22286,Chennai,Bengaluru,350,Furniture,1.64,10,urgent
C22287,Chennai,Bengaluru,350,Auto Parts,3.17,6,normal
C22288,Lucknow,Delhi,550,Auto Parts,1.88,7,same_day
C22289,Delhi,Mumbai,1400,Textiles,0.58,22,normal
C22290,Delhi,Lucknow,550,Pharma,1.07,2,urgent
C22291,Chennai,Bengaluru,350,Electronics,7.48,21,urgent
C22292,Jaipur,Ahmedabad,670,Furniture,1.27,9,same_day
C22293,Ahmedabad,Jaipur,670,Pharma,0.47,14,same_day
C22294,Ahmedabad,Mumbai,530,E-commerce Parcels,0.65,5,normal
C22295,Kolkata,Bhubaneswar,440,Pharma,3.75,12,same_day
C22296,Delhi,Kolkata,1500,FMCG,1.87,2,same_day
C22297,Bengaluru,Mumbai,980,Pharma,0.6,0,normal
C22298,Hyderabad,Bengaluru,570,Furniture,0.3,2,same_day
C22299,Delhi,Lucknow,550,Electronics,2.7,6,urgent
C22300,Jaipur,Delhi,280,Electronics,5.76,13,normal
C22301,Ahmedabad,Jaipur,670,E-commerce Parcels,1.16,10,normal
C22302,Hyderabad,Chennai,630,Furniture,5.85,13,normal
C22303,Bengaluru,Mumbai,980,Textiles,3.99,16,urgent
C22304,Mumbai,Bengaluru,980,Auto Parts,0.55,18,normal
C22305,Mumbai,Ahmedabad,530,Electronics,0.65,11,same_day
C22306,Delhi,Bengaluru,2150,E-commerce Parcels,0.65,17,normal
C22307,Lucknow,Delhi,550,Electronics,0.42,22,normal
C22308,Bengaluru,Hyderabad,570,Industrial Goods,1.31,2,same_day
C22309,Bengaluru,Hyderabad,570,Auto Parts,0.88,20,normal
C22310,Mumbai,Bengaluru,980,Furniture,1.38,23,normal
C22311,Bhubaneswar,Kolkata,440,Furniture,1.29,1,urgent
C22312,Hyderabad,Bengaluru,570,Furniture,7.22,10,urgent
C22313,Chennai,Bengaluru,350,FMCG,0.67,20,same_day
C22314,Delhi,Kolkata,1500,Furniture,1.28,8,normal
C22315,Delhi,Kolkata,1500,E-commerce Parcels,6.86,6,normal
C22316,Mumbai,Ahmedabad,530,Electronics,0.82,21,normal
C22317,Jaipur,Delhi,280,Auto Parts,1.01,0,normal
C22318,Lucknow,Delhi,550,FMCG,3.32,11,normal
C22319,Ahmedabad,Jaipur,670,Textiles,0.48,8,normal
C22320,Mumbai,Delhi,1400,Electronics,0.79,20,same_day
C22321,Ahmedabad,Jaipur,670,Electronics,3.47,14,same_day
C22322,Bengaluru,Chennai,350,Auto Parts,1.05,7,same_day
C22323,Ahmedabad,Mumbai,530,Industrial Goods,0.7,5,same_day
C22324,Bengaluru,Delhi,2150,E-commerce Parcels,3.32,0,same_day
C22325,Mumbai,Bengaluru,980,Electronics,5.34,13,normal
C22326,Mumbai,Ahmedabad,530,E-commerce Parcels,1.75,16,normal
C22327,Delhi,Jaipur,280,Furniture,5.78,6,normal
C22328,Lucknow,Delhi,550,Pharma,0.32,0,normal
C22329,Delhi,Mumbai,1400,Pharma,0.67,23,urgent
C22330,Kolkata,Bhubaneswar,440,Electronics,0.51,10,normal
C22331,Delhi,Jaipur,280,FMCG,1.01,23,same_day
C22332,Lucknow,Delhi,550,Auto Parts,1.64,19,urgent
C22333,Mumbai,Ahmedabad,530,FMCG,1.89,18,normal
C22334,Bengaluru,Chennai,350,Furniture,1.99,9,same_day
C22335,Chennai,Bengaluru,350,Industrial Goods,0.68,23,urgent
C22336,Bengaluru,Chennai,350,Industrial Goods,1.03,9,normal
C22337,Delhi,Jaipur,280,Electronics,1.48,8,same_day
C22338,Delhi,Kolkata,1500,Auto Parts,0.43,4,normal
C22339,Delhi,Mumbai,1400,Electronics,2.07,19,normal
C22340,Mumbai,Delhi,1400,Pharma,3.25,0,normal
C22341,Chennai,Bengaluru,350,Electronics,1.43,1,same_day
C22342,Delhi,Jaipur,280,Pharma,0.58,10,normal
C22343,Bengaluru,Delhi,2150,Electronics,0.29,1,normal
C22344,Hyderabad,Bengaluru,570,E-commerce Parcels,0.63,6,same_day
C22345,Bengaluru,Delhi,2150,E-commerce Parcels,2.27,0,same_day
C22346,Lucknow,Delhi,550,Pharma,1.09,7,normal
C22347,Kolkata,Delhi,1500,Industrial Goods,0.37,10,urgent
C22348,Bengaluru,Chennai,350,E-commerce Parcels,1.0,19,normal
C22349,Bengaluru,Delhi,2150,Textiles,5.99,22,same_day
C22350,Mumbai,Delhi,1400,Pharma,5.04,15,normal
C22351,Chennai,Hyderabad,630,Industrial Goods,1.64,6,normal
C22352,Pune,Mumbai,150,Pharma,1.35,4,same_day
C22353,Delhi,Lucknow,550,FMCG,0.64,11,normal
C22354,Delhi,Kolkata,1500,Auto Parts,0.58,5,normal
C22355,Ahmedabad,Jaipur,670,FMCG,0.78,6,normal
C22356,Ahmedabad,Jaipur,670,Auto Parts,0.72,14,normal
C22357,Jaipur,Delhi,280,Auto Parts,2.44,23,normal
C22358,Chennai,Bengaluru,350,Pharma,0.64,10,normal
C22359,Delhi,Kolkata,1500,Auto Parts,2.59,23,normal
C22360,Ahmedabad,Mumbai,530,Industrial Goods,0.83,17,normal
C22361,Mumbai,Pune,150,Textiles,1.77,7,normal
C22362,Delhi,Lucknow,550,Industrial Goods,2.27,18,normal
C22363,Ahmedabad,Jaipur,670,Industrial Goods,2.91,9,normal
C22364,Delhi,Bengaluru,2150,Electronics,0.36,18,normal
C22365,Mumbai,Ahmedabad,530,Electronics,4.76,6,normal
C22366,Lucknow,Delhi,550,Furniture,1.82,17,normal
C22367,Jaipur,Ahmedabad,670,Industrial Goods,1.52,19,normal
C22368,Kolkata,Delhi,1500,Electronics,1.91,22,normal
C22369,Ahmedabad,Jaipur,670,Auto Parts,0.73,21,normal
C22370,Bengaluru,Mumbai,980,Industrial Goods,0.57,10,urgent
C22371,Chennai,Hyderabad,630,E-commerce Parcels,6.32,5,normal
C22372,Bengaluru,Mumbai,980,Textiles,3.46,10,normal
C22373,Delhi,Lucknow,550,Pharma,3.57,19,normal
C22374,Bengaluru,Chennai,350,Textiles,5.78,20,normal
C22375,Chennai,Hyderabad,630,Textiles,0.45,4,urgent
C22376,Hyderabad,Chennai,630,Auto Parts,2.34,8,same_day
C22377,Kolkata,Delhi,1500,Industrial Goods,0.42,5,same_day
C22378,Bhubaneswar,Kolkata,440,Furniture,2.66,11,same_day
C22379,Delhi,Lucknow,550,Pharma,2.81,19,urgent
C22380,Bengaluru,Hyderabad,570,Industrial Goods,2.81,10,same_day
C22381,Ahmedabad,Mumbai,530,Auto Parts,0.88,7,normal
C22382,Kolkata,Bhubaneswar,440,Electronics,0.83,10,urgent
C22383,Lucknow,Delhi,550,Pharma,0.25,0,normal
C22384,Kolkata,Bhubaneswar,440,Electronics,3.12,23,normal
C22385,Kolkata,Bhubaneswar,440,FMCG,0.92,9,urgent
C22386,Bengaluru,Chennai,350,Electronics,0.5,15,urgent
C22387,Jaipur,Delhi,280,Textiles,1.52,15,normal
C22388,Bengaluru,Mumbai,980,E-commerce Parcels,1.47,1,urgent
C22389,Bhubaneswar,Kolkata,440,Furniture,2.0,0,same_day
C22390,Bhubaneswar,Kolkata,440,Electronics,2.89,15,normal
C22391,Kolkata,Bhubaneswar,440,FMCG,0.6,17,normal
C22392,Kolkata,Bhubaneswar,440,Textiles,3.51,0,normal
C22393,Lucknow,Delhi,550,E-commerce Parcels,4.45,19,normal
C22394,Kolkata,Bhubaneswar,440,E-commerce Parcels,1.33,0,normal
C22395,Delhi,Bengaluru,2150,FMCG,0.44,19,normal
C22396,Delhi,Bengaluru,2150,Textiles,0.74,14,same_day
C22397,Lucknow,Delhi,550,Industrial Goods,0.48,14,normal
C22398,Delhi,Jaipur,280,FMCG,7.2,23,normal
C22399,Mumbai,Bengaluru,980,E-commerce Parcels,0.95,14,normal
C22400,Ahmedabad,Jaipur,670,Industrial Goods,3.08,19,same_day
C22401,Jaipur,Delhi,280,Electronics,0.42,12,normal
C22402,Kolkata,Delhi,1500,Industrial Goods,0.32,18,normal
C22403,Bhubaneswar,Kolkata,440,Furniture,4.83,9,urgent
C22404,Jaipur,Ahmedabad,670,Pharma,1.13,12,normal
C22405,Mumbai,Ahmedabad,530,Industrial Goods,0.96,23,normal
C22406,Ahmedabad,Jaipur,670,Furniture,2.05,20,normal
C22407,Jaipur,Delhi,280,Pharma,1.25,5,normal
C22408,Kolkata,Bhubaneswar,440,Textiles,2.16,20,normal
C22409,Bengaluru,Mumbai,980,Industrial Goods,0.23,12,same_day
C22410,Bhubaneswar,Kolkata,440,Electronics,0.36,13,normal
C22411,Lucknow,Delhi,550,Electronics,1.23,2,normal
C22412,Delhi,Lucknow,550,Textiles,3.9,4,normal
C22413,Delhi,Bengaluru,2150,Auto Parts,0.29,7,same_day
C22414,Jaipur,Delhi,280,Furniture,1.34,8,normal
C22415,Delhi,Bengaluru,2150,Auto Parts,1.74,8,same_day
C22416,Jaipur,Delhi,280,Pharma,2.16,8,normal
C22417,Mumbai,Pune,150,Pharma,2.26,15,normal
C22418,Mumbai,Pune,150,E-commerce Parcels,6.96,23,normal
C22419,Mumbai,Bengaluru,980,Furniture,0.41,17,normal
C22420,Delhi,Jaipur,280,Furniture,3.9,18,same_day
C22421,Delhi,Kolkata,1500,FMCG,2.0,6,same_day
C22422,Delhi,Kolkata,1500,E-commerce Parcels,0.5,13,normal
C22423,Jaipur,Ahmedabad,670,Pharma,3.22,16,normal
C22424,Hyderabad,Bengaluru,570,Auto Parts,7.81,3,normal
C22425,Hyderabad,Chennai,630,Auto Parts,0.89,7,same_day
C22426,Kolkata,Bhubaneswar,440,Pharma,0.72,17,normal
C22427,Chennai,Bengaluru,350,Auto Parts,3.26,23,normal
C22428,Chennai,Hyderabad,630,Electronics,5.16,18,normal
C22429,Delhi,Lucknow,550,Furniture,1.5,1,normal
C22430,Chennai,Bengaluru,350,Pharma,0.72,13,same_day
C22431,Bengaluru,Hyderabad,570,Textiles,0.72,9,normal
C22432,Mumbai,Delhi,1400,E-commerce Parcels,3.34,23,same_day
C22433,Hyderabad,Bengaluru,570,Textiles,4.17,18,same_day
C22434,Chennai,Hyderabad,630,Textiles,1.98,15,urgent
C22435,Pune,Mumbai,150,E-commerce Parcels,0.62,6,normal
C22436,Ahmedabad,Jaipur,670,Textiles,6.3,9,normal
C22437,Ahmedabad,Jaipur,670,FMCG,2.69,22,normal
C22438,Mumbai,Bengaluru,980,Industrial Goods,1.36,20,normal
C22439,Bengaluru,Hyderabad,570,FMCG,0.52,7,normal
C22440,Lucknow,Delhi,550,E-commerce Parcels,1.81,23,normal
C22441,Jaipur,Ahmedabad,670,Textiles,3.84,2,normal
C22442,Delhi,Jaipur,280,Textiles,1.57,10,normal
C22443,Delhi,Lucknow,550,Textiles,5.82,13,same_day
C22444,Lucknow,Delhi,550,Pharma,0.33,5,normal
C22445,Mumbai,Bengaluru,980,Industrial Goods,1.15,3,normal
C22446,Chennai,Bengaluru,350,Auto Parts,0.89,2,normal
C22447,Chennai,Hyderabad,630,Furniture,0.28,19,normal
C22448,Kolkata,Delhi,1500,E-commerce Parcels,0.23,12,normal
C22449,Delhi,Mumbai,1400,Furniture,4.96,18,normal
C22450,Chennai,Bengaluru,350,Pharma,2.22,14,normal
C22451,Chennai,Bengaluru,350,Auto Parts,2.14,2,urgent
C22452,Mumbai,Pune,150,E-commerce Parcels,1.0,23,normal
C22453,Hyderabad,Bengaluru,570,Electronics,3.48,4,normal
C22454,Delhi,Kolkata,1500,E-commerce Parcels,2.93,12,normal
C22455,Ahmedabad,Jaipur,670,Furniture,3.44,8,normal
C22456,Delhi,Mumbai,1400,E-commerce Parcels,0.67,1,same_day
C22457,Bengaluru,Delhi,2150,FMCG,0.69,2,normal
C22458,Jaipur,Delhi,280,Electronics,1.11,6,normal
C22459,Chennai,Hyderabad,630,Furniture,0.94,20,normal
C22460,Ahmedabad,Mumbai,530,Pharma,4.65,10,urgent
C22461,Ahmedabad,Jaipur,670,E-commerce Parcels,4.42,20,normal
C22462,Chennai,Bengaluru,350,E-commerce Parcels,1.01,13,normal
C22463,Kolkata,Bhubaneswar,440,Electronics,5.41,11,normal
C22464,Delhi,Bengaluru,2150,E-commerce Parcels,3.61,13,urgent
C22465,Mumbai,Pune,150,Pharma,3.12,15,normal
C22466,Delhi,Mumbai,1400,Furniture,1.2,19,same_day
C22467,Hyderabad,Bengaluru,570,Pharma,0.88,23,normal
C22468,Kolkata,Bhubaneswar,440,E-commerce Parcels,1.65,8,normal
C22469,Lucknow,Delhi,550,Industrial Goods,4.39,18,normal
C22470,Delhi,Mumbai,1400,Furniture,6.02,21,normal
C22471,Delhi,Kolkata,1500,Textiles,0.77,18,normal
C22472,Hyderabad,Chennai,630,E-commerce Parcels,0.92,3,normal
C22473,Bengaluru,Chennai,350,Industrial Goods,1.01,18,normal
C22474,Delhi,Kolkata,1500,Industrial Goods,4.63,21,normal
C22475,Mumbai,Ahmedabad,530,Electronics,0.82,20,normal
C22476,Bengaluru,Delhi,2150,FMCG,1.29,17,normal
C22477,Ahmedabad,Mumbai,530,E-commerce Parcels,0.57,16,normal
C22478,Pune,Mumbai,150,Electronics,1.22,23,normal
C22479,Delhi,Jaipur,280,Auto Parts,2.87,7,normal
C22480,Delhi,Jaipur,280,Auto Parts,0.4,0,same_day
C22481,Mumbai,Delhi,1400,Electronics,2.25,6,same_day
C22482,Delhi,Lucknow,550,Furniture,0.44,1,normal
C22483,Delhi,Jaipur,280,Furniture,1.05,15,normal
C22484,Jaipur,Delhi,280,Textiles,3.29,8,normal
C22485,Jaipur,Delhi,280,Electronics,2.3,4,normal
C22486,Jaipur,Ahmedabad,670,Furniture,2.59,4,normal
C22487,Bengaluru,Mumbai,980,Pharma,3.12,0,normal
C22488,Hyderabad,Chennai,630,Auto Parts,0.42,10,normal
C22489,Mumbai,Delhi,1400,Auto Parts,0.89,16,same_day
C22490,Bengaluru,Mumbai,980,Industrial Goods,0.52,8,same_day
C22491,Jaipur,Ahmedabad,670,Auto Parts,1.01,1,normal
C22492,Bengaluru,Delhi,2150,Electronics,0.29,7,urgent
C22493,Jaipur,Delhi,280,FMCG,2.29,17,normal
C22494,Lucknow,Delhi,550,Furniture,1.03,5,same_day
C22495,Mumbai,Delhi,1400,Pharma,2.51,16,normal
C22496,Delhi,Lucknow,550,Textiles,4.31,21,normal
C22497,Ahmedabad,Mumbai,530,E-commerce Parcels,2.59,0,normal
C22498,Delhi,Bengaluru,2150,FMCG,0.23,4,normal
C22499,Mumbai,Delhi,1400,Electronics,0.78,9,normal
C22500,Delhi,Bengaluru,2150,Furniture,5.89,4,normal
C22501,Lucknow,Delhi,550,Pharma,0.96,10,urgent
C22502,Mumbai,Delhi,1400,Textiles,0.85,13,normal
C22503,Kolkata,Delhi,1500,E-commerce Parcels,1.93,0,same_day
C22504,Delhi,Kolkata,1500,Electronics,4.67,20,normal
C22505,Delhi,Jaipur,280,Auto Parts,2.02,7,same_day
C22506,Jaipur,Ahmedabad,670,FMCG,3.41,15,normal
C22507,Mumbai,Pune,150,Electronics,3.42,19,normal
C22508,Hyderabad,Bengaluru,570,Pharma,1.63,18,normal
C22509,Chennai,Bengaluru,350,Electronics,0.7,20,same_day
C22510,Mumbai,Delhi,1400,Furniture,6.18,7,normal
C22511,Bengaluru,Mumbai,980,FMCG,1.09,23,normal
C22512,Ahmedabad,Mumbai,530,Auto Parts,1.39,9,normal
C22513,Mumbai,Delhi,1400,FMCG,1.55,16,normal
C22514,Jaipur,Delhi,280,Electronics,1.22,2,normal
C22515,Lucknow,Delhi,550,FMCG,2.61,11,normal
C22516,Delhi,Kolkata,1500,FMCG,2.03,13,same_day
C22517,Hyderabad,Bengaluru,570,Industrial Goods,0.26,19,normal
C22518,Delhi,Jaipur,280,Textiles,1.82,9,normal
C22519,Kolkata,Bhubaneswar,440,Pharma,0.75,10,normal
C22520,Kolkata,Bhubaneswar,440,Textiles,1.26,22,normal
C22521,Lucknow,Delhi,550,FMCG,1.34,14,same_day
C22522,Kolkata,Delhi,1500,Industrial Goods,4.32,3,normal
C22523,Chennai,Hyderabad,630,Pharma,0.67,18,same_day
C22524,Kolkata,Delhi,1500,Industrial Goods,5.89,16,urgent
C22525,Bengaluru,Delhi,2150,Electronics,3.59,16,normal
C22526,Chennai,Hyderabad,630,Textiles,1.2,16,normal
C22527,Jaipur,Ahmedabad,670,FMCG,1.67,23,normal
C22528,Delhi,Jaipur,280,Electronics,1.59,22,normal
C22529,Mumbai,Bengaluru,980,Electronics,2.94,12,normal
C22530,Bhubaneswar,Kolkata,440,Furniture,0.26,8,normal
C22531,Mumbai,Delhi,1400,Textiles,1.69,2,same_day
C22532,Hyderabad,Chennai,630,E-commerce Parcels,0.87,11,same_day
C22533,Kolkata,Delhi,1500,Electronics,0.33,20,normal
C22534,Delhi,Kolkata,1500,Electronics,7.02,21,same_day
C22535,Jaipur,Delhi,280,Electronics,0.49,15,normal
C22536,Lucknow,Delhi,550,Electronics,0.54,5,normal
C22537,Chennai,Bengaluru,350,Auto Parts,2.93,18,normal
C22538,Hyderabad,Bengaluru,570,Pharma,1.0,13,normal
C22539,Jaipur,Ahmedabad,670,Auto Parts,1.6,12,normal
C22540,Chennai,Hyderabad,630,Furniture,2.1,9,normal
C22541,Chennai,Hyderabad,630,Furniture,0.35,2,normal
C22542,Mumbai,Delhi,1400,Industrial Goods,1.6,16,normal
C22543,Ahmedabad,Jaipur,670,Textiles,5.77,15,urgent
C22544,Kolkata,Delhi,1500,Pharma,0.24,10,normal
C22545,Delhi,Bengaluru,2150,Pharma,0.33,20,normal
C22546,Jaipur,Ahmedabad,670,E-commerce Parcels,4.57,16,normal
C22547,Bengaluru,Delhi,2150,FMCG,1.39,16,normal
C22548,Mumbai,Ahmedabad,530,Auto Parts,1.3,16,normal
C22549,Mumbai,Bengaluru,980,Auto Parts,0.57,4,normal
C22550,Pune,Mumbai,150,Textiles,2.48,3,normal
C22551,Kolkata,Delhi,1500,FMCG,2.53,21,normal
C22552,Bengaluru,Hyderabad,570,Furniture,4.26,0,normal
C22553,Chennai,Hyderabad,630,E-commerce Parcels,1.54,13,normal
C22554,Jaipur,Ahmedabad,670,Industrial Goods,2.5,10,normal
C22555,Ahmedabad,Jaipur,670,Pharma,1.25,11,normal
C22556,Bhubaneswar,Kolkata,440,Electronics,2.8,9,same_day
C22557,Kolkata,Delhi,1500,FMCG,3.51,5,normal
C22558,Ahmedabad,Jaipur,670,Textiles,2.12,5,normal
C22559,Ahmedabad,Jaipur,670,E-commerce Parcels,3.75,14,urgent
C22560,Delhi,Mumbai,1400,E-commerce Parcels,4.21,8,normal
C22561,Mumbai,Delhi,1400,Auto Parts,0.2,14,same_day
C22562,Delhi,Kolkata,1500,FMCG,1.32,0,normal
C22563,Bengaluru,Delhi,2150,E-commerce Parcels,3.91,15,normal
C22564,Bengaluru,Hyderabad,570,Auto Parts,3.74,12,normal
C22565,Hyderabad,Bengaluru,570,Pharma,0.62,10,normal
C22566,Bengaluru,Chennai,350,Pharma,1.63,0,same_day
C22567,Kolkata,Delhi,1500,Auto Parts,0.66,21,same_day
C22568,Lucknow,Delhi,550,Pharma,0.5,2,same_day
C22569,Ahmedabad,Jaipur,670,Pharma,3.34,5,same_day
C22570,Kolkata,Delhi,1500,Furniture,1.97,3,urgent
C22571,Jaipur,Ahmedabad,670,E-commerce Parcels,2.43,9,normal
C22572,Chennai,Bengaluru,350,Electronics,6.19,19,normal
C22573,Chennai,Hyderabad,630,Furniture,1.41,11,normal
C22574,Delhi,Lucknow,550,Pharma,0.26,21,normal
C22575,Chennai,Hyderabad,630,Furniture,0.37,10,normal
C22576,Delhi,Kolkata,1500,Electronics,0.98,8,normal
C22577,Delhi,Kolkata,1500,Furniture,2.41,13,normal
C22578,Lucknow,Delhi,550,Furniture,1.33,1,same_day
C22579,Jaipur,Ahmedabad,670,Pharma,5.35,15,normal
C22580,Chennai,Hyderabad,630,Pharma,3.23,3,urgent
C22581,Mumbai,Delhi,1400,Furniture,1.86,16,normal
C22582,Kolkata,Delhi,1500,Industrial Goods,1.51,10,normal
C22583,Ahmedabad,Jaipur,670,E-commerce Parcels,5.99,0,same_day
C22584,Delhi,Mumbai,1400,Electronics,0.74,17,urgent
C22585,Lucknow,Delhi,550,Industrial Goods,0.66,6,normal
C22586,Hyderabad,Chennai,630,Electronics,1.86,6,normal
C22587,Chennai,Hyderabad,630,Textiles,0.46,23,normal
C22588,Ahmedabad,Jaipur,670,Industrial Goods,0.99,15,normal
C22589,Chennai,Hyderabad,630,FMCG,0.64,21,same_day
C22590,Ahmedabad,Jaipur,670,Textiles,0.28,10,normal
C22591,Chennai,Hyderabad,630,Auto Parts,0.68,0,same_day
C22592,Mumbai,Pune,150,Electronics,2.48,4,same_day
C22593,Mumbai,Delhi,1400,E-commerce Parcels,1.04,0,normal
C22594,Bengaluru,Chennai,350,Textiles,1.06,18,same_day
C22595,Chennai,Hyderabad,630,Auto Parts,0.55,16,same_day
C22596,Bengaluru,Mumbai,980,Textiles,1.61,21,normal
C22597,Bengaluru,Delhi,2150,Pharma,4.93,18,normal
C22598,Bengaluru,Delhi,2150,Textiles,3.2,5,normal
C22599,Mumbai,Bengaluru,980,Industrial Goods,0.49,17,normal
C22600,Bhubaneswar,Kolkata,440,E-commerce Parcels,1.79,23,normal
C22601,Bengaluru,Mumbai,980,Electronics,7.04,13,urgent
C22602,Delhi,Bengaluru,2150,E-commerce Parcels,3.38,7,same_day
C22603,Delhi,Mumbai,1400,E-commerce Parcels,1.51,1,normal
C22604,Mumbai,Pune,150,E-commerce Parcels,1.5,3,urgent
C22605,Lucknow,Delhi,550,Auto Parts,0.3,13,normal
C22606,Ahmedabad,Mumbai,530,Furniture,1.79,11,urgent
C22607,Jaipur,Delhi,280,Electronics,1.05,11,normal
C22608,Ahmedabad,Jaipur,670,Industrial Goods,1.74,9,normal
C22609,Delhi,Bengaluru,2150,Textiles,2.61,9,normal
C22610,Mumbai,Pune,150,Industrial Goods,6.74,15,normal
C22611,Kolkata,Delhi,1500,Electronics,0.21,18,normal
C22612,Mumbai,Pune,150,Furniture,4.3,0,same_day
C22613,Bengaluru,Chennai,350,FMCG,6.29,6,normal
C22614,Kolkata,Bhubaneswar,440,Furniture,0.86,23,normal
C22615,Bengaluru,Chennai,350,Auto Parts,2.59,22,normal
C22616,Bengaluru,Hyderabad,570,Electronics,0.87,1,normal
C22617,Delhi,Jaipur,280,FMCG,0.22,4,normal
C22618,Chennai,Hyderabad,630,Industrial Goods,0.56,17,same_day
C22619,Jaipur,Ahmedabad,670,FMCG,0.39,6,urgent
C22620,Ahmedabad,Jaipur,670,Industrial Goods,1.04,10,same_day
C22621,Hyderabad,Chennai,630,Furniture,0.36,21,normal
C22622,Delhi,Lucknow,550,Furniture,0.26,10,normal
C22623,Mumbai,Ahmedabad,530,E-commerce Parcels,1.09,12,normal
C22624,Bengaluru,Chennai,350,Industrial Goods,1.17,21,normal
C22625,Kolkata,Bhubaneswar,440,Industrial Goods,0.37,10,normal
C22626,Kolkata,Delhi,1500,Furniture,3.98,21,normal
C22627,Bengaluru,Mumbai,980,FMCG,0.6,20,normal
C22628,Bengaluru,Hyderabad,570,E-commerce Parcels,0.21,17,normal
C22629,Kolkata,Delhi,1500,E-commerce Parcels,1.69,18,normal
C22630,Mumbai,Bengaluru,980,Electronics,4.62,18,normal
C22631,Delhi,Mumbai,1400,Industrial Goods,2.95,20,normal
C22632,Hyderabad,Chennai,630,E-commerce Parcels,1.3,3,normal
C22633,Pune,Mumbai,150,Electronics,1.23,13,normal
C22634,Chennai,Hyderabad,630,Furniture,1.83,14,same_day
C22635,Pune,Mumbai,150,Furniture,5.42,11,normal
C22636,Delhi,Kolkata,1500,FMCG,0.82,16,normal
C22637,Delhi,Kolkata,1500,Industrial Goods,2.06,23,normal
C22638,Mumbai,Delhi,1400,Furniture,1.07,19,urgent
C22639,Bhubaneswar,Kolkata,440,E-commerce Parcels,0.27,19,urgent
C22640,Kolkata,Delhi,1500,FMCG,1.26,10,same_day
C22641,Jaipur,Ahmedabad,670,FMCG,7.29,21,normal
C22642,Mumbai,Delhi,1400,FMCG,1.55,23,normal
C22643,Hyderabad,Chennai,630,Auto Parts,1.25,9,normal
C22644,Delhi,Jaipur,280,Textiles,0.78,17,urgent
C22645,Delhi,Lucknow,550,FMCG,0.88,4,normal
C22646,Chennai,Hyderabad,630,Electronics,2.43,9,same_day
C22647,Hyderabad,Chennai,630,Textiles,0.21,15,normal
C22648,Hyderabad,Bengaluru,570,E-commerce Parcels,1.72,23,normal
C22649,Kolkata,Bhubaneswar,440,Textiles,2.68,3,normal
C22650,Delhi,Jaipur,280,Auto Parts,1.13,7,same_day
C22651,Bengaluru,Mumbai,980,Textiles,1.95,7,normal
C22652,Bengaluru,Mumbai,980,Industrial Goods,1.92,12,same_day
C22653,Jaipur,Delhi,280,Industrial Goods,0.3,4,normal
C22654,Delhi,Bengaluru,2150,Electronics,0.97,0,same_day
C22655,Delhi,Bengaluru,2150,Electronics,0.56,18,same_day
C22656,Chennai,Bengaluru,350,Industrial Goods,1.11,11,same_day
C22657,Jaipur,Delhi,280,E-commerce Parcels,4.44,12,normal
C22658,Lucknow,Delhi,550,Pharma,2.03,14,same_day
C22659,Jaipur,Delhi,280,Textiles,1.17,15,normal
C22660,Chennai,Hyderabad,630,Textiles,0.77,7,normal
C22661,Hyderabad,Chennai,630,Auto Parts,2.47,15,normal
C22662,Ahmedabad,Jaipur,670,Electronics,0.34,0,normal
C22663,Chennai,Bengaluru,350,Pharma,0.49,6,normal
C22664,Mumbai,Ahmedabad,530,Furniture,2.13,23,normal
C22665,Mumbai,Pune,150,Auto Parts,2.09,21,normal
C22666,Hyderabad,Bengaluru,570,Textiles,2.72,3,normal
C22667,Hyderabad,Chennai,630,Pharma,1.39,2,urgent
C22668,Bengaluru,Chennai,350,Furniture,0.78,18,normal
C22669,Pune,Mumbai,150,Auto Parts,1.43,19,normal
C22670,Delhi,Mumbai,1400,Pharma,3.3,19,same_day
C22671,Delhi,Jaipur,280,Industrial Goods,0.5,11,normal
C22672,Bhubaneswar,Kolkata,440,Furniture,3.16,9,normal
C22673,Mumbai,Delhi,1400,E-commerce Parcels,1.02,9,same_day
C22674,Delhi,Lucknow,550,Textiles,1.52,2,urgent
C22675,Bengaluru,Chennai,350,Furniture,0.49,0,normal
C22676,Bengaluru,Chennai,350,Electronics,2.03,0,normal
C22677,Ahmedabad,Jaipur,670,E-commerce Parcels,2.78,15,same_day
C22678,Bengaluru,Hyderabad,570,Industrial Goods,0.36,7,normal
C22679,Delhi,Jaipur,280,Industrial Goods,0.84,3,normal
C22680,Mumbai,Pune,150,Industrial Goods,1.31,14,normal
C22681,Delhi,Lucknow,550,FMCG,3.43,18,normal
C22682,Mumbai,Ahmedabad,530,FMCG,6.64,2,urgent
C22683,Chennai,Hyderabad,630,Furniture,1.34,22,normal
C22684,Mumbai,Pune,150,FMCG,0.96,21,normal
C22685,Kolkata,Delhi,1500,Industrial Goods,1.72,13,normal
C22686,Mumbai,Bengaluru,980,Furniture,1.03,13,urgent
C22687,Mumbai,Ahmedabad,530,Industrial Goods,0.56,14,same_day
C22688,Bengaluru,Delhi,2150,FMCG,0.33,0,normal
C22689,Kolkata,Bhubaneswar,440,Electronics,0.31,15,normal
C22690,Chennai,Bengaluru,350,Pharma,0.63,3,urgent
C22691,Mumbai,Bengaluru,980,Furniture,0.93,12,normal
C22692,Delhi,Mumbai,1400,Industrial Goods,0.45,1,normal
C22693,Lucknow,Delhi,550,Furniture,7.46,5,same_day
C22694,Bengaluru,Delhi,2150,Furniture,0.65,11,normal
C22695,Bhubaneswar,Kolkata,440,Furniture,0.85,16,same_day
C22696,Ahmedabad,Jaipur,670,Electronics,3.9,22,normal
C22697,Mumbai,Pune,150,Industrial Goods,0.73,0,normal
C22698,Delhi,Jaipur,280,Furniture,0.7,17,same_day
C22699,Delhi,Mumbai,1400,Electronics,0.79,15,normal
C22700,Jaipur,Delhi,280,Textiles,0.34,0,normal
C22701,Delhi,Lucknow,550,Furniture,0.36,1,normal
C22702,Ahmedabad,Mumbai,530,Electronics,4.78,14,normal
C22703,Mumbai,Ahmedabad,530,Auto Parts,1.61,13,normal
C22704,Mumbai,Bengaluru,980,Textiles,0.24,14,normal
C22705,Mumbai,Delhi,1400,Textiles,3.7,13,normal
C22706,Mumbai,Pune,150,FMCG,0.66,5,normal
C22707,Bengaluru,Mumbai,980,Industrial Goods,1.84,9,normal
C22708,Delhi,Mumbai,1400,Textiles,0.47,23,normal
C22709,Bengaluru,Mumbai,980,Textiles,0.67,12,normal
C22710,Pune,Mumbai,150,E-commerce Parcels,0.42,18,normal
C22711,Delhi,Kolkata,1500,FMCG,1.36,19,normal
C22712,Delhi,Kolkata,1500,FMCG,4.52,2,normal
C22713,Bengaluru,Hyderabad,570,Industrial Goods,2.82,22,normal
C22714,Ahmedabad,Mumbai,530,Pharma,1.59,7,normal
C22715,Bengaluru,Mumbai,980,FMCG,4.84,20,normal
C22716,Delhi,Jaipur,280,Auto Parts,6.56,15,normal
C22717,Delhi,Jaipur,280,Auto Parts,1.49,7,normal
C22718,Pune,Mumbai,150,FMCG,3.26,8,normal
C22719,Bhubaneswar,Kolkata,440,Textiles,0.8,10,normal
C22720,Ahmedabad,Jaipur,670,Auto Parts,0.44,21,normal
C22721,Kolkata,Bhubaneswar,440,Furniture,1.2,23,normal
C22722,Hyderabad,Chennai,630,Industrial Goods,0.21,7,same_day
C22723,Mumbai,Ahmedabad,530,Furniture,4.26,21,same_day
C22724,Hyderabad,Chennai,630,Pharma,3.5,17,normal
C22725,Mumbai,Ahmedabad,530,Auto Parts,4.35,16,same_day
C22726,Jaipur,Delhi,280,Furniture,2.13,22,normal
C22727,Hyderabad,Chennai,630,Industrial Goods,0.78,19,same_day
C22728,Delhi,Kolkata,1500,FMCG,6.28,6,normal
C22729,Mumbai,Ahmedabad,530,FMCG,4.67,17,normal
C22730,Mumbai,Pune,150,Textiles,6.06,8,normal
C22731,Kolkata,Delhi,1500,Textiles,0.26,16,normal
C22732,Kolkata,Bhubaneswar,440,Pharma,3.67,2,urgent
C22733,Bhubaneswar,Kolkata,440,Pharma,3.61,11,normal
C22734,Pune,Mumbai,150,FMCG,0.52,16,same_day
C22735,Kolkata,Bhubaneswar,440,E-commerce Parcels,0.36,23,normal
C22736,Chennai,Hyderabad,630,E-commerce Parcels,0.58,12,normal
C22737,Bengaluru,Hyderabad,570,Auto Parts,1.38,16,normal
C22738,Ahmedabad,Jaipur,670,Industrial Goods,0.86,1,normal
C22739,Delhi,Kolkata,1500,Textiles,3.26,17,same_day
C22740,Delhi,Bengaluru,2150,Textiles,0.74,4,same_day
C22741,Hyderabad,Bengaluru,570,FMCG,1.59,0,normal
C22742,Mumbai,Delhi,1400,Textiles,1.71,9,normal
C22743,Pune,Mumbai,150,E-commerce Parcels,5.55,23,normal
C22744,Hyderabad,Bengaluru,570,E-commerce Parcels,0.62,17,normal
C22745,Delhi,Bengaluru,2150,E-commerce Parcels,0.7,4,normal
C22746,Ahmedabad,Mumbai,530,Auto Parts,7.49,0,same_day
C22747,Chennai,Hyderabad,630,Textiles,7.62,12,urgent
C22748,Jaipur,Delhi,280,FMCG,1.37,6,urgent
C22749,Chennai,Hyderabad,630,FMCG,1.57,10,normal
C22750,Kolkata,Delhi,1500,Furniture,1.47,2,normal
C22751,Bengaluru,Mumbai,980,Electronics,0.97,0,normal
C22752,Kolkata,Delhi,1500,FMCG,0.73,9,same_day
C22753,Kolkata,Bhubaneswar,440,Pharma,3.41,22,normal
C22754,Bengaluru,Chennai,350,Industrial Goods,4.1,22,same_day
C22755,Ahmedabad,Jaipur,670,Furniture,6.68,7,normal
C22756,Ahmedabad,Mumbai,530,Furniture,3.18,10,same_day
C22757,Kolkata,Delhi,1500,Furniture,1.49,6,normal
C22758,Chennai,Hyderabad,630,Electronics,0.33,1,normal
C22759,Bengaluru,Mumbai,980,Industrial Goods,0.35,17,normal
C22760,Mumbai,Delhi,1400,FMCG,1.23,17,normal
C22761,Delhi,Lucknow,550,Electronics,1.72,13,same_day
C22762,Mumbai,Bengaluru,980,FMCG,2.48,21,same_day
C22763,Bengaluru,Hyderabad,570,Electronics,2.59,1,normal
C22764,Bengaluru,Delhi,2150,Furniture,5.07,6,normal
C22765,Hyderabad,Bengaluru,570,Textiles,7.92,13,normal
C22766,Chennai,Hyderabad,630,Electronics,1.75,15,normal
C22767,Bhubaneswar,Kolkata,440,Textiles,3.1,8,same_day
C22768,Ahmedabad,Jaipur,670,Furniture,1.29,9,normal
C22769,Chennai,Bengaluru,350,Textiles,3.46,23,normal
C22770,Mumbai,Ahmedabad,530,E-commerce Parcels,1.06,6,same_day
C22771,Jaipur,Delhi,280,Furniture,1.59,10,normal
C22772,Chennai,Hyderabad,630,Pharma,7.67,3,normal
C22773,Mumbai,Ahmedabad,530,FMCG,7.98,19,same_day
C22774,Chennai,Bengaluru,350,Electronics,0.61,18,same_day
C22775,Mumbai,Ahmedabad,530,Electronics,1.35,2,normal
C22776,Bhubaneswar,Kolkata,440,Pharma,1.79,15,normal
C22777,Ahmedabad,Mumbai,530,Electronics,0.3,10,normal
C22778,Jaipur,Delhi,280,Auto Parts,0.65,15,normal
C22779,Mumbai,Ahmedabad,530,FMCG,1.17,8,normal
C22780,Jaipur,Ahmedabad,670,FMCG,2.46,17,normal
C22781,Mumbai,Delhi,1400,Auto Parts,1.09,1,same_day
C22782,Jaipur,Delhi,280,Auto Parts,3.21,23,normal
C22783,Bengaluru,Chennai,350,Pharma,4.22,17,normal
C22784,Delhi,Kolkata,1500,E-commerce Parcels,5.65,8,normal
C22785,Mumbai,Ahmedabad,530,Furniture,4.29,12,normal
C22786,Mumbai,Ahmedabad,530,Electronics,0.28,16,normal
C22787,Bengaluru,Hyderabad,570,FMCG,1.19,3,normal
C22788,Kolkata,Delhi,1500,Electronics,0.82,21,normal
C22789,Bengaluru,Delhi,2150,Electronics,6.68,17,normal
C22790,Jaipur,Ahmedabad,670,Auto Parts,1.64,3,normal
C22791,Chennai,Bengaluru,350,E-commerce Parcels,0.87,1,normal
C22792,Kolkata,Delhi,1500,FMCG,0.38,12,same_day
C22793,Mumbai,Pune,150,Industrial Goods,0.49,7,normal
C22794,Ahmedabad,Jaipur,670,Industrial Goods,0.2,13,normal
C22795,Bengaluru,Chennai,350,Textiles,4.43,22,normal
C22796,Chennai,Bengaluru,350,Industrial Goods,0.36,23,same_day
C22797,Pune,Mumbai,150,Electronics,1.65,4,normal
C22798,Kolkata,Delhi,1500,Pharma,2.51,11,normal
C22799,Mumbai,Pune,150,FMCG,0.57,17,normal
C22800,Bengaluru,Delhi,2150,Textiles,1.27,19,normal
C22801,Hyderabad,Bengaluru,570,FMCG,4.39,1,normal
C22802,Lucknow,Delhi,550,E-commerce Parcels,1.99,17,normal
C22803,Delhi,Bengaluru,2150,Industrial Goods,4.38,3,normal
C22804,Mumbai,Delhi,1400,Textiles,1.2,17,normal
C22805,Kolkata,Bhubaneswar,440,Textiles,1.05,4,normal
C22806,Bengaluru,Chennai,350,Textiles,0.4,18,same_day
C22807,Bengaluru,Chennai,350,FMCG,0.48,15,normal
C22808,Kolkata,Bhubaneswar,440,Furniture,0.47,9,normal
C22809,Ahmedabad,Mumbai,530,Industrial Goods,0.56,19,same_day
C22810,Chennai,Hyderabad,630,Industrial Goods,0.24,5,same_day
C22811,Pune,Mumbai,150,Industrial Goods,1.13,19,urgent
C22812,Hyderabad,Chennai,630,Industrial Goods,5.46,7,same_day
C22813,Mumbai,Delhi,1400,Textiles,1.7,4,normal
C22814,Mumbai,Pune,150,Industrial Goods,1.75,18,same_day
C22815,Jaipur,Delhi,280,Furniture,6.34,7,normal
C22816,Ahmedabad,Mumbai,530,Industrial Goods,4.72,5,normal
C22817,Mumbai,Pune,150,Industrial Goods,0.4,5,normal
C22818,Bengaluru,Delhi,2150,FMCG,6.9,0,same_day
C22819,Bengaluru,Chennai,350,Furniture,0.69,7,normal
C22820,Delhi,Bengaluru,2150,FMCG,4.33,14,normal
C22821,Kolkata,Delhi,1500,Electronics,1.91,18,normal
C22822,Ahmedabad,Jaipur,670,Furniture,0.67,6,normal
C22823,Delhi,Jaipur,280,Electronics,1.86,18,normal
C22824,Bengaluru,Hyderabad,570,Industrial Goods,1.47,9,normal
C22825,Lucknow,Delhi,550,Industrial Goods,2.91,16,normal
C22826,Hyderabad,Chennai,630,Auto Parts,1.12,16,same_day
C22827,Delhi,Jaipur,280,FMCG,3.54,20,normal
C22828,Jaipur,Ahmedabad,670,Pharma,2.15,11,normal
C22829,Delhi,Bengaluru,2150,Electronics,0.75,7,normal
C22830,Jaipur,Delhi,280,FMCG,1.17,12,normal
C22831,Bengaluru,Delhi,2150,Textiles,0.62,4,urgent
C22832,Mumbai,Delhi,1400,Furniture,0.45,11,normal
C22833,Mumbai,Ahmedabad,530,Auto Parts,0.79,23,normal
C22834,Hyderabad,Bengaluru,570,FMCG,4.41,14,same_day
C22835,Delhi,Mumbai,1400,Pharma,1.91,23,normal
C22836,Mumbai,Delhi,1400,Textiles,3.67,7,normal
C22837,Delhi,Mumbai,1400,Auto Parts,0.21,16,normal
C22838,Bengaluru,Chennai,350,FMCG,2.55,8,same_day
C22839,Delhi,Kolkata,1500,Furniture,1.35,5,normal
C22840,Lucknow,Delhi,550,Industrial Goods,0.37,2,same_day
C22841,Delhi,Mumbai,1400,Electronics,6.81,12,same_day
C22842,Bengaluru,Chennai,350,FMCG,2.6,17,normal
C22843,Delhi,Bengaluru,2150,Furniture,1.78,19,normal
C22844,Bengaluru,Delhi,2150,Auto Parts,5.92,7,same_day
C22845,Chennai,Bengaluru,350,Pharma,0.31,2,normal
C22846,Pune,Mumbai,150,Textiles,2.39,11,urgent
C22847,Delhi,Bengaluru,2150,E-commerce Parcels,0.96,17,normal
C22848,Delhi,Bengaluru,2150,Auto Parts,2.85,16,normal
C22849,Delhi,Kolkata,1500,Electronics,0.38,2,urgent
C22850,Bengaluru,Delhi,2150,FMCG,1.21,11,normal
C22851,Mumbai,Delhi,1400,Industrial Goods,2.5,1,normal
C22852,Delhi,Lucknow,550,Electronics,0.44,14,normal
C22853,Delhi,Bengaluru,2150,Textiles,1.42,21,urgent
C22854,Bengaluru,Chennai,350,Industrial Goods,0.49,9,same_day
C22855,Jaipur,Delhi,280,E-commerce Parcels,2.56,9,normal
C22856,Bhubaneswar,Kolkata,440,E-commerce Parcels,2.41,23,normal
C22857,Bengaluru,Chennai,350,Electronics,2.32,18,normal
C22858,Bengaluru,Hyderabad,570,E-commerce Parcels,3.96,11,normal
C22859,Delhi,Lucknow,550,Pharma,1.14,13,normal
C22860,Jaipur,Delhi,280,Auto Parts,0.45,16,normal
C22861,Delhi,Mumbai,1400,Electronics,3.32,3,urgent
C22862,Mumbai,Ahmedabad,530,Industrial Goods,2.82,10,normal
C22863,Delhi,Mumbai,1400,E-commerce Parcels,3.44,15,normal
C22864,Hyderabad,Chennai,630,Textiles,0.68,5,same_day
C22865,Lucknow,Delhi,550,Pharma,0.36,9,normal
C22866,Mumbai,Ahmedabad,530,Pharma,0.84,6,same_day
C22867,Hyderabad,Chennai,630,Textiles,3.02,10,normal
C22868,Mumbai,Pune,150,Electronics,0.48,23,normal
C22869,Kolkata,Delhi,1500,E-commerce Parcels,1.65,7,normal
C22870,Ahmedabad,Mumbai,530,Textiles,1.79,23,normal
C22871,Bengaluru,Mumbai,980,Furniture,0.97,15,normal
C22872,Kolkata,Bhubaneswar,440,Furniture,2.22,6,normal
C22873,Bengaluru,Mumbai,980,Textiles,2.21,21,normal
C22874,Delhi,Mumbai,1400,Pharma,2.51,7,normal
C22875,Bengaluru,Hyderabad,570,Auto Parts,6.63,0,normal
C22876,Chennai,Hyderabad,630,E-commerce Parcels,0.33,10,same_day
C22877,Kolkata,Delhi,1500,E-commerce Parcels,5.5,1,normal
C22878,Mumbai,Ahmedabad,530,Textiles,1.09,3,same_day
C22879,Ahmedabad,Jaipur,670,Furniture,0.8,12,normal
C22880,Ahmedabad,Mumbai,530,Pharma,5.36,8,same_day
C22881,Chennai,Bengaluru,350,FMCG,0.52,18,urgent
C22882,Kolkata,Bhubaneswar,440,Textiles,0.62,12,urgent
C22883,Ahmedabad,Jaipur,670,Auto Parts,0.35,1,same_day
C22884,Bengaluru,Delhi,2150,Auto Parts,4.9,11,normal
C22885,Chennai,Bengaluru,350,FMCG,3.39,14,normal
C22886,Jaipur,Ahmedabad,670,Electronics,0.67,1,same_day
C22887,Pune,Mumbai,150,Pharma,1.03,6,same_day
C22888,Bengaluru,Hyderabad,570,Electronics,0.31,10,normal
C22889,Delhi,Mumbai,1400,Industrial Goods,0.24,0,normal
C22890,Bengaluru,Delhi,2150,Textiles,3.83,7,normal
C22891,Jaipur,Ahmedabad,670,Textiles,6.64,9,normal
C22892,Kolkata,Delhi,1500,Textiles,2.95,2,normal
C22893,Mumbai,Delhi,1400,Auto Parts,1.92,10,normal
C22894,Kolkata,Bhubaneswar,440,FMCG,1.2,23,normal
C22895,Jaipur,Ahmedabad,670,Furniture,0.87,20,normal
C22896,Pune,Mumbai,150,E-commerce Parcels,2.64,11,normal
C22897,Ahmedabad,Jaipur,670,E-commerce Parcels,0.23,0,same_day
C22898,Kolkata,Bhubaneswar,440,Auto Parts,0.75,6,normal
C22899,Bengaluru,Chennai,350,Furniture,0.51,21,urgent
C22900,Mumbai,Delhi,1400,Auto Parts,0.31,23,normal
C22901,Bhubaneswar,Kolkata,440,Furniture,0.65,19,normal
C22902,Delhi,Jaipur,280,FMCG,1.15,22,normal
C22903,Ahmedabad,Jaipur,670,Furniture,2.13,11,normal
C22904,Mumbai,Delhi,1400,Auto Parts,1.56,23,urgent
C22905,Ahmedabad,Mumbai,530,E-commerce Parcels,5.35,4,normal
C22906,Delhi,Bengaluru,2150,Pharma,3.76,15,normal
C22907,Bengaluru,Chennai,350,Industrial Goods,2.2,21,normal
C22908,Jaipur,Delhi,280,FMCG,0.67,6,normal
C22909,Ahmedabad,Jaipur,670,Auto Parts,0.73,17,same_day
C22910,Pune,Mumbai,150,Textiles,0.78,22,normal
C22911,Ahmedabad,Mumbai,530,Electronics,5.44,0,normal
C22912,Chennai,Hyderabad,630,Textiles,0.45,0,normal
C22913,Bengaluru,Chennai,350,Electronics,1.03,0,same_day
C22914,Kolkata,Delhi,1500,Textiles,1.66,6,normal
C22915,Delhi,Mumbai,1400,Furniture,0.32,3,urgent
C22916,Mumbai,Bengaluru,980,FMCG,1.64,6,normal
C22917,Chennai,Hyderabad,630,Textiles,0.62,3,normal
C22918,Pune,Mumbai,150,E-commerce Parcels,1.18,2,normal
C22919,Delhi,Lucknow,550,Industrial Goods,2.72,3,urgent
C22920,Bengaluru,Chennai,350,Industrial Goods,2.64,2,normal
C22921,Bengaluru,Delhi,2150,Electronics,0.82,8,normal
C22922,Mumbai,Ahmedabad,530,Industrial Goods,1.69,5,normal
C22923,Hyderabad,Bengaluru,570,FMCG,1.66,5,normal
C22924,Chennai,Bengaluru,350,Pharma,0.54,5,normal
C22925,Bengaluru,Delhi,2150,Pharma,2.54,3,normal
C22926,Delhi,Lucknow,550,Electronics,0.66,23,normal
C22927,Jaipur,Ahmedabad,670,Industrial Goods,2.32,16,normal
C22928,Chennai,Hyderabad,630,Industrial Goods,0.23,1,normal
C22929,Bhubaneswar,Kolkata,440,Industrial Goods,3.91,20,same_day
C22930,Kolkata,Bhubaneswar,440,Auto Parts,5.33,8,normal
C22931,Bengaluru,Hyderabad,570,Textiles,0.54,0,normal
C22932,Mumbai,Ahmedabad,530,FMCG,2.94,1,normal
C22933,Jaipur,Ahmedabad,670,Furniture,0.29,1,normal
C22934,Jaipur,Delhi,280,Auto Parts,3.3,20,normal
C22935,Bhubaneswar,Kolkata,440,E-commerce Parcels,6.5,1,same_day
C22936,Lucknow,Delhi,550,E-commerce Parcels,7.83,13,normal
C22937,Ahmedabad,Mumbai,530,FMCG,7.41,11,normal
C22938,Ahmedabad,Jaipur,670,Furniture,1.45,5,same_day
C22939,Delhi,Mumbai,1400,Textiles,0.89,18,normal
C22940,Mumbai,Ahmedabad,530,Auto Parts,7.39,5,normal
C22941,Hyderabad,Chennai,630,Textiles,0.38,16,normal
C22942,Pune,Mumbai,150,Auto Parts,0.25,0,normal
C22943,Mumbai,Bengaluru,980,E-commerce Parcels,6.69,8,same_day
C22944,Mumbai,Pune,150,Pharma,1.47,19,normal
C22945,Ahmedabad,Jaipur,670,Electronics,1.64,15,same_day
C22946,Mumbai,Pune,150,Auto Parts,0.41,13,normal
C22947,Delhi,Mumbai,1400,FMCG,1.81,20,normal
C22948,Hyderabad,Chennai,630,Electronics,0.77,22,normal
C22949,Bengaluru,Hyderabad,570,E-commerce Parcels,1.09,20,normal
C22950,Chennai,Bengaluru,350,E-commerce Parcels,4.01,21,normal
C22951,Hyderabad,Bengaluru,570,Pharma,1.79,17,normal
C22952,Delhi,Mumbai,1400,E-commerce Parcels,1.72,9,normal
C22953,Jaipur,Delhi,280,Textiles,6.47,15,normal
C22954,Delhi,Jaipur,280,Textiles,3.88,14,urgent
C22955,Hyderabad,Chennai,630,Pharma,0.56,11,normal
C22956,Kolkata,Bhubaneswar,440,Furniture,2.67,14,normal
C22957,Pune,Mumbai,150,FMCG,0.33,4,same_day
C22958,Bengaluru,Hyderabad,570,E-commerce Parcels,0.6,5,normal
C22959,Mumbai,Delhi,1400,FMCG,1.85,19,normal
C22960,Kolkata,Delhi,1500,Auto Parts,0.85,0,normal
C22961,Jaipur,Delhi,280,Industrial Goods,0.59,12,same_day
C22962,Pune,Mumbai,150,Textiles,0.77,19,normal
C22963,Lucknow,Delhi,550,Textiles,1.18,3,same_day
C22964,Mumbai,Ahmedabad,530,Industrial Goods,1.55,11,normal
C22965,Bengaluru,Delhi,2150,Furniture,0.25,8,normal
C22966,Delhi,Jaipur,280,FMCG,1.31,2,normal
C22967,Bhubaneswar,Kolkata,440,FMCG,0.54,0,same_day
C22968,Delhi,Jaipur,280,Pharma,5.22,3,normal
C22969,Mumbai,Ahmedabad,530,Pharma,1.74,13,normal
C22970,Kolkata,Delhi,1500,Pharma,0.55,23,normal
C22971,Bengaluru,Chennai,350,E-commerce Parcels,7.22,10,normal
C22972,Mumbai,Delhi,1400,Industrial Goods,4.09,3,same_day
C22973,Delhi,Mumbai,1400,Textiles,0.84,7,normal
C22974,Kolkata,Delhi,1500,Auto Parts,1.84,15,normal
C22975,Kolkata,Delhi,1500,FMCG,1.66,14,normal
C22976,Delhi,Mumbai,1400,Electronics,0.29,10,same_day
C22977,Ahmedabad,Mumbai,530,E-commerce Parcels,0.39,18,normal
C22978,Delhi,Mumbai,1400,FMCG,1.59,0,normal
C22979,Lucknow,Delhi,550,E-commerce Parcels,4.54,21,normal
C22980,Ahmedabad,Jaipur,670,FMCG,4.18,14,normal
C22981,Delhi,Bengaluru,2150,Industrial Goods,1.22,0,same_day
C22982,Jaipur,Ahmedabad,670,Electronics,1.25,16,same_day
C22983,Mumbai,Pune,150,Industrial Goods,0.52,2,normal
C22984,Hyderabad,Chennai,630,Pharma,5.05,2,same_day
C22985,Bengaluru,Mumbai,980,Textiles,1.41,7,same_day
C22986,Mumbai,Ahmedabad,530,E-commerce Parcels,0.8,17,normal
C22987,Bengaluru,Hyderabad,570,E-commerce Parcels,1.98,9,same_day
C22988,Bhubaneswar,Kolkata,440,Auto Parts,0.22,13,same_day
C22989,Bhubaneswar,Kolkata,440,Auto Parts,4.4,17,normal
C22990,Lucknow,Delhi,550,FMCG,0.22,22,normal
C22991,Mumbai,Bengaluru,980,Industrial Goods,7.89,1,normal
C22992,Jaipur,Ahmedabad,670,Furniture,2.7,8,same_day
C22993,Bengaluru,Chennai,350,Auto Parts,1.59,6,same_day
C22994,Mumbai,Ahmedabad,530,Pharma,0.86,6,urgent
C22995,Chennai,Bengaluru,350,FMCG,0.72,7,normal
C22996,Mumbai,Delhi,1400,Auto Parts,6.31,0,urgent
C22997,Ahmedabad,Mumbai,530,Auto Parts,0.5,12,normal
C22998,Chennai,Bengaluru,350,Pharma,1.05,9,normal
C22999,Ahmedabad,Jaipur,670,E-commerce Parcels,0.59,8,same_day
C23000,Ahmedabad,Mumbai,530,Industrial Goods,1.52,14,same_day
C23001,Bengaluru,Mumbai,980,Pharma,4.28,3,same_day
C23002,Jaipur,Ahmedabad,670,FMCG,1.11,3,normal
C23003,Bengaluru,Chennai,350,Furniture,6.26,3,normal
C23004,Pune,Mumbai,150,Textiles,0.53,4,same_day
C23005,Hyderabad,Chennai,630,E-commerce Parcels,1.63,6,normal
C23006,Delhi,Kolkata,1500,Auto Parts,0.21,23,same_day
C23007,Hyderabad,Chennai,630,Auto Parts,3.05,8,same_day
C23008,Delhi,Kolkata,1500,E-commerce Parcels,0.31,10,normal
C23009,Mumbai,Delhi,1400,Pharma,4.91,8,normal
C23010,Delhi,Kolkata,1500,Furniture,4.31,0,same_day
C23011,Chennai,Hyderabad,630,FMCG,1.37,12,normal
C23012,Delhi,Jaipur,280,Electronics,6.03,18,normal
C23013,Bengaluru,Chennai,350,Textiles,0.27,11,same_day
C23014,Hyderabad,Bengaluru,570,E-commerce Parcels,1.2,16,normal
C23015,Hyderabad,Bengaluru,570,Pharma,3.2,15,urgent
C23016,Mumbai,Delhi,1400,Electronics,5.21,0,normal
C23017,Jaipur,Delhi,280,Industrial Goods,0.37,16,same_day
C23018,Bengaluru,Hyderabad,570,Textiles,0.51,8,normal
C23019,Bengaluru,Delhi,2150,Furniture,2.36,12,normal
C23020,Bengaluru,Hyderabad,570,Auto Parts,2.31,0,same_day
C23021,Bhubaneswar,Kolkata,440,Industrial Goods,1.33,0,normal
C23022,Chennai,Bengaluru,350,Industrial Goods,5.55,17,normal
C23023,Mumbai,Ahmedabad,530,Pharma,2.73,23,normal
C23024,Bengaluru,Chennai,350,Electronics,2.24,13,same_day
C23025,Mumbai,Delhi,1400,Pharma,1.4,23,normal
C23026,Jaipur,Delhi,280,Electronics,1.09,7,normal
C23027,Delhi,Bengaluru,2150,Pharma,2.89,0,urgent
C23028,Ahmedabad,Jaipur,670,E-commerce Parcels,0.46,2,urgent
C23029,Delhi,Lucknow,550,Electronics,1.35,23,normal
C23030,Delhi,Jaipur,280,E-commerce Parcels,0.29,19,normal
C23031,Ahmedabad,Jaipur,670,Auto Parts,0.73,8,same_day
C23032,Lucknow,Delhi,550,Electronics,0.85,3,normal
C23033,Bengaluru,Hyderabad,570,FMCG,0.51,12,normal
C23034,Jaipur,Delhi,280,Textiles,0.22,23,same_day
C23035,Mumbai,Pune,150,Furniture,7.0,17,normal
C23036,Jaipur,Delhi,280,Industrial Goods,0.39,7,urgent
C23037,Mumbai,Ahmedabad,530,E-commerce Parcels,1.25,18,urgent
C23038,Ahmedabad,Mumbai,530,Auto Parts,3.88,11,normal
C23039,Chennai,Hyderabad,630,E-commerce Parcels,0.51,0,same_day
C23040,Jaipur,Delhi,280,E-commerce Parcels,0.63,2,same_day
C23041,Hyderabad,Chennai,630,Industrial Goods,2.59,6,urgent
C23042,Delhi,Bengaluru,2150,Industrial Goods,0.29,19,normal
C23043,Delhi,Lucknow,550,Textiles,7.71,9,normal
C23044,Chennai,Hyderabad,630,Industrial Goods,4.39,19,normal
C23045,Kolkata,Bhubaneswar,440,Pharma,1.41,20,same_day
C23046,Bhubaneswar,Kolkata,440,Textiles,0.26,23,urgent
C23047,Lucknow,Delhi,550,Pharma,5.63,0,normal
C23048,Delhi,Kolkata,1500,Industrial Goods,7.32,15,normal
C23049,Bengaluru,Mumbai,980,E-commerce Parcels,0.88,15,normal
C23050,Mumbai,Delhi,1400,Textiles,3.89,4,normal
C23051,Kolkata,Delhi,1500,Industrial Goods,3.45,3,same_day
C23052,Delhi,Bengaluru,2150,Auto Parts,5.0,0,normal
C23053,Ahmedabad,Jaipur,670,Textiles,2.73,19,normal
C23054,Ahmedabad,Mumbai,530,Textiles,4.47,2,same_day
C23055,Mumbai,Pune,150,Industrial Goods,0.2,20,normal
C23056,Delhi,Mumbai,1400,Furniture,0.44,23,normal
C23057,Bengaluru,Hyderabad,570,Industrial Goods,5.81,3,normal
C23058,Mumbai,Bengaluru,980,Auto Parts,4.9,17,normal
C23059,Bengaluru,Delhi,2150,Electronics,0.65,23,normal
C23060,Mumbai,Bengaluru,980,Furniture,1.5,5,normal
C23061,Chennai,Hyderabad,630,Auto Parts,3.16,22,same_day
C23062,Delhi,Jaipur,280,Pharma,0.69,5,urgent
C23063,Bengaluru,Mumbai,980,E-commerce Parcels,0.26,7,normal
C23064,Lucknow,Delhi,550,Textiles,0.75,17,normal
C23065,Jaipur,Delhi,280,FMCG,0.37,5,normal
C23066,Mumbai,Bengaluru,980,E-commerce Parcels,5.98,13,normal
C23067,Bengaluru,Mumbai,980,E-commerce Parcels,7.92,1,same_day
C23068,Delhi,Bengaluru,2150,Textiles,0.96,10,same_day
C23069,Bengaluru,Chennai,350,Furniture,1.15,12,normal
C23070,Hyderabad,Chennai,630,FMCG,3.35,23,normal
C23071,Bhubaneswar,Kolkata,440,Furniture,4.55,5,normal
C23072,Hyderabad,Chennai,630,Electronics,0.48,13,normal
C23073,Mumbai,Pune,150,Auto Parts,0.8,22,normal
C23074,Bengaluru,Hyderabad,570,FMCG,6.22,13,urgent
C23075,Lucknow,Delhi,550,Auto Parts,2.07,3,normal
C23076,Chennai,Hyderabad,630,Auto Parts,4.03,3,same_day
C23077,Bengaluru,Mumbai,980,Electronics,3.12,20,normal
C23078,Delhi,Bengaluru,2150,Electronics,4.12,13,normal
C23079,Delhi,Mumbai,1400,Auto Parts,1.76,5,same_day
C23080,Pune,Mumbai,150,Electronics,2.12,2,normal
C23081,Chennai,Bengaluru,350,Textiles,1.03,12,normal
C23082,Jaipur,Delhi,280,Auto Parts,2.53,16,normal
C23083,Hyderabad,Bengaluru,570,Auto Parts,2.87,15,normal
C23084,Delhi,Kolkata,1500,Electronics,0.33,6,normal
C23085,Kolkata,Delhi,1500,Auto Parts,7.93,15,urgent
C23086,Chennai,Bengaluru,350,E-commerce Parcels,1.35,11,normal
C23087,Bengaluru,Delhi,2150,Auto Parts,1.57,18,normal
C23088,Chennai,Hyderabad,630,FMCG,0.77,18,normal
C23089,Mumbai,Pune,150,Electronics,0.48,9,urgent
C23090,Ahmedabad,Jaipur,670,E-commerce Parcels,7.02,14,normal
C23091,Delhi,Kolkata,1500,Electronics,0.81,20,normal
C23092,Pune,Mumbai,150,Auto Parts,4.86,5,same_day
C23093,Delhi,Bengaluru,2150,E-commerce Parcels,0.57,22,normal
C23094,Mumbai,Bengaluru,980,Auto Parts,0.32,19,normal
C23095,Mumbai,Ahmedabad,530,Textiles,1.02,13,normal
C23096,Delhi,Lucknow,550,Auto Parts,1.99,21,same_day
C23097,Delhi,Lucknow,550,Electronics,1.43,4,same_day
C23098,Hyderabad,Chennai,630,Textiles,0.2,2,normal
C23099,Pune,Mumbai,150,Furniture,7.01,1,normal
C23100,Delhi,Jaipur,280,Textiles,1.82,3,normal
C23101,Delhi,Mumbai,1400,E-commerce Parcels,0.82,11,normal
C23102,Delhi,Bengaluru,2150,E-commerce Parcels,0.71,14,normal
C23103,Delhi,Kolkata,1500,FMCG,1.45,8,normal
C23104,Hyderabad,Chennai,630,Textiles,2.44,2,normal
C23105,Bengaluru,Chennai,350,Textiles,0.42,0,normal
C23106,Mumbai,Ahmedabad,530,Furniture,0.82,6,normal
C23107,Mumbai,Delhi,1400,Furniture,1.73,16,normal
C23108,Delhi,Mumbai,1400,E-commerce Parcels,2.46,0,urgent
C23109,Delhi,Mumbai,1400,Auto Parts,0.35,16,normal
C23110,Delhi,Bengaluru,2150,Pharma,1.22,8,normal
C23111,Kolkata,Delhi,1500,Pharma,0.39,16,same_day
C23112,Jaipur,Delhi,280,Textiles,3.3,7,same_day
C23113,Pune,Mumbai,150,FMCG,5.24,23,normal
C23114,Bengaluru,Hyderabad,570,Electronics,1.27,16,normal
C23115,Bengaluru,Delhi,2150,E-commerce Parcels,0.64,10,same_day
C23116,Chennai,Bengaluru,350,Industrial Goods,0.59,0,same_day
C23117,Bengaluru,Chennai,350,Electronics,0.88,15,normal
C23118,Delhi,Bengaluru,2150,Auto Parts,3.93,0,normal
C23119,Delhi,Jaipur,280,Auto Parts,0.92,2,same_day
C23120,Jaipur,Delhi,280,FMCG,0.46,11,same_day
C23121,Mumbai,Bengaluru,980,Industrial Goods,2.79,2,normal
C23122,Ahmedabad,Jaipur,670,Textiles,3.51,16,normal
C23123,Delhi,Bengaluru,2150,Pharma,2.95,3,same_day
C23124,Kolkata,Bhubaneswar,440,Electronics,0.4,2,normal
C23125,Delhi,Kolkata,1500,Industrial Goods,3.85,13,normal
C23126,Ahmedabad,Mumbai,530,Industrial Goods,0.22,1,normal
C23127,Pune,Mumbai,150,FMCG,3.7,11,normal
C23128,Kolkata,Bhubaneswar,440,Electronics,3.56,14,urgent
C23129,Delhi,Kolkata,1500,Furniture,0.55,9,normal
C23130,Mumbai,Bengaluru,980,Furniture,2.47,2,normal
C23131,Mumbai,Ahmedabad,530,Auto Parts,0.5,19,normal
C23132,Bengaluru,Mumbai,980,Furniture,1.84,15,normal
C23133,Mumbai,Delhi,1400,FMCG,0.36,9,normal
C23134,Bengaluru,Delhi,2150,Textiles,1.07,23,urgent
C23135,Bengaluru,Delhi,2150,Electronics,4.28,3,normal
C23136,Bengaluru,Chennai,350,Industrial Goods,1.49,23,normal
C23137,Chennai,Hyderabad,630,Textiles,0.49,9,same_day
C23138,Delhi,Bengaluru,2150,E-commerce Parcels,0.53,21,normal
C23139,Hyderabad,Bengaluru,570,Electronics,0.72,22,normal
C23140,Delhi,Mumbai,1400,Electronics,3.67,0,urgent
C23141,Delhi,Mumbai,1400,Auto Parts,0.53,21,normal
C23142,Delhi,Lucknow,550,Textiles,5.09,22,normal
C23143,Hyderabad,Chennai,630,E-commerce Parcels,0.64,16,same_day
C23144,Kolkata,Bhubaneswar,440,Electronics,0.25,5,normal
C23145,Kolkata,Delhi,1500,Textiles,2.22,7,normal
C23146,Chennai,Bengaluru,350,FMCG,3.48,15,normal
C23147,Bhubaneswar,Kolkata,440,Auto Parts,0.26,5,normal
C23148,Bengaluru,Chennai,350,E-commerce Parcels,0.83,1,normal
C23149,Bhubaneswar,Kolkata,440,Electronics,1.87,4,normal
C23150,Mumbai,Pune,150,E-commerce Parcels,1.09,19,normal
C23151,Lucknow,Delhi,550,FMCG,3.47,11,normal
C23152,Mumbai,Ahmedabad,530,Furniture,1.02,11,normal
C23153,Hyderabad,Chennai,630,Textiles,0.4,6,same_day
C23154,Kolkata,Bhubaneswar,440,Textiles,2.11,16,urgent
C23155,Mumbai,Ahmedabad,530,Furniture,0.6,19,normal
C23156,Lucknow,Delhi,550,Electronics,1.4,0,normal
C23157,Bengaluru,Delhi,2150,Furniture,0.68,15,normal
C23158,Delhi,Lucknow,550,Pharma,0.45,0,normal
C23159,Kolkata,Bhubaneswar,440,FMCG,1.12,14,normal
C23160,Bengaluru,Mumbai,980,Auto Parts,5.76,2,normal
C23161,Jaipur,Ahmedabad,670,Textiles,0.58,19,urgent
C23162,Mumbai,Pune,150,Electronics,0.32,3,normal
C23163,Delhi,Mumbai,1400,Industrial Goods,0.4,19,same_day
C23164,Hyderabad,Bengaluru,570,Textiles,0.5,13,normal
C23165,Bengaluru,Mumbai,980,Electronics,6.29,0,normal
C23166,Kolkata,Bhubaneswar,440,FMCG,2.43,2,urgent
C23167,Lucknow,Delhi,550,Furniture,1.24,23,normal
C23168,Ahmedabad,Jaipur,670,Electronics,0.34,21,normal
C23169,Mumbai,Ahmedabad,530,Furniture,0.44,10,normal
C23170,Delhi,Bengaluru,2150,Electronics,0.5,21,same_day
C23171,Bengaluru,Hyderabad,570,E-commerce Parcels,3.17,11,normal
C23172,Hyderabad,Chennai,630,Electronics,0.54,12,urgent
C23173,Mumbai,Delhi,1400,FMCG,0.25,22,normal
C23174,Mumbai,Delhi,1400,FMCG,4.83,6,normal
C23175,Bengaluru,Delhi,2150,Pharma,0.4,19,normal
C23176,Kolkata,Delhi,1500,Electronics,6.63,12,urgent
C23177,Hyderabad,Chennai,630,E-commerce Parcels,1.72,6,normal
C23178,Delhi,Mumbai,1400,Auto Parts,0.37,11,normal
C23179,Jaipur,Ahmedabad,670,E-commerce Parcels,1.47,3,normal
C23180,Mumbai,Delhi,1400,Pharma,5.65,3,normal
C23181,Bengaluru,Hyderabad,570,Auto Parts,0.47,2,same_day
C23182,Mumbai,Ahmedabad,530,Auto Parts,1.1,12,urgent
C23183,Jaipur,Ahmedabad,670,Auto Parts,0.7,0,normal
C23184,Jaipur,Delhi,280,Furniture,0.44,19,urgent
C23185,Bengaluru,Chennai,350,FMCG,0.57,1,same_day
C23186,Mumbai,Bengaluru,980,Furniture,2.18,17,urgent
C23187,Delhi,Bengaluru,2150,FMCG,2.11,5,normal
C23188,Jaipur,Ahmedabad,670,Electronics,2.66,9,normal
C23189,Pune,Mumbai,150,Pharma,0.41,10,normal
C23190,Bengaluru,Mumbai,980,Electronics,4.53,14,normal
C23191,Jaipur,Delhi,280,Electronics,2.33,4,normal
C23192,Jaipur,Ahmedabad,670,Industrial Goods,2.83,23,normal
C23193,Kolkata,Delhi,1500,FMCG,1.53,19,normal
C23194,Delhi,Kolkata,1500,Electronics,0.21,3,normal
C23195,Pune,Mumbai,150,E-commerce Parcels,0.94,19,normal
C23196,Chennai,Bengaluru,350,FMCG,3.28,11,normal
C23197,Chennai,Bengaluru,350,FMCG,4.65,0,normal
C23198,Hyderabad,Bengaluru,570,Auto Parts,1.28,7,same_day
C23199,Ahmedabad,Jaipur,670,E-commerce Parcels,0.81,13,urgent
C23200,Hyderabad,Bengaluru,570,Electronics,2.28,23,same_day
C23201,Kolkata,Delhi,1500,Auto Parts,1.57,15,same_day
C23202,Delhi,Bengaluru,2150,Auto Parts,5.67,6,normal
C23203,Delhi,Kolkata,1500,Auto Parts,7.99,15,normal
C23204,Bhubaneswar,Kolkata,440,Electronics,3.68,5,normal
C23205,Delhi,Kolkata,1500,Textiles,0.27,7,normal
C23206,Delhi,Lucknow,550,Auto Parts,0.23,16,same_day
C23207,Kolkata,Bhubaneswar,440,Textiles,3.26,22,same_day
C23208,Ahmedabad,Mumbai,530,Furniture,0.53,11,normal
C23209,Delhi,Bengaluru,2150,Auto Parts,3.28,2,same_day
C23210,Delhi,Jaipur,280,E-commerce Parcels,2.97,5,normal
C23211,Hyderabad,Bengaluru,570,FMCG,3.47,14,normal
C23212,Mumbai,Delhi,1400,Electronics,0.32,0,normal
C23213,Mumbai,Bengaluru,980,Industrial Goods,3.84,8,urgent
C23214,Hyderabad,Bengaluru,570,E-commerce Parcels,0.89,12,normal
C23215,Ahmedabad,Mumbai,530,FMCG,5.13,7,urgent
C23216,Kolkata,Delhi,1500,Textiles,1.18,12,urgent
C23217,Jaipur,Ahmedabad,670,Auto Parts,0.47,12,normal
C23218,Jaipur,Ahmedabad,670,FMCG,0.92,19,normal
C23219,Mumbai,Bengaluru,980,Furniture,1.78,9,normal
C23220,Chennai,Hyderabad,630,Furniture,0.26,6,normal
C23221,Jaipur,Ahmedabad,670,Pharma,0.23,9,urgent
C23222,Chennai,Hyderabad,630,Electronics,6.41,8,same_day
C23223,Jaipur,Delhi,280,Electronics,2.99,8,normal
C23224,Hyderabad,Bengaluru,570,Pharma,0.31,17,normal
C23225,Pune,Mumbai,150,Auto Parts,0.89,15,normal
C23226,Mumbai,Pune,150,Pharma,6.14,15,urgent
C23227,Delhi,Kolkata,1500,FMCG,0.92,5,normal
C23228,Ahmedabad,Mumbai,530,Electronics,7.98,23,same_day
C23229,Hyderabad,Chennai,630,Industrial Goods,0.98,13,normal
C23230,Kolkata,Bhubaneswar,440,E-commerce Parcels,3.7,17,normal
C23231,Mumbai,Bengaluru,980,E-commerce Parcels,0.94,13,normal
C23232,Jaipur,Delhi,280,Textiles,0.51,0,normal
C23233,Delhi,Kolkata,1500,FMCG,2.43,11,normal
C23234,Jaipur,Delhi,280,Auto Parts,0.75,19,normal
C23235,Delhi,Jaipur,280,Pharma,0.33,17,normal
C23236,Delhi,Jaipur,280,E-commerce Parcels,2.75,6,normal
C23237,Mumbai,Delhi,1400,Pharma,0.4,23,normal
C23238,Jaipur,Ahmedabad,670,Furniture,1.63,12,urgent
C23239,Bengaluru,Delhi,2150,Pharma,4.44,6,same_day
C23240,Bengaluru,Chennai,350,Pharma,1.05,8,normal
C23241,Delhi,Lucknow,550,Auto Parts,4.56,4,normal
C23242,Bengaluru,Mumbai,980,Pharma,1.83,4,same_day
C23243,Pune,Mumbai,150,E-commerce Parcels,4.1,15,same_day
C23244,Hyderabad,Chennai,630,Auto Parts,1.6,12,normal
C23245,Bengaluru,Chennai,350,Industrial Goods,2.63,21,normal
C23246,Chennai,Bengaluru,350,FMCG,2.06,11,normal
C23247,Bengaluru,Mumbai,980,Pharma,1.04,10,same_day
C23248,Delhi,Mumbai,1400,E-commerce Parcels,1.41,15,same_day
C23249,Mumbai,Pune,150,Textiles,0.86,15,normal
C23250,Mumbai,Bengaluru,980,Electronics,0.49,16,normal
C23251,Bengaluru,Delhi,2150,Industrial Goods,1.69,10,normal
C23252,Delhi,Lucknow,550,Industrial Goods,4.82,6,normal
C23253,Chennai,Hyderabad,630,Auto Parts,1.28,16,urgent
C23254,Mumbai,Pune,150,Auto Parts,0.9,6,normal
C23255,Bengaluru,Mumbai,980,Electronics,3.71,5,urgent
C23256,Ahmedabad,Mumbai,530,Textiles,0.63,8,normal
C23257,Hyderabad,Chennai,630,E-commerce Parcels,0.66,13,normal
C23258,Delhi,Kolkata,1500,E-commerce Parcels,7.77,1,urgent
C23259,Chennai,Bengaluru,350,FMCG,0.27,11,normal
C23260,Jaipur,Ahmedabad,670,E-commerce Parcels,2.74,13,normal
C23261,Hyderabad,Chennai,630,Electronics,4.26,10,same_day
C23262,Jaipur,Ahmedabad,670,Electronics,3.33,4,normal
C23263,Mumbai,Ahmedabad,530,Industrial Goods,0.44,16,normal
C23264,Chennai,Bengaluru,350,Textiles,0.2,14,same_day
C23265,Chennai,Hyderabad,630,FMCG,0.61,18,normal
C23266,Lucknow,Delhi,550,Textiles,5.09,6,normal
C23267,Jaipur,Delhi,280,Industrial Goods,4.47,4,normal
C23268,Chennai,Hyderabad,630,Textiles,1.99,8,urgent
C23269,Delhi,Lucknow,550,Furniture,2.7,17,normal
C23270,Ahmedabad,Mumbai,530,FMCG,5.55,11,normal
C23271,Hyderabad,Chennai,630,Textiles,3.7,2,same_day
C23272,Delhi,Bengaluru,2150,FMCG,5.95,17,same_day
C23273,Delhi,Kolkata,1500,Industrial Goods,0.8,15,normal
C23274,Chennai,Hyderabad,630,Industrial Goods,1.34,19,normal
C23275,Kolkata,Bhubaneswar,440,Industrial Goods,0.72,0,urgent
C23276,Bengaluru,Hyderabad,570,FMCG,2.33,23,normal
C23277,Chennai,Bengaluru,350,Textiles,2.62,16,normal
C23278,Jaipur,Delhi,280,Industrial Goods,1.66,23,normal
C23279,Delhi,Kolkata,1500,Textiles,1.41,19,normal
C23280,Delhi,Kolkata,1500,Pharma,4.78,13,normal
C23281,Hyderabad,Bengaluru,570,Pharma,1.28,5,same_day
C23282,Kolkata,Bhubaneswar,440,E-commerce Parcels,1.21,19,normal
C23283,Kolkata,Delhi,1500,FMCG,2.67,23,same_day
C23284,Ahmedabad,Mumbai,530,Auto Parts,0.66,2,same_day
C23285,Ahmedabad,Jaipur,670,FMCG,1.84,5,normal
C23286,Bhubaneswar,Kolkata,440,Auto Parts,2.72,23,normal
C23287,Bengaluru,Mumbai,980,E-commerce Parcels,0.66,20,normal
C23288,Mumbai,Delhi,1400,Pharma,3.46,17,urgent
C23289,Mumbai,Ahmedabad,530,Furniture,3.83,6,same_day
C23290,Mumbai,Delhi,1400,Furniture,5.8,16,normal
C23291,Ahmedabad,Mumbai,530,Textiles,0.74,12,normal
C23292,Jaipur,Delhi,280,Furniture,0.74,12,normal
C23293,Hyderabad,Bengaluru,570,FMCG,4.52,3,normal
C23294,Jaipur,Ahmedabad,670,Pharma,6.84,12,normal
C23295,Lucknow,Delhi,550,Textiles,0.44,20,normal
C23296,Delhi,Lucknow,550,Auto Parts,0.99,12,normal
C23297,Delhi,Kolkata,1500,Industrial Goods,3.7,2,normal
C23298,Ahmedabad,Jaipur,670,Auto Parts,1.56,11,normal
C23299,Delhi,Bengaluru,2150,Textiles,1.69,2,normal
C23300,Kolkata,Bhubaneswar,440,Pharma,1.82,9,normal
C23301,Bengaluru,Hyderabad,570,Electronics,0.71,20,normal
C23302,Delhi,Kolkata,1500,Industrial Goods,3.14,1,normal
C23303,Chennai,Bengaluru,350,Furniture,0.21,12,normal
C23304,Delhi,Bengaluru,2150,FMCG,0.32,8,normal
C23305,Bengaluru,Hyderabad,570,Pharma,0.58,11,normal
C23306,Delhi,Jaipur,280,Electronics,1.91,19,normal
C23307,Hyderabad,Chennai,630,FMCG,0.35,6,normal
C23308,Mumbai,Pune,150,FMCG,0.72,10,normal
C23309,Jaipur,Ahmedabad,670,Auto Parts,3.9,10,normal
C23310,Chennai,Hyderabad,630,E-commerce Parcels,0.69,7,normal
C23311,Mumbai,Ahmedabad,530,Electronics,6.16,12,same_day
C23312,Delhi,Bengaluru,2150,E-commerce Parcels,2.84,1,same_day
C23313,Lucknow,Delhi,550,E-commerce Parcels,0.34,18,same_day
C23314,Chennai,Bengaluru,350,Industrial Goods,0.51,7,urgent
C23315,Mumbai,Bengaluru,980,Pharma,0.63,14,normal
C23316,Hyderabad,Chennai,630,Auto Parts,1.24,17,urgent
C23317,Bengaluru,Mumbai,980,Electronics,0.22,15,normal
C23318,Bengaluru,Chennai,350,Auto Parts,3.71,6,same_day
C23319,Mumbai,Ahmedabad,530,FMCG,0.79,0,normal
C23320,Delhi,Jaipur,280,FMCG,7.21,8,normal
C23321,Hyderabad,Bengaluru,570,Furniture,0.65,3,normal
C23322,Delhi,Kolkata,1500,FMCG,0.3,14,normal
C23323,Kolkata,Delhi,1500,FMCG,3.86,9,same_day
C23324,Ahmedabad,Mumbai,530,Textiles,1.57,1,normal
C23325,Chennai,Bengaluru,350,Pharma,2.14,16,normal
C23326,Delhi,Lucknow,550,Electronics,0.69,18,normal
C23327,Delhi,Jaipur,280,FMCG,3.27,12,normal
C23328,Kolkata,Bhubaneswar,440,Textiles,0.38,15,normal
C23329,Pune,Mumbai,150,Pharma,5.75,2,urgent
C23330,Bengaluru,Mumbai,980,Industrial Goods,2.16,13,normal
C23331,Chennai,Bengaluru,350,Auto Parts,0.99,22,same_day
C23332,Ahmedabad,Mumbai,530,FMCG,4.87,5,normal
C23333,Bengaluru,Chennai,350,Auto Parts,2.56,0,normal
C23334,Bengaluru,Chennai,350,Auto Parts,0.29,20,normal
C23335,Jaipur,Delhi,280,Auto Parts,7.37,10,normal
C23336,Hyderabad,Bengaluru,570,Pharma,0.35,11,normal
C23337,Jaipur,Delhi,280,Furniture,0.77,11,normal
C23338,Chennai,Hyderabad,630,Auto Parts,7.43,15,normal
C23339,Bengaluru,Hyderabad,570,Furniture,0.61,0,normal
C23340,Delhi,Bengaluru,2150,Industrial Goods,2.52,21,same_day
C23341,Ahmedabad,Jaipur,670,Auto Parts,1.14,18,normal
C23342,Jaipur,Ahmedabad,670,Textiles,1.99,17,normal
C23343,Chennai,Hyderabad,630,Auto Parts,1.01,11,normal
C23344,Ahmedabad,Mumbai,530,Electronics,0.45,16,same_day
C23345,Chennai,Hyderabad,630,Auto Parts,4.59,16,same_day
C23346,Kolkata,Delhi,1500,Textiles,1.0,12,same_day
C23347,Ahmedabad,Mumbai,530,Auto Parts,1.47,2,normal
C23348,Jaipur,Delhi,280,Pharma,0.37,9,normal
C23349,Bengaluru,Chennai,350,Furniture,1.61,2,normal
C23350,Delhi,Kolkata,1500,Industrial Goods,1.36,23,normal
C23351,Delhi,Kolkata,1500,E-commerce Parcels,0.29,0,normal
C23352,Mumbai,Ahmedabad,530,Textiles,0.59,11,normal
C23353,Bengaluru,Delhi,2150,Auto Parts,0.62,9,normal
C23354,Delhi,Bengaluru,2150,Electronics,0.83,23,normal
C23355,Bhubaneswar,Kolkata,440,Furniture,0.85,12,normal
C23356,Delhi,Mumbai,1400,Industrial Goods,0.57,3,normal
C23357,Bhubaneswar,Kolkata,440,E-commerce Parcels,1.9,0,normal
C23358,Mumbai,Pune,150,Electronics,1.2,6,normal
C23359,Bengaluru,Mumbai,980,FMCG,1.59,20,normal
C23360,Bengaluru,Delhi,2150,Electronics,0.44,10,normal
C23361,Bengaluru,Mumbai,980,E-commerce Parcels,1.01,4,normal
C23362,Mumbai,Delhi,1400,Furniture,0.39,10,same_day
C23363,Bengaluru,Hyderabad,570,FMCG,1.59,8,normal
C23364,Hyderabad,Chennai,630,FMCG,1.07,14,normal
C23365,Chennai,Bengaluru,350,E-commerce Parcels,2.54,15,normal
C23366,Mumbai,Bengaluru,980,Auto Parts,2.26,7,normal
C23367,Delhi,Lucknow,550,Auto Parts,1.66,1,same_day
C23368,Mumbai,Pune,150,Pharma,0.55,9,normal
C23369,Chennai,Hyderabad,630,FMCG,0.49,19,normal
C23370,Delhi,Jaipur,280,Electronics,0.62,3,normal
C23371,Bengaluru,Delhi,2150,Pharma,0.82,5,normal
C23372,Bengaluru,Chennai,350,FMCG,0.63,13,same_day
C23373,Chennai,Hyderabad,630,Pharma,0.22,17,normal
C23374,Mumbai,Ahmedabad,530,Pharma,6.49,10,normal
C23375,Chennai,Bengaluru,350,Electronics,0.45,20,normal
C23376,Jaipur,Ahmedabad,670,Industrial Goods,5.28,2,normal
C23377,Bengaluru,Chennai,350,Furniture,7.6,22,normal
C23378,Pune,Mumbai,150,Textiles,0.86,13,normal
C23379,Bengaluru,Chennai,350,Auto Parts,2.84,17,normal
C23380,Lucknow,Delhi,550,Textiles,3.13,6,same_day
C23381,Delhi,Mumbai,1400,Textiles,1.83,13,normal
C23382,Pune,Mumbai,150,Pharma,2.33,13,normal
C23383,Bhubaneswar,Kolkata,440,Electronics,1.19,20,normal
C23384,Bhubaneswar,Kolkata,440,Industrial Goods,6.0,13,same_day
C23385,Jaipur,Delhi,280,FMCG,0.76,0,normal
C23386,Bengaluru,Mumbai,980,Textiles,1.31,23,same_day
C23387,Bengaluru,Mumbai,980,Textiles,0.63,10,normal
C23388,Kolkata,Bhubaneswar,440,Auto Parts,1.66,23,normal
C23389,Bengaluru,Delhi,2150,FMCG,1.51,13,normal
C23390,Mumbai,Pune,150,Pharma,5.13,12,normal
C23391,Kolkata,Bhubaneswar,440,Textiles,2.07,0,normal
C23392,Mumbai,Delhi,1400,Auto Parts,2.33,1,normal
C23393,Hyderabad,Chennai,630,Auto Parts,0.33,10,same_day
C23394,Delhi,Jaipur,280,Pharma,4.3,21,normal
C23395,Delhi,Jaipur,280,Pharma,0.9,22,urgent
C23396,Jaipur,Ahmedabad,670,Textiles,4.03,3,same_day
C23397,Delhi,Lucknow,550,Electronics,0.86,11,same_day
C23398,Bhubaneswar,Kolkata,440,Electronics,0.68,5,normal
C23399,Jaipur,Delhi,280,Electronics,1.75,0,urgent
C23400,Lucknow,Delhi,550,E-commerce Parcels,0.62,8,urgent
C23401,Bhubaneswar,Kolkata,440,Pharma,0.78,6,normal
C23402,Ahmedabad,Jaipur,670,Auto Parts,3.37,20,normal
C23403,Ahmedabad,Jaipur,670,Furniture,0.6,4,normal
C23404,Ahmedabad,Jaipur,670,FMCG,1.59,3,normal
C23405,Bhubaneswar,Kolkata,440,Electronics,2.85,8,same_day
C23406,Kolkata,Bhubaneswar,440,Electronics,0.3,11,normal
C23407,Bengaluru,Delhi,2150,Electronics,2.92,13,normal
C23408,Jaipur,Delhi,280,E-commerce Parcels,5.67,18,normal
C23409,Mumbai,Pune,150,Furniture,3.37,23,normal
C23410,Chennai,Bengaluru,350,Electronics,4.98,10,normal
C23411,Lucknow,Delhi,550,E-commerce Parcels,0.76,17,normal
C23412,Mumbai,Pune,150,FMCG,1.14,6,normal
C23413,Mumbai,Delhi,1400,Auto Parts,5.59,3,same_day
C23414,Jaipur,Ahmedabad,670,FMCG,3.67,16,normal
C23415,Delhi,Jaipur,280,Pharma,3.92,4,normal
C23416,Bhubaneswar,Kolkata,440,Electronics,4.36,6,normal
C23417,Mumbai,Delhi,1400,Furniture,0.71,17,normal
C23418,Pune,Mumbai,150,FMCG,4.23,12,same_day
C23419,Delhi,Bengaluru,2150,Industrial Goods,0.67,5,same_day
C23420,Bhubaneswar,Kolkata,440,Auto Parts,0.86,15,normal
C23421,Bengaluru,Mumbai,980,Auto Parts,2.15,0,normal
C23422,Mumbai,Bengaluru,980,Auto Parts,2.56,16,normal
C23423,Bengaluru,Delhi,2150,Industrial Goods,1.25,6,urgent
C23424,Delhi,Jaipur,280,Electronics,2.03,0,same_day
C23425,Delhi,Jaipur,280,Auto Parts,2.21,0,normal
C23426,Kolkata,Delhi,1500,Furniture,1.04,13,normal
C23427,Hyderabad,Chennai,630,Textiles,0.27,8,normal
C23428,Delhi,Jaipur,280,Industrial Goods,0.34,3,normal
C23429,Delhi,Kolkata,1500,Pharma,0.8,17,normal
C23430,Jaipur,Ahmedabad,670,Industrial Goods,1.77,1,normal
C23431,Chennai,Bengaluru,350,FMCG,1.31,16,normal
C23432,Bengaluru,Chennai,350,E-commerce Parcels,2.42,21,same_day
C23433,Ahmedabad,Mumbai,530,Furniture,2.01,0,normal
C23434,Kolkata,Delhi,1500,Auto Parts,0.35,16,normal
C23435,Mumbai,Ahmedabad,530,E-commerce Parcels,0.84,17,normal
C23436,Delhi,Kolkata,1500,FMCG,1.11,22,normal
C23437,Mumbai,Pune,150,E-commerce Parcels,2.93,8,normal
C23438,Kolkata,Delhi,1500,Auto Parts,2.06,11,same_day
C23439,Hyderabad,Chennai,630,E-commerce Parcels,2.19,18,normal
C23440,Kolkata,Bhubaneswar,440,Electronics,2.36,15,normal
C23441,Mumbai,Ahmedabad,530,FMCG,0.68,7,normal
C23442,Delhi,Kolkata,1500,Textiles,0.91,23,normal
C23443,Ahmedabad,Jaipur,670,Furniture,0.54,15,normal
C23444,Pune,Mumbai,150,Auto Parts,3.28,17,same_day
C23445,Delhi,Bengaluru,2150,Textiles,1.97,15,normal
C23446,Mumbai,Pune,150,E-commerce Parcels,0.22,6,same_day
C23447,Bengaluru,Delhi,2150,Textiles,5.18,16,normal
C23448,Ahmedabad,Jaipur,670,E-commerce Parcels,3.8,6,urgent
C23449,Hyderabad,Bengaluru,570,Textiles,0.33,23,same_day
C23450,Jaipur,Ahmedabad,670,E-commerce Parcels,0.69,6,normal
C23451,Pune,Mumbai,150,Pharma,1.55,23,normal
C23452,Mumbai,Ahmedabad,530,Textiles,0.22,8,same_day
C23453,Mumbai,Pune,150,Electronics,0.52,15,same_day
C23454,Mumbai,Bengaluru,980,Industrial Goods,6.3,10,normal
C23455,Chennai,Hyderabad,630,Furniture,6.42,4,same_day
C23456,Jaipur,Delhi,280,Industrial Goods,3.71,6,normal
C23457,Delhi,Mumbai,1400,E-commerce Parcels,4.85,9,normal
C23458,Delhi,Mumbai,1400,FMCG,3.53,3,normal
C23459,Mumbai,Bengaluru,980,FMCG,3.54,8,normal
C23460,Mumbai,Bengaluru,980,Electronics,1.57,10,normal
C23461,Delhi,Kolkata,1500,Electronics,1.1,0,normal
C23462,Lucknow,Delhi,550,Auto Parts,1.22,11,normal
C23463,Pune,Mumbai,150,E-commerce Parcels,1.0,0,normal
C23464,Delhi,Bengaluru,2150,Auto Parts,1.7,9,same_day
C23465,Pune,Mumbai,150,Auto Parts,2.28,19,normal
C23466,Jaipur,Ahmedabad,670,Electronics,4.58,2,normal
C23467,Chennai,Hyderabad,630,Auto Parts,0.33,14,normal
C23468,Kolkata,Bhubaneswar,440,Textiles,6.61,12,normal
C23469,Ahmedabad,Jaipur,670,Auto Parts,2.77,21,urgent
C23470,Kolkata,Delhi,1500,E-commerce Parcels,0.85,15,normal
C23471,Delhi,Lucknow,550,E-commerce Parcels,1.19,0,normal
C23472,Jaipur,Ahmedabad,670,Industrial Goods,2.15,21,normal
C23473,Hyderabad,Chennai,630,E-commerce Parcels,0.55,5,normal
C23474,Bengaluru,Chennai,350,Industrial Goods,5.19,23,normal
C23475,Mumbai,Bengaluru,980,Industrial Goods,2.87,18,normal
C23476,Delhi,Lucknow,550,Textiles,0.8,12,normal
C23477,Mumbai,Pune,150,Industrial Goods,1.41,10,normal
C23478,Bengaluru,Chennai,350,FMCG,1.87,13,normal
C23479,Kolkata,Delhi,1500,FMCG,1.07,21,normal
C23480,Delhi,Kolkata,1500,FMCG,5.7,20,normal
C23481,Chennai,Bengaluru,350,Electronics,1.38,0,same_day
C23482,Jaipur,Delhi,280,FMCG,3.28,14,normal
C23483,Delhi,Bengaluru,2150,Electronics,3.98,3,normal
C23484,Mumbai,Bengaluru,980,Industrial Goods,0.41,23,normal
C23485,Ahmedabad,Mumbai,530,Pharma,5.15,7,urgent
C23486,Mumbai,Delhi,1400,Pharma,0.48,18,normal
C23487,Bengaluru,Delhi,2150,Auto Parts,1.81,2,normal
C23488,Kolkata,Delhi,1500,Pharma,0.93,10,normal
C23489,Kolkata,Delhi,1500,Textiles,0.32,21,normal
C23490,Delhi,Bengaluru,2150,E-commerce Parcels,5.14,11,urgent
C23491,Hyderabad,Chennai,630,Industrial Goods,2.19,8,normal
C23492,Delhi,Mumbai,1400,FMCG,2.99,6,normal
C23493,Delhi,Bengaluru,2150,Electronics,2.12,17,normal
C23494,Jaipur,Delhi,280,Electronics,0.31,9,normal
C23495,Bengaluru,Delhi,2150,Industrial Goods,2.89,10,same_day
C23496,Chennai,Bengaluru,350,FMCG,0.55,20,same_day
C23497,Hyderabad,Bengaluru,570,FMCG,2.0,23,normal
C23498,Mumbai,Pune,150,Textiles,1.67,1,same_day
C23499,Delhi,Jaipur,280,Auto Parts,1.58,19,normal
C23500,Delhi,Kolkata,1500,Furniture,0.91,3,normal
C23501,Jaipur,Delhi,280,Electronics,0.33,11,normal
C23502,Ahmedabad,Mumbai,530,Electronics,0.53,9,urgent
C23503,Pune,Mumbai,150,Pharma,0.89,4,same_day
C23504,Mumbai,Bengaluru,980,Industrial Goods,0.32,19,normal
C23505,Delhi,Bengaluru,2150,Industrial Goods,1.31,15,normal
C23506,Delhi,Mumbai,1400,Auto Parts,0.5,21,normal
C23507,Delhi,Kolkata,1500,E-commerce Parcels,1.52,23,same_day
C23508,Lucknow,Delhi,550,Textiles,2.71,22,normal
C23509,Lucknow,Delhi,550,E-commerce Parcels,0.26,4,normal
C23510,Jaipur,Delhi,280,Pharma,0.81,11,same_day
C23511,Kolkata,Delhi,1500,Electronics,0.6,22,same_day
C23512,Chennai,Bengaluru,350,Textiles,1.64,7,normal
C23513,Bhubaneswar,Kolkata,440,Electronics,0.37,4,normal
C23514,Mumbai,Bengaluru,980,Industrial Goods,1.27,13,same_day
C23515,Pune,Mumbai,150,E-commerce Parcels,0.39,0,normal
C23516,Chennai,Bengaluru,350,Pharma,5.87,12,same_day
C23517,Kolkata,Bhubaneswar,440,FMCG,1.21,13,normal
C23518,Delhi,Bengaluru,2150,Textiles,3.2,4,normal
C23519,Mumbai,Delhi,1400,Furniture,0.41,21,same_day
C23520,Hyderabad,Chennai,630,Industrial Goods,0.39,12,normal
C23521,Chennai,Hyderabad,630,E-commerce Parcels,2.92,11,same_day
C23522,Hyderabad,Bengaluru,570,Furniture,3.67,20,same_day
C23523,Mumbai,Ahmedabad,530,E-commerce Parcels,1.44,2,normal
C23524,Delhi,Kolkata,1500,Electronics,0.42,20,normal
C23525,Bhubaneswar,Kolkata,440,Electronics,1.5,15,normal
C23526,Mumbai,Ahmedabad,530,E-commerce Parcels,1.86,18,normal
C23527,Delhi,Lucknow,550,E-commerce Parcels,0.87,21,normal
C23528,Hyderabad,Bengaluru,570,FMCG,0.63,8,same_day
C23529,Hyderabad,Bengaluru,570,Textiles,0.36,17,same_day
C23530,Bengaluru,Chennai,350,Auto Parts,0.61,0,same_day
C23531,Kolkata,Delhi,1500,Pharma,0.3,4,normal
C23532,Hyderabad,Bengaluru,570,Furniture,1.09,14,same_day
C23533,Chennai,Bengaluru,350,Textiles,0.37,22,normal
C23534,Bhubaneswar,Kolkata,440,Furniture,0.29,20,normal
C23535,Ahmedabad,Mumbai,530,Furniture,1.02,0,normal
C23536,Delhi,Bengaluru,2150,Auto Parts,4.35,5,normal
C23537,Pune,Mumbai,150,E-commerce Parcels,2.36,5,normal
C23538,Ahmedabad,Mumbai,530,FMCG,1.09,15,normal
C23539,Mumbai,Bengaluru,980,Industrial Goods,1.8,17,normal
C23540,Chennai,Hyderabad,630,Electronics,0.6,2,normal
C23541,Jaipur,Ahmedabad,670,FMCG,1.74,0,normal
C23542,Bengaluru,Mumbai,980,Electronics,0.49,13,same_day
C23543,Bengaluru,Delhi,2150,Electronics,4.51,8,normal
C23544,Mumbai,Delhi,1400,Electronics,3.31,18,normal
C23545,Delhi,Jaipur,280,Industrial Goods,0.49,20,normal
C23546,Bhubaneswar,Kolkata,440,Industrial Goods,3.34,10,normal
C23547,Mumbai,Bengaluru,980,Textiles,2.05,3,urgent
C23548,Mumbai,Bengaluru,980,Auto Parts,0.44,11,normal
C23549,Bengaluru,Mumbai,980,E-commerce Parcels,1.85,4,same_day
C23550,Hyderabad,Bengaluru,570,Industrial Goods,0.53,22,normal
C23551,Bengaluru,Chennai,350,Pharma,1.96,3,normal
C23552,Mumbai,Bengaluru,980,Electronics,1.34,15,normal
C23553,Kolkata,Bhubaneswar,440,Pharma,7.64,4,normal
C23554,Delhi,Jaipur,280,E-commerce Parcels,0.24,14,normal
C23555,Kolkata,Bhubaneswar,440,Auto Parts,5.92,9,normal
C23556,Jaipur,Delhi,280,Furniture,6.55,10,normal
C23557,Kolkata,Delhi,1500,Auto Parts,0.63,6,normal
C23558,Lucknow,Delhi,550,Pharma,0.45,14,same_day
C23559,Bengaluru,Chennai,350,Textiles,2.81,18,normal
C23560,Bhubaneswar,Kolkata,440,Industrial Goods,0.39,8,normal
C23561,Bengaluru,Hyderabad,570,Electronics,0.73,23,normal
C23562,Pune,Mumbai,150,E-commerce Parcels,0.66,11,normal
C23563,Bengaluru,Mumbai,980,Industrial Goods,0.71,10,same_day
C23564,Ahmedabad,Jaipur,670,Auto Parts,0.51,2,normal
C23565,Kolkata,Bhubaneswar,440,Furniture,0.69,8,normal
C23566,Kolkata,Bhubaneswar,440,Industrial Goods,7.67,4,normal
C23567,Bengaluru,Hyderabad,570,FMCG,2.86,9,normal
C23568,Jaipur,Ahmedabad,670,Pharma,4.71,7,normal
C23569,Kolkata,Delhi,1500,Electronics,2.82,23,normal
C23570,Bengaluru,Mumbai,980,Electronics,0.68,14,normal
C23571,Jaipur,Ahmedabad,670,Textiles,0.96,4,urgent
C23572,Delhi,Mumbai,1400,Industrial Goods,0.55,14,same_day
C23573,Hyderabad,Chennai,630,Pharma,7.65,17,same_day
C23574,Delhi,Kolkata,1500,Auto Parts,0.23,2,normal
C23575,Mumbai,Bengaluru,980,FMCG,1.21,3,normal
C23576,Delhi,Lucknow,550,Electronics,5.81,18,same_day
C23577,Jaipur,Ahmedabad,670,Electronics,1.78,1,urgent
C23578,Kolkata,Delhi,1500,E-commerce Parcels,0.74,17,normal
C23579,Bengaluru,Delhi,2150,Auto Parts,2.93,16,normal
C23580,Hyderabad,Bengaluru,570,FMCG,2.01,13,normal
C23581,Bengaluru,Hyderabad,570,Textiles,0.76,0,same_day
C23582,Chennai,Bengaluru,350,Electronics,0.3,0,normal
C23583,Hyderabad,Chennai,630,Textiles,1.14,11,normal
C23584,Delhi,Jaipur,280,Industrial Goods,2.81,8,urgent
C23585,Delhi,Jaipur,280,Electronics,2.34,23,normal
C23586,Jaipur,Ahmedabad,670,Industrial Goods,5.17,10,normal
C23587,Chennai,Hyderabad,630,Furniture,1.01,8,same_day
C23588,Delhi,Jaipur,280,Auto Parts,2.45,5,normal
C23589,Chennai,Hyderabad,630,Industrial Goods,7.34,17,normal
C23590,Mumbai,Ahmedabad,530,Textiles,3.65,5,normal
C23591,Jaipur,Delhi,280,Textiles,1.04,17,normal
C23592,Jaipur,Delhi,280,Textiles,0.45,15,normal
C23593,Ahmedabad,Jaipur,670,Electronics,1.16,0,normal
C23594,Chennai,Hyderabad,630,Textiles,6.08,6,normal
C23595,Delhi,Bengaluru,2150,Auto Parts,4.51,21,normal
C23596,Pune,Mumbai,150,Furniture,0.24,0,same_day
C23597,Hyderabad,Chennai,630,Pharma,0.93,21,same_day
C23598,Delhi,Lucknow,550,Electronics,2.12,9,same_day
C23599,Delhi,Jaipur,280,Industrial Goods,0.79,10,normal
C23600,Bengaluru,Chennai,350,Industrial Goods,1.85,14,normal
C23601,Ahmedabad,Jaipur,670,FMCG,0.31,18,same_day
C23602,Bhubaneswar,Kolkata,440,Electronics,1.13,22,normal
C23603,Ahmedabad,Jaipur,670,Electronics,0.29,19,normal
C23604,Jaipur,Delhi,280,Industrial Goods,2.17,13,same_day
C23605,Hyderabad,Bengaluru,570,Textiles,0.62,1,normal
C23606,Bengaluru,Hyderabad,570,Textiles,1.72,21,normal
C23607,Delhi,Mumbai,1400,E-commerce Parcels,2.8,1,normal
C23608,Hyderabad,Bengaluru,570,Textiles,0.92,0,normal
C23609,Lucknow,Delhi,550,Textiles,0.33,1,normal
C23610,Bengaluru,Delhi,2150,Electronics,1.39,3,same_day
C23611,Ahmedabad,Mumbai,530,Pharma,1.22,13,normal
C23612,Hyderabad,Bengaluru,570,Furniture,0.75,1,normal
C23613,Mumbai,Bengaluru,980,Industrial Goods,1.81,23,normal
C23614,Bengaluru,Mumbai,980,Electronics,1.49,0,normal
C23615,Ahmedabad,Jaipur,670,Textiles,0.9,4,normal
C23616,Delhi,Lucknow,550,Electronics,7.17,14,normal
C23617,Lucknow,Delhi,550,Furniture,2.22,18,normal
C23618,Delhi,Mumbai,1400,Electronics,4.3,18,urgent
C23619,Bengaluru,Chennai,350,Auto Parts,0.78,8,same_day
C23620,Delhi,Jaipur,280,Auto Parts,1.23,21,normal
C23621,Delhi,Kolkata,1500,FMCG,0.28,0,normal
C23622,Lucknow,Delhi,550,Electronics,0.63,21,normal
C23623,Chennai,Hyderabad,630,FMCG,1.24,0,normal
C23624,Ahmedabad,Mumbai,530,Auto Parts,0.29,0,normal
C23625,Bengaluru,Hyderabad,570,Auto Parts,1.64,1,normal
C23626,Bhubaneswar,Kolkata,440,Pharma,5.48,7,normal
C23627,Delhi,Kolkata,1500,Auto Parts,1.25,7,same_day
C23628,Mumbai,Delhi,1400,Electronics,1.57,3,normal
C23629,Delhi,Lucknow,550,Industrial Goods,1.1,22,normal
C23630,Kolkata,Bhubaneswar,440,E-commerce Parcels,1.14,20,normal
C23631,Mumbai,Pune,150,FMCG,0.54,10,same_day
C23632,Delhi,Jaipur,280,Pharma,1.05,23,normal
C23633,Mumbai,Bengaluru,980,Electronics,1.62,11,normal
C23634,Delhi,Kolkata,1500,Industrial Goods,1.57,19,normal
C23635,Bengaluru,Chennai,350,E-commerce Parcels,0.5,18,normal
C23636,Mumbai,Bengaluru,980,Auto Parts,0.35,4,normal
C23637,Bengaluru,Delhi,2150,Furniture,1.7,5,normal
C23638,Jaipur,Ahmedabad,670,Textiles,0.33,11,normal
C23639,Pune,Mumbai,150,Pharma,1.48,10,normal
C23640,Delhi,Bengaluru,2150,Electronics,1.59,3,normal
C23641,Mumbai,Bengaluru,980,Pharma,3.13,12,normal
C23642,Bhubaneswar,Kolkata,440,Pharma,1.64,23,normal
C23643,Lucknow,Delhi,550,E-commerce Parcels,1.04,16,same_day
C23644,Jaipur,Delhi,280,E-commerce Parcels,6.4,2,normal
C23645,Jaipur,Delhi,280,E-commerce Parcels,4.47,18,urgent
C23646,Bengaluru,Mumbai,980,Pharma,0.44,3,normal
C23647,Pune,Mumbai,150,Textiles,4.11,10,normal
C23648,Mumbai,Pune,150,Pharma,1.46,11,normal
C23649,Mumbai,Delhi,1400,Industrial Goods,6.24,0,normal
C23650,Chennai,Bengaluru,350,Auto Parts,0.2,7,normal
C23651,Bengaluru,Chennai,350,Pharma,0.93,21,same_day
C23652,Hyderabad,Bengaluru,570,FMCG,1.87,21,normal
C23653,Mumbai,Ahmedabad,530,FMCG,1.88,17,normal
C23654,Pune,Mumbai,150,FMCG,0.98,8,normal
C23655,Bengaluru,Hyderabad,570,Textiles,2.95,1,normal
C23656,Delhi,Jaipur,280,Textiles,7.98,8,normal
C23657,Delhi,Lucknow,550,E-commerce Parcels,0.53,3,normal
C23658,Lucknow,Delhi,550,Textiles,6.5,7,same_day
C23659,Bengaluru,Hyderabad,570,Pharma,3.0,22,normal
C23660,Kolkata,Delhi,1500,Pharma,4.22,18,normal
C23661,Ahmedabad,Mumbai,530,Furniture,5.3,17,normal
C23662,Delhi,Kolkata,1500,Textiles,1.32,13,normal
C23663,Delhi,Jaipur,280,E-commerce Parcels,2.89,18,same_day
C23664,Bengaluru,Delhi,2150,Industrial Goods,1.99,4,normal
C23665,Delhi,Jaipur,280,Textiles,0.6,20,normal
C23666,Jaipur,Ahmedabad,670,E-commerce Parcels,4.19,20,normal
C23667,Chennai,Hyderabad,630,Furniture,4.56,13,normal
C23668,Bengaluru,Hyderabad,570,Auto Parts,2.75,21,normal
C23669,Ahmedabad,Mumbai,530,Industrial Goods,7.84,21,normal
C23670,Hyderabad,Bengaluru,570,Industrial Goods,1.38,19,normal
C23671,Delhi,Lucknow,550,Auto Parts,0.43,12,same_day
C23672,Hyderabad,Chennai,630,Auto Parts,1.87,0,normal
C23673,Delhi,Jaipur,280,Pharma,0.54,14,normal
C23674,Lucknow,Delhi,550,Textiles,4.08,5,urgent
C23675,Kolkata,Bhubaneswar,440,Textiles,7.34,3,same_day
C23676,Kolkata,Bhubaneswar,440,Pharma,5.35,18,normal
C23677,Ahmedabad,Jaipur,670,Industrial Goods,0.6,21,normal
C23678,Delhi,Jaipur,280,Pharma,1.1,11,normal
C23679,Lucknow,Delhi,550,FMCG,3.98,9,normal
C23680,Mumbai,Pune,150,Textiles,1.77,15,normal
C23681,Chennai,Bengaluru,350,Auto Parts,0.98,19,normal
C23682,Delhi,Lucknow,550,Pharma,1.91,10,normal
C23683,Mumbai,Pune,150,Electronics,4.86,20,urgent
C23684,Delhi,Lucknow,550,FMCG,2.06,13,normal
C23685,Mumbai,Pune,150,Electronics,0.43,15,normal
C23686,Hyderabad,Bengaluru,570,Electronics,2.79,18,same_day
C23687,Ahmedabad,Mumbai,530,Furniture,3.06,15,normal
C23688,Bengaluru,Hyderabad,570,FMCG,0.47,16,normal
C23689,Bhubaneswar,Kolkata,440,Textiles,1.18,2,same_day
C23690,Lucknow,Delhi,550,Industrial Goods,0.34,13,normal
C23691,Delhi,Kolkata,1500,Pharma,0.84,4,same_day
C23692,Kolkata,Delhi,1500,Pharma,0.28,23,normal
C23693,Ahmedabad,Mumbai,530,FMCG,0.61,14,normal
C23694,Bengaluru,Delhi,2150,Auto Parts,4.58,13,normal
C23695,Ahmedabad,Mumbai,530,Auto Parts,0.69,18,normal
C23696,Bengaluru,Hyderabad,570,Textiles,2.32,13,same_day
C23697,Mumbai,Bengaluru,980,Industrial Goods,1.09,2,same_day
C23698,Delhi,Kolkata,1500,Textiles,2.57,1,normal
C23699,Bengaluru,Mumbai,980,Auto Parts,2.85,20,same_day
C23700,Delhi,Jaipur,280,Textiles,0.25,12,normal
C23701,Delhi,Lucknow,550,Electronics,2.56,4,normal
C23702,Delhi,Bengaluru,2150,Furniture,3.48,7,same_day
C23703,Chennai,Hyderabad,630,Pharma,1.15,20,normal
C23704,Bengaluru,Mumbai,980,FMCG,3.44,9,normal
C23705,Bengaluru,Delhi,2150,Auto Parts,1.56,22,normal
C23706,Delhi,Jaipur,280,Electronics,7.22,2,same_day
C23707,Bengaluru,Delhi,2150,Industrial Goods,1.48,2,normal
C23708,Bengaluru,Delhi,2150,Furniture,0.49,20,normal
C23709,Bengaluru,Mumbai,980,Furniture,1.1,4,same_day
C23710,Bengaluru,Mumbai,980,Auto Parts,5.96,11,normal
C23711,Delhi,Jaipur,280,Furniture,1.62,11,normal
C23712,Mumbai,Delhi,1400,Textiles,1.6,20,normal
C23713,Delhi,Kolkata,1500,Pharma,0.39,19,normal
C23714,Mumbai,Ahmedabad,530,Industrial Goods,7.7,0,normal
C23715,Mumbai,Delhi,1400,Pharma,1.17,15,normal
C23716,Bengaluru,Delhi,2150,E-commerce Parcels,1.63,20,urgent
C23717,Kolkata,Delhi,1500,Pharma,0.38,20,normal
C23718,Ahmedabad,Mumbai,530,Furniture,1.23,15,normal
C23719,Kolkata,Delhi,1500,Industrial Goods,4.36,19,normal
C23720,Chennai,Bengaluru,350,Textiles,1.12,23,normal
C23721,Chennai,Bengaluru,350,Pharma,0.41,19,normal
C23722,Delhi,Bengaluru,2150,Auto Parts,0.68,1,normal
C23723,Chennai,Hyderabad,630,Industrial Goods,1.47,15,normal
C23724,Delhi,Lucknow,550,E-commerce Parcels,7.07,4,normal
C23725,Ahmedabad,Jaipur,670,Textiles,1.76,21,normal
C23726,Jaipur,Delhi,280,E-commerce Parcels,0.55,14,normal
C23727,Delhi,Mumbai,1400,Electronics,0.63,23,same_day
C23728,Bengaluru,Hyderabad,570,Pharma,1.95,19,same_day
C23729,Bengaluru,Hyderabad,570,Auto Parts,0.53,14,normal
C23730,Delhi,Bengaluru,2150,Auto Parts,6.37,3,same_day
C23731,Mumbai,Delhi,1400,Textiles,0.99,7,normal
C23732,Bengaluru,Mumbai,980,Electronics,1.82,10,normal
C23733,Delhi,Kolkata,1500,FMCG,0.22,0,normal
C23734,Ahmedabad,Jaipur,670,Furniture,0.57,21,same_day
C23735,Delhi,Lucknow,550,Textiles,6.82,2,normal
C23736,Hyderabad,Bengaluru,570,E-commerce Parcels,3.31,16,normal
C23737,Kolkata,Bhubaneswar,440,FMCG,3.15,21,normal
C23738,Bengaluru,Mumbai,980,Textiles,1.77,8,normal
C23739,Bengaluru,Delhi,2150,E-commerce Parcels,1.08,5,urgent
C23740,Kolkata,Bhubaneswar,440,Electronics,6.85,6,normal
C23741,Delhi,Mumbai,1400,Auto Parts,0.46,14,normal
C23742,Mumbai,Delhi,1400,Industrial Goods,3.9,2,normal
C23743,Bhubaneswar,Kolkata,440,Furniture,1.21,15,same_day
C23744,Mumbai,Pune,150,Electronics,2.89,16,normal
C23745,Bhubaneswar,Kolkata,440,Electronics,3.47,1,normal
C23746,Jaipur,Delhi,280,Industrial Goods,0.94,14,normal
C23747,Chennai,Bengaluru,350,FMCG,0.66,1,normal
C23748,Kolkata,Bhubaneswar,440,FMCG,1.99,18,same_day
C23749,Hyderabad,Chennai,630,E-commerce Parcels,1.16,4,normal
C23750,Delhi,Kolkata,1500,Industrial Goods,0.88,22,normal
C23751,Chennai,Hyderabad,630,Pharma,0.28,23,normal
C23752,Bhubaneswar,Kolkata,440,Furniture,2.16,16,normal
C23753,Ahmedabad,Mumbai,530,Pharma,0.23,2,normal
C23754,Hyderabad,Bengaluru,570,Textiles,0.81,18,normal
C23755,Delhi,Kolkata,1500,Electronics,0.81,14,urgent
C23756,Mumbai,Ahmedabad,530,FMCG,2.19,15,normal
C23757,Delhi,Kolkata,1500,Industrial Goods,7.51,0,normal
C23758,Bengaluru,Hyderabad,570,Furniture,0.23,2,normal
C23759,Mumbai,Pune,150,Industrial Goods,3.25,15,normal
C23760,Jaipur,Delhi,280,Furniture,1.15,3,urgent
C23761,Jaipur,Ahmedabad,670,E-commerce Parcels,0.28,23,normal
C23762,Delhi,Mumbai,1400,E-commerce Parcels,3.17,12,normal
C23763,Mumbai,Pune,150,E-commerce Parcels,2.31,21,normal
C23764,Chennai,Hyderabad,630,Electronics,1.37,10,normal
C23765,Bhubaneswar,Kolkata,440,FMCG,1.15,0,normal
C23766,Bengaluru,Hyderabad,570,Pharma,3.35,11,normal
C23767,Mumbai,Bengaluru,980,Industrial Goods,0.54,8,normal
C23768,Delhi,Lucknow,550,Furniture,1.05,3,normal
C23769,Bhubaneswar,Kolkata,440,Pharma,1.11,13,normal
C23770,Bengaluru,Mumbai,980,Textiles,0.25,20,normal
C23771,Mumbai,Bengaluru,980,Furniture,1.37,3,normal
C23772,Pune,Mumbai,150,Textiles,1.08,19,same_day
C23773,Pune,Mumbai,150,Industrial Goods,0.42,8,normal
C23774,Kolkata,Delhi,1500,FMCG,0.73,5,normal
C23775,Delhi,Jaipur,280,E-commerce Parcels,2.5,21,normal
C23776,Delhi,Bengaluru,2150,FMCG,2.12,0,normal
C23777,Kolkata,Delhi,1500,Auto Parts,1.63,18,normal
C23778,Bengaluru,Delhi,2150,Furniture,2.8,21,same_day
C23779,Mumbai,Ahmedabad,530,Auto Parts,0.74,16,normal
C23780,Bengaluru,Hyderabad,570,Industrial Goods,1.05,9,normal
C23781,Pune,Mumbai,150,Industrial Goods,1.55,0,normal
C23782,Mumbai,Bengaluru,980,E-commerce Parcels,1.2,13,normal
C23783,Mumbai,Pune,150,Industrial Goods,0.22,3,same_day
C23784,Delhi,Kolkata,1500,Pharma,1.5,13,urgent
C23785,Kolkata,Bhubaneswar,440,E-commerce Parcels,0.76,5,normal
C23786,Mumbai,Pune,150,Furniture,1.88,21,normal
C23787,Bhubaneswar,Kolkata,440,Pharma,1.1,23,normal
C23788,Jaipur,Delhi,280,Electronics,2.48,11,normal
C23789,Hyderabad,Chennai,630,Industrial Goods,4.24,8,normal
C23790,Bengaluru,Chennai,350,E-commerce Parcels,0.76,12,same_day
C23791,Delhi,Jaipur,280,Furniture,0.63,12,same_day
C23792,Pune,Mumbai,150,FMCG,1.13,5,urgent
C23793,Delhi,Jaipur,280,FMCG,1.85,10,same_day
C23794,Mumbai,Delhi,1400,Pharma,0.8,12,normal
C23795,Mumbai,Bengaluru,980,Furniture,0.27,6,normal
C23796,Chennai,Bengaluru,350,FMCG,1.19,18,normal
C23797,Bengaluru,Chennai,350,Electronics,1.12,10,normal
C23798,Delhi,Jaipur,280,Textiles,0.31,22,normal
C23799,Chennai,Hyderabad,630,Textiles,1.07,18,same_day
C23800,Pune,Mumbai,150,Auto Parts,1.65,15,normal
C23801,Mumbai,Delhi,1400,FMCG,1.81,8,normal
C23802,Delhi,Jaipur,280,Auto Parts,0.65,17,same_day
C23803,Lucknow,Delhi,550,Industrial Goods,3.39,23,same_day
C23804,Jaipur,Ahmedabad,670,FMCG,1.2,17,normal
C23805,Delhi,Jaipur,280,E-commerce Parcels,1.08,15,normal
C23806,Jaipur,Ahmedabad,670,Auto Parts,3.21,5,normal
C23807,Delhi,Mumbai,1400,FMCG,1.67,15,same_day
C23808,Lucknow,Delhi,550,Furniture,0.63,0,normal
C23809,Kolkata,Delhi,1500,Electronics,3.59,0,urgent
C23810,Bengaluru,Delhi,2150,Furniture,1.69,19,normal
C23811,Delhi,Bengaluru,2150,Industrial Goods,5.78,15,normal
C23812,Ahmedabad,Jaipur,670,Textiles,0.94,8,normal
C23813,Delhi,Jaipur,280,Electronics,0.23,1,normal
C23814,Bengaluru,Delhi,2150,E-commerce Parcels,7.33,0,normal
C23815,Chennai,Hyderabad,630,Industrial Goods,0.81,1,normal
C23816,Bengaluru,Hyderabad,570,Industrial Goods,7.7,20,normal
C23817,Kolkata,Bhubaneswar,440,Electronics,2.61,5,normal
C23818,Jaipur,Delhi,280,E-commerce Parcels,1.62,21,normal
C23819,Chennai,Bengaluru,350,Electronics,0.39,19,same_day
C23820,Ahmedabad,Jaipur,670,Textiles,0.31,15,same_day
C23821,Delhi,Bengaluru,2150,Textiles,3.69,23,urgent
C23822,Delhi,Mumbai,1400,Furniture,3.64,9,same_day
C23823,Bengaluru,Hyderabad,570,Textiles,7.45,3,normal
C23824,Delhi,Bengaluru,2150,Textiles,0.24,21,normal
C23825,Delhi,Lucknow,550,Furniture,1.02,1,normal
C23826,Mumbai,Pune,150,Pharma,0.77,9,same_day
C23827,Bengaluru,Chennai,350,Furniture,0.82,16,normal
C23828,Lucknow,Delhi,550,Industrial Goods,2.08,6,same_day
C23829,Delhi,Lucknow,550,Electronics,3.58,6,normal
C23830,Delhi,Kolkata,1500,Pharma,0.45,0,urgent
C23831,Jaipur,Delhi,280,E-commerce Parcels,0.33,16,normal
C23832,Hyderabad,Bengaluru,570,Auto Parts,5.15,14,normal
C23833,Bhubaneswar,Kolkata,440,FMCG,2.69,2,same_day
C23834,Delhi,Bengaluru,2150,Auto Parts,0.67,17,same_day
C23835,Hyderabad,Chennai,630,Pharma,0.68,10,normal
C23836,Mumbai,Pune,150,Furniture,3.57,10,normal
C23837,Kolkata,Delhi,1500,Pharma,0.2,0,same_day
C23838,Bengaluru,Chennai,350,Pharma,7.09,5,normal
C23839,Bengaluru,Delhi,2150,Auto Parts,0.93,9,normal
C23840,Kolkata,Bhubaneswar,440,FMCG,1.78,12,normal
C23841,Chennai,Bengaluru,350,Pharma,1.22,10,normal
C23842,Delhi,Jaipur,280,FMCG,0.22,1,normal
C23843,Pune,Mumbai,150,Furniture,0.61,11,normal
C23844,Delhi,Jaipur,280,Pharma,3.88,10,normal
C23845,Hyderabad,Bengaluru,570,Textiles,1.82,17,normal
C23846,Kolkata,Bhubaneswar,440,Pharma,5.76,5,normal
C23847,Kolkata,Bhubaneswar,440,E-commerce Parcels,2.02,4,normal
C23848,Bhubaneswar,Kolkata,440,Electronics,0.64,13,same_day
C23849,Ahmedabad,Mumbai,530,Textiles,4.58,3,normal
C23850,Ahmedabad,Jaipur,670,Pharma,3.22,19,normal
C23851,Kolkata,Bhubaneswar,440,Industrial Goods,1.53,11,urgent
C23852,Bengaluru,Hyderabad,570,Industrial Goods,2.52,19,normal
C23853,Jaipur,Delhi,280,Textiles,1.15,12,normal
C23854,Pune,Mumbai,150,Pharma,0.74,1,normal
C23855,Chennai,Bengaluru,350,FMCG,1.88,14,normal
C23856,Bengaluru,Delhi,2150,Furniture,0.76,21,same_day
C23857,Hyderabad,Bengaluru,570,Furniture,1.98,19,urgent
C23858,Lucknow,Delhi,550,Textiles,1.92,1,normal
C23859,Delhi,Jaipur,280,Pharma,1.79,10,same_day
C23860,Delhi,Mumbai,1400,Textiles,0.65,2,normal
C23861,Chennai,Bengaluru,350,Industrial Goods,0.9,18,same_day
C23862,Jaipur,Delhi,280,E-commerce Parcels,0.62,2,urgent
C23863,Delhi,Bengaluru,2150,Pharma,4.15,1,urgent
C23864,Hyderabad,Chennai,630,Furniture,7.48,3,normal
C23865,Bengaluru,Chennai,350,Textiles,0.51,8,same_day
C23866,Ahmedabad,Mumbai,530,Auto Parts,0.55,5,normal
C23867,Jaipur,Ahmedabad,670,Industrial Goods,0.99,16,normal
C23868,Bengaluru,Delhi,2150,Auto Parts,0.36,6,same_day
C23869,Lucknow,Delhi,550,Furniture,0.59,7,normal
C23870,Bengaluru,Delhi,2150,Textiles,0.58,1,normal
C23871,Mumbai,Bengaluru,980,Pharma,4.19,14,same_day
C23872,Mumbai,Pune,150,Electronics,0.53,9,same_day
C23873,Kolkata,Delhi,1500,Pharma,1.86,13,normal
C23874,Bengaluru,Chennai,350,Furniture,0.62,17,normal
C23875,Bengaluru,Delhi,2150,Electronics,0.24,12,same_day
C23876,Delhi,Kolkata,1500,Textiles,2.3,15,normal
C23877,Bengaluru,Mumbai,980,Textiles,0.82,1,normal
C23878,Bengaluru,Hyderabad,570,Auto Parts,0.53,19,normal
C23879,Jaipur,Ahmedabad,670,E-commerce Parcels,0.21,22,normal
C23880,Jaipur,Delhi,280,Furniture,7.36,11,normal
C23881,Delhi,Kolkata,1500,Auto Parts,2.66,11,same_day
C23882,Bhubaneswar,Kolkata,440,Electronics,1.17,3,normal
C23883,Mumbai,Ahmedabad,530,Pharma,2.78,12,normal
C23884,Delhi,Bengaluru,2150,Furniture,2.72,1,normal
C23885,Bhubaneswar,Kolkata,440,Industrial Goods,1.33,16,normal
C23886,Jaipur,Delhi,280,Pharma,1.26,14,urgent
C23887,Delhi,Bengaluru,2150,E-commerce Parcels,2.08,14,normal
C23888,Jaipur,Delhi,280,Textiles,5.13,17,normal
C23889,Hyderabad,Bengaluru,570,Electronics,0.48,23,same_day
C23890,Delhi,Mumbai,1400,E-commerce Parcels,1.58,11,same_day
C23891,Mumbai,Delhi,1400,Electronics,7.77,6,normal
C23892,Bhubaneswar,Kolkata,440,Industrial Goods,0.21,1,normal
C23893,Delhi,Lucknow,550,Textiles,5.89,10,normal
C23894,Delhi,Jaipur,280,Textiles,1.28,0,urgent
C23895,Bhubaneswar,Kolkata,440,Auto Parts,3.2,19,same_day
C23896,Lucknow,Delhi,550,Pharma,1.28,7,normal
C23897,Bengaluru,Mumbai,980,Furniture,5.18,16,normal
C23898,Kolkata,Delhi,1500,Industrial Goods,1.27,8,normal
C23899,Mumbai,Bengaluru,980,Auto Parts,1.36,0,normal
C23900,Mumbai,Pune,150,FMCG,1.16,2,same_day
C23901,Bhubaneswar,Kolkata,440,FMCG,1.16,0,normal
C23902,Delhi,Lucknow,550,Pharma,1.7,2,normal
C23903,Jaipur,Delhi,280,FMCG,6.79,4,normal
C23904,Delhi,Bengaluru,2150,Furniture,0.8,14,normal
C23905,Ahmedabad,Mumbai,530,Pharma,0.37,8,same_day
C23906,Jaipur,Delhi,280,Electronics,5.33,20,same_day
C23907,Delhi,Jaipur,280,E-commerce Parcels,0.72,23,urgent
C23908,Mumbai,Pune,150,Furniture,0.77,2,normal
C23909,Mumbai,Ahmedabad,530,Pharma,5.97,13,normal
C23910,Chennai,Hyderabad,630,Textiles,2.91,20,normal
C23911,Mumbai,Ahmedabad,530,E-commerce Parcels,0.32,17,normal
C23912,Ahmedabad,Mumbai,530,E-commerce Parcels,1.92,0,normal
C23913,Pune,Mumbai,150,Pharma,1.02,12,normal
C23914,Bengaluru,Delhi,2150,Industrial Goods,0.84,16,normal
C23915,Bengaluru,Hyderabad,570,FMCG,0.44,20,normal
C23916,Kolkata,Delhi,1500,FMCG,1.18,21,normal
C23917,Mumbai,Ahmedabad,530,E-commerce Parcels,1.16,12,normal
C23918,Mumbai,Ahmedabad,530,Pharma,0.25,5,urgent
C23919,Delhi,Bengaluru,2150,Textiles,0.87,16,normal
C23920,Delhi,Jaipur,280,FMCG,2.07,0,normal
C23921,Bengaluru,Mumbai,980,Auto Parts,0.77,16,same_day
C23922,Mumbai,Ahmedabad,530,E-commerce Parcels,0.22,16,normal
C23923,Bengaluru,Delhi,2150,Pharma,1.33,0,normal
C23924,Delhi,Jaipur,280,Electronics,0.82,9,same_day
C23925,Mumbai,Ahmedabad,530,E-commerce Parcels,0.47,0,same_day
C23926,Pune,Mumbai,150,FMCG,2.37,0,same_day
C23927,Jaipur,Delhi,280,Auto Parts,4.26,5,normal
C23928,Bengaluru,Hyderabad,570,Industrial Goods,1.25,3,same_day
C23929,Jaipur,Delhi,280,E-commerce Parcels,0.77,12,normal
C23930,Jaipur,Delhi,280,Furniture,1.5,17,normal
C23931,Delhi,Mumbai,1400,Textiles,1.99,18,same_day
C23932,Kolkata,Bhubaneswar,440,Pharma,0.58,0,normal
C23933,Hyderabad,Chennai,630,Auto Parts,5.24,2,normal
C23934,Bengaluru,Mumbai,980,E-commerce Parcels,4.46,23,normal
C23935,Delhi,Jaipur,280,Furniture,0.48,8,same_day
C23936,Kolkata,Bhubaneswar,440,Furniture,1.85,8,normal
C23937,Delhi,Jaipur,280,Industrial Goods,0.6,8,normal
C23938,Ahmedabad,Mumbai,530,Electronics,0.53,16,same_day
C23939,Bengaluru,Mumbai,980,Furniture,0.34,23,same_day
C23940,Delhi,Bengaluru,2150,E-commerce Parcels,2.83,19,same_day
C23941,Delhi,Jaipur,280,Industrial Goods,0.21,23,normal
C23942,Mumbai,Pune,150,Pharma,2.4,4,normal
C23943,Pune,Mumbai,150,Furniture,2.15,4,normal
C23944,Delhi,Lucknow,550,FMCG,1.56,8,urgent
C23945,Delhi,Kolkata,1500,Auto Parts,3.7,5,normal
C23946,Pune,Mumbai,150,Pharma,0.48,10,normal
C23947,Delhi,Bengaluru,2150,Industrial Goods,0.66,4,normal
C23948,Delhi,Kolkata,1500,Industrial Goods,2.78,15,normal
C23949,Bengaluru,Chennai,350,Auto Parts,1.06,4,same_day
C23950,Kolkata,Delhi,1500,FMCG,5.74,6,normal
C23951,Ahmedabad,Jaipur,670,Electronics,0.34,23,normal
C23952,Delhi,Kolkata,1500,Textiles,1.41,23,same_day
C23953,Delhi,Kolkata,1500,Industrial Goods,3.74,23,normal
C23954,Kolkata,Bhubaneswar,440,E-commerce Parcels,1.94,11,same_day
C23955,Bengaluru,Chennai,350,Electronics,0.4,23,normal
C23956,Bengaluru,Chennai,350,FMCG,5.17,18,normal
C23957,Jaipur,Ahmedabad,670,Industrial Goods,1.75,21,normal
C23958,Hyderabad,Chennai,630,E-commerce Parcels,0.32,7,normal
C23959,Ahmedabad,Mumbai,530,Furniture,4.28,10,same_day
C23960,Delhi,Mumbai,1400,Electronics,1.48,13,normal
C23961,Bengaluru,Mumbai,980,Furniture,2.16,8,normal
C23962,Delhi,Mumbai,1400,Electronics,0.27,4,normal
C23963,Jaipur,Ahmedabad,670,Furniture,0.41,17,normal
C23964,Ahmedabad,Jaipur,670,FMCG,0.55,4,normal
C23965,Mumbai,Ahmedabad,530,Electronics,1.53,20,normal
C23966,Delhi,Lucknow,550,E-commerce Parcels,4.37,1,normal
C23967,Mumbai,Pune,150,Auto Parts,1.16,15,same_day
C23968,Chennai,Bengaluru,350,Textiles,1.03,20,normal
C23969,Mumbai,Delhi,1400,FMCG,0.62,6,normal
C23970,Kolkata,Delhi,1500,Electronics,1.01,12,normal
C23971,Mumbai,Bengaluru,980,FMCG,0.64,5,normal
C23972,Delhi,Kolkata,1500,Electronics,0.51,7,same_day
C23973,Mumbai,Pune,150,Auto Parts,2.38,9,same_day
C23974,Jaipur,Delhi,280,Auto Parts,1.73,9,normal
C23975,Delhi,Bengaluru,2150,E-commerce Parcels,2.34,12,urgent
C23976,Mumbai,Bengaluru,980,Electronics,5.64,9,same_day
C23977,Delhi,Mumbai,1400,FMCG,0.75,0,urgent
C23978,Lucknow,Delhi,550,Electronics,2.52,3,normal
C23979,Jaipur,Ahmedabad,670,Auto Parts,0.32,0,normal
C23980,Bengaluru,Chennai,350,Industrial Goods,4.45,14,normal
C23981,Bengaluru,Hyderabad,570,Furniture,0.74,4,normal
C23982,Bengaluru,Mumbai,980,Auto Parts,0.82,0,normal
C23983,Bengaluru,Hyderabad,570,Pharma,3.06,17,same_day
C23984,Mumbai,Bengaluru,980,Furniture,0.87,23,normal
C23985,Ahmedabad,Mumbai,530,Textiles,4.18,0,normal
C23986,Chennai,Hyderabad,630,Furniture,2.91,6,normal
C23987,Bhubaneswar,Kolkata,440,Textiles,1.52,8,same_day
C23988,Lucknow,Delhi,550,Industrial Goods,2.13,0,urgent
C23989,Jaipur,Delhi,280,Pharma,0.87,0,normal
C23990,Mumbai,Bengaluru,980,Electronics,0.63,22,normal
C23991,Delhi,Jaipur,280,Furniture,0.74,10,same_day
C23992,Mumbai,Ahmedabad,530,Industrial Goods,0.48,20,same_day
C23993,Chennai,Bengaluru,350,Electronics,0.76,0,normal
C23994,Bengaluru,Delhi,2150,Textiles,0.34,18,urgent
C23995,Jaipur,Ahmedabad,670,Pharma,0.38,14,normal
C23996,Delhi,Jaipur,280,E-commerce Parcels,6.25,18,normal
C23997,Bengaluru,Mumbai,980,Electronics,0.27,11,same_day
C23998,Bengaluru,Hyderabad,570,Textiles,7.36,0,normal
C23999,Bhubaneswar,Kolkata,440,Textiles,1.72,13,normal
C24000,Jaipur,Delhi,280,Textiles,0.76,3,normal
C24001,Lucknow,Delhi,550,Auto Parts,2.27,14,normal
C24002,Pune,Mumbai,150,Auto Parts,3.23,13,normal
C24003,Chennai,Bengaluru,350,Furniture,0.99,12,normal
C24004,Bhubaneswar,Kolkata,440,E-commerce Parcels,2.53,17,normal
C24005,Delhi,Kolkata,1500,E-commerce Parcels,0.72,16,same_day
C24006,Ahmedabad,Mumbai,530,Furniture,1.53,10,normal
C24007,Chennai,Bengaluru,350,Auto Parts,0.32,15,normal
C24008,Kolkata,Bhubaneswar,440,Industrial Goods,4.77,18,normal
C24009,Delhi,Kolkata,1500,E-commerce Parcels,0.21,7,normal
C24010,Kolkata,Delhi,1500,FMCG,0.25,4,normal
C24011,Mumbai,Pune,150,Textiles,2.93,3,normal
C24012,Lucknow,Delhi,550,Electronics,5.09,23,normal
C24013,Mumbai,Delhi,1400,Industrial Goods,0.88,0,normal
C24014,Delhi,Kolkata,1500,FMCG,5.13,2,normal
C24015,Kolkata,Delhi,1500,Industrial Goods,1.5,0,normal
C24016,Bengaluru,Chennai,350,Textiles,1.6,16,normal
C24017,Bengaluru,Mumbai,980,Pharma,0.39,12,normal
C24018,Delhi,Bengaluru,2150,Furniture,1.46,20,urgent
C24019,Mumbai,Pune,150,Industrial Goods,2.95,9,normal
C24020,Mumbai,Ahmedabad,530,Textiles,5.31,16,normal
C24021,Bhubaneswar,Kolkata,440,Textiles,2.94,13,normal
C24022,Bhubaneswar,Kolkata,440,Electronics,0.87,12,normal
C24023,Ahmedabad,Mumbai,530,Textiles,1.48,0,normal
C24024,Pune,Mumbai,150,Furniture,0.55,10,normal
C24025,Mumbai,Pune,150,E-commerce Parcels,0.49,19,normal
C24026,Chennai,Hyderabad,630,Industrial Goods,2.49,0,normal
C24027,Mumbai,Pune,150,FMCG,0.86,13,normal
C24028,Chennai,Bengaluru,350,E-commerce Parcels,2.17,20,normal
C24029,Mumbai,Pune,150,Textiles,4.52,19,normal
C24030,Delhi,Bengaluru,2150,E-commerce Parcels,0.53,6,same_day
C24031,Jaipur,Ahmedabad,670,E-commerce Parcels,1.28,11,normal
C24032,Delhi,Mumbai,1400,Furniture,1.67,12,normal
C24033,Chennai,Bengaluru,350,E-commerce Parcels,1.62,2,same_day
C24034,Bengaluru,Delhi,2150,E-commerce Parcels,1.54,2,same_day
C24035,Jaipur,Delhi,280,Electronics,2.32,23,normal
C24036,Chennai,Hyderabad,630,Pharma,4.44,4,normal
C24037,Lucknow,Delhi,550,Textiles,1.88,6,same_day
C24038,Ahmedabad,Mumbai,530,Furniture,0.61,7,same_day
C24039,Mumbai,Pune,150,FMCG,2.25,21,normal
C24040,Ahmedabad,Jaipur,670,Auto Parts,0.81,5,normal
C24041,Delhi,Kolkata,1500,Industrial Goods,0.44,2,normal
C24042,Hyderabad,Bengaluru,570,Textiles,0.21,0,same_day
C24043,Ahmedabad,Mumbai,530,Electronics,1.17,3,normal
C24044,Chennai,Bengaluru,350,E-commerce Parcels,4.5,0,normal
C24045,Chennai,Bengaluru,350,Pharma,4.0,23,same_day
C24046,Mumbai,Ahmedabad,530,E-commerce Parcels,2.71,4,normal
C24047,Bengaluru,Hyderabad,570,Furniture,1.77,19,same_day
C24048,Bhubaneswar,Kolkata,440,E-commerce Parcels,0.63,13,normal
C24049,Ahmedabad,Jaipur,670,Electronics,2.81,10,normal
C24050,Delhi,Jaipur,280,Furniture,0.21,0,normal
C24051,Ahmedabad,Mumbai,530,Auto Parts,0.43,4,normal
C24052,Mumbai,Ahmedabad,530,Textiles,1.36,14,normal
C24053,Pune,Mumbai,150,Auto Parts,0.94,19,same_day
C24054,Mumbai,Delhi,1400,Furniture,6.52,13,normal
C24055,Kolkata,Bhubaneswar,440,Pharma,0.35,21,same_day
C24056,Jaipur,Delhi,280,Pharma,5.69,19,normal
C24057,Kolkata,Delhi,1500,Textiles,2.48,4,normal
C24058,Bhubaneswar,Kolkata,440,FMCG,2.4,6,normal
C24059,Bhubaneswar,Kolkata,440,Industrial Goods,0.25,6,urgent
C24060,Hyderabad,Chennai,630,Pharma,0.25,23,normal
C24061,Delhi,Jaipur,280,Auto Parts,4.79,11,normal
C24062,Mumbai,Delhi,1400,FMCG,0.76,14,normal
C24063,Chennai,Bengaluru,350,Industrial Goods,0.31,2,same_day
C24064,Lucknow,Delhi,550,FMCG,6.83,3,normal
C24065,Hyderabad,Chennai,630,E-commerce Parcels,6.86,19,same_day
C24066,Ahmedabad,Mumbai,530,Pharma,7.64,17,normal
C24067,Bhubaneswar,Kolkata,440,Pharma,0.61,2,urgent
C24068,Delhi,Lucknow,550,Pharma,1.89,18,normal
C24069,Pune,Mumbai,150,Industrial Goods,1.05,0,same_day
C24070,Bengaluru,Delhi,2150,Auto Parts,2.86,16,normal
C24071,Jaipur,Delhi,280,E-commerce Parcels,2.36,3,normal
C24072,Chennai,Hyderabad,630,E-commerce Parcels,1.01,20,same_day
C24073,Jaipur,Ahmedabad,670,FMCG,0.26,17,normal
C24074,Mumbai,Bengaluru,980,Pharma,1.77,0,normal
C24075,Mumbai,Pune,150,Pharma,0.65,5,same_day
C24076,Delhi,Jaipur,280,Furniture,4.76,12,normal
C24077,Pune,Mumbai,150,Auto Parts,1.36,0,urgent
C24078,Mumbai,Delhi,1400,Industrial Goods,1.71,23,normal
C24079,Mumbai,Delhi,1400,Auto Parts,1.07,18,normal
C24080,Kolkata,Bhubaneswar,440,Furniture,0.31,5,normal
C24081,Kolkata,Delhi,1500,E-commerce Parcels,0.84,10,normal
C24082,Bengaluru,Chennai,350,FMCG,0.4,9,normal
C24083,Bengaluru,Mumbai,980,FMCG,1.53,18,normal
C24084,Delhi,Mumbai,1400,E-commerce Parcels,0.94,21,urgent
C24085,Ahmedabad,Jaipur,670,FMCG,1.38,14,normal
C24086,Chennai,Hyderabad,630,Electronics,0.99,12,urgent
C24087,Jaipur,Ahmedabad,670,FMCG,1.0,17,normal
C24088,Hyderabad,Chennai,630,Pharma,1.23,4,normal
C24089,Chennai,Bengaluru,350,Electronics,1.5,5,same_day
C24090,Delhi,Bengaluru,2150,Auto Parts,6.87,5,normal
C24091,Delhi,Bengaluru,2150,FMCG,0.94,6,same_day
C24092,Chennai,Bengaluru,350,Electronics,0.95,0,normal
C24093,Mumbai,Ahmedabad,530,Textiles,3.49,22,normal
C24094,Bengaluru,Mumbai,980,Industrial Goods,2.37,16,normal
C24095,Delhi,Bengaluru,2150,Furniture,1.29,14,same_day
C24096,Bengaluru,Hyderabad,570,FMCG,0.29,13,normal
C24097,Ahmedabad,Jaipur,670,Furniture,1.29,1,normal
C24098,Pune,Mumbai,150,FMCG,0.44,6,normal
C24099,Mumbai,Pune,150,Furniture,2.79,14,normal
C24100,Delhi,Lucknow,550,Pharma,0.6,0,normal
C24101,Delhi,Lucknow,550,Pharma,1.2,18,urgent
C24102,Bhubaneswar,Kolkata,440,Pharma,7.52,19,normal
C24103,Pune,Mumbai,150,Auto Parts,0.57,22,normal
C24104,Hyderabad,Bengaluru,570,Industrial Goods,1.18,23,normal
C24105,Hyderabad,Chennai,630,Electronics,2.09,16,normal
C24106,Jaipur,Delhi,280,E-commerce Parcels,1.88,9,normal
C24107,Hyderabad,Chennai,630,FMCG,5.75,4,normal
C24108,Mumbai,Ahmedabad,530,Pharma,2.05,5,normal
C24109,Delhi,Lucknow,550,Industrial Goods,0.93,13,urgent
C24110,Mumbai,Delhi,1400,Textiles,0.22,0,normal
C24111,Jaipur,Delhi,280,Auto Parts,0.99,10,urgent
C24112,Ahmedabad,Mumbai,530,Auto Parts,3.15,12,normal
C24113,Bengaluru,Chennai,350,Furniture,4.44,9,normal
C24114,Delhi,Mumbai,1400,Industrial Goods,1.92,9,normal
C24115,Lucknow,Delhi,550,FMCG,0.39,11,normal
C24116,Ahmedabad,Mumbai,530,Textiles,2.52,15,normal
C24117,Kolkata,Delhi,1500,FMCG,4.63,12,normal
C24118,Jaipur,Delhi,280,Furniture,0.28,10,urgent
C24119,Delhi,Jaipur,280,Furniture,1.44,5,normal
C24120,Delhi,Lucknow,550,Pharma,1.47,17,normal
C24121,Jaipur,Delhi,280,FMCG,0.37,18,normal
C24122,Hyderabad,Bengaluru,570,Industrial Goods,0.72,18,normal
C24123,Pune,Mumbai,150,Electronics,1.13,7,normal
C24124,Jaipur,Ahmedabad,670,FMCG,2.02,0,normal
C24125,Lucknow,Delhi,550,FMCG,0.42,7,normal
C24126,Lucknow,Delhi,550,FMCG,0.61,9,normal
C24127,Ahmedabad,Jaipur,670,Furniture,1.5,20,same_day
C24128,Mumbai,Bengaluru,980,Pharma,2.08,17,same_day
C24129,Delhi,Mumbai,1400,Electronics,1.26,17,same_day
C24130,Jaipur,Ahmedabad,670,E-commerce Parcels,0.54,15,normal
C24131,Hyderabad,Chennai,630,Furniture,4.13,23,normal
C24132,Jaipur,Delhi,280,Industrial Goods,5.72,4,normal
C24133,Delhi,Mumbai,1400,Pharma,0.88,3,same_day
C24134,Mumbai,Pune,150,Textiles,2.19,8,normal
C24135,Chennai,Bengaluru,350,Auto Parts,0.31,10,normal
C24136,Chennai,Hyderabad,630,E-commerce Parcels,1.66,5,urgent
C24137,Bengaluru,Hyderabad,570,Auto Parts,2.85,10,normal
C24138,Chennai,Hyderabad,630,E-commerce Parcels,0.45,16,normal
C24139,Ahmedabad,Jaipur,670,FMCG,2.73,6,urgent
C24140,Mumbai,Delhi,1400,FMCG,7.52,2,same_day
C24141,Mumbai,Pune,150,FMCG,1.52,8,normal
C24142,Hyderabad,Bengaluru,570,Electronics,1.63,1,normal
C24143,Chennai,Bengaluru,350,E-commerce Parcels,0.59,6,normal
C24144,Mumbai,Pune,150,Electronics,0.59,1,normal
C24145,Ahmedabad,Jaipur,670,Furniture,2.05,20,normal
C24146,Lucknow,Delhi,550,FMCG,1.6,6,same_day
C24147,Delhi,Jaipur,280,Auto Parts,4.8,0,normal
C24148,Pune,Mumbai,150,Auto Parts,0.23,10,normal
C24149,Mumbai,Pune,150,FMCG,1.52,0,normal
C24150,Bengaluru,Delhi,2150,Furniture,3.57,3,normal
C24151,Delhi,Mumbai,1400,Industrial Goods,0.39,15,normal
C24152,Bengaluru,Chennai,350,Industrial Goods,0.46,19,normal
C24153,Hyderabad,Bengaluru,570,E-commerce Parcels,2.44,0,normal
C24154,Chennai,Hyderabad,630,FMCG,0.28,16,normal
C24155,Bengaluru,Delhi,2150,Textiles,0.56,7,normal
C24156,Kolkata,Bhubaneswar,440,Electronics,0.27,15,normal
C24157,Delhi,Lucknow,550,FMCG,2.14,16,normal
C24158,Mumbai,Ahmedabad,530,Pharma,0.52,18,normal
C24159,Jaipur,Ahmedabad,670,Auto Parts,0.6,8,urgent
C24160,Mumbai,Delhi,1400,Auto Parts,0.95,14,normal
C24161,Jaipur,Delhi,280,Auto Parts,7.79,11,normal
C24162,Bengaluru,Delhi,2150,Auto Parts,1.3,0,normal
C24163,Hyderabad,Bengaluru,570,Textiles,6.01,8,normal
C24164,Bengaluru,Delhi,2150,Pharma,2.72,23,same_day
C24165,Kolkata,Bhubaneswar,440,E-commerce Parcels,1.26,4,normal
C24166,Chennai,Hyderabad,630,FMCG,1.11,12,normal
C24167,Mumbai,Delhi,1400,Pharma,4.26,7,normal
C24168,Kolkata,Bhubaneswar,440,FMCG,6.68,9,normal
C24169,Delhi,Jaipur,280,Pharma,0.32,1,normal
C24170,Bengaluru,Chennai,350,E-commerce Parcels,1.72,15,normal
C24171,Ahmedabad,Jaipur,670,Industrial Goods,0.21,21,normal
C24172,Mumbai,Delhi,1400,Industrial Goods,0.85,13,same_day
C24173,Pune,Mumbai,150,Electronics,0.35,2,normal
C24174,Mumbai,Bengaluru,980,FMCG,6.65,0,normal
C24175,Pune,Mumbai,150,Furniture,2.47,0,normal
C24176,Lucknow,Delhi,550,Auto Parts,1.04,12,urgent
C24177,Jaipur,Ahmedabad,670,Textiles,3.78,23,normal
C24178,Delhi,Lucknow,550,FMCG,1.46,20,normal
C24179,Bengaluru,Mumbai,980,FMCG,1.55,15,normal
C24180,Chennai,Hyderabad,630,Furniture,0.46,22,urgent
C24181,Bhubaneswar,Kolkata,440,Industrial Goods,0.41,12,urgent
C24182,Delhi,Mumbai,1400,Electronics,0.67,5,normal
C24183,Ahmedabad,Jaipur,670,Pharma,3.45,3,normal
C24184,Mumbai,Ahmedabad,530,E-commerce Parcels,1.27,1,urgent
C24185,Mumbai,Bengaluru,980,Furniture,1.02,17,normal
C24186,Delhi,Lucknow,550,Pharma,3.52,17,same_day
C24187,Bengaluru,Delhi,2150,Electronics,1.52,18,normal
C24188,Bhubaneswar,Kolkata,440,E-commerce Parcels,4.11,23,same_day
C24189,Jaipur,Delhi,280,Industrial Goods,2.17,12,same_day
C24190,Jaipur,Delhi,280,E-commerce Parcels,0.37,11,urgent
C24191,Pune,Mumbai,150,Auto Parts,5.3,18,normal
C24192,Ahmedabad,Mumbai,530,Furniture,0.62,12,same_day
C24193,Bengaluru,Mumbai,980,Electronics,1.15,15,normal
C24194,Jaipur,Ahmedabad,670,Electronics,0.38,3,same_day
C24195,Hyderabad,Bengaluru,570,Electronics,0.44,21,normal
C24196,Bhubaneswar,Kolkata,440,FMCG,1.78,14,normal
C24197,Lucknow,Delhi,550,Electronics,1.91,23,normal
C24198,Delhi,Lucknow,550,E-commerce Parcels,0.22,3,same_day
C24199,Bengaluru,Mumbai,980,Auto Parts,3.79,0,normal
C24200,Mumbai,Delhi,1400,Pharma,2.1,16,same_day
C24201,Ahmedabad,Mumbai,530,Auto Parts,6.14,5,normal
C24202,Delhi,Lucknow,550,Furniture,1.63,19,normal
C24203,Delhi,Kolkata,1500,Pharma,1.75,19,normal
C24204,Delhi,Kolkata,1500,Electronics,1.1,2,normal
C24205,Bengaluru,Chennai,350,Auto Parts,1.79,8,normal
C24206,Hyderabad,Chennai,630,Industrial Goods,0.23,8,same_day
C24207,Delhi,Mumbai,1400,Furniture,3.91,13,normal
C24208,Bengaluru,Hyderabad,570,Textiles,0.25,9,same_day
C24209,Ahmedabad,Jaipur,670,Furniture,1.24,7,normal
C24210,Ahmedabad,Mumbai,530,E-commerce Parcels,5.18,12,normal
C24211,Jaipur,Ahmedabad,670,Textiles,3.72,15,urgent
C24212,Ahmedabad,Mumbai,530,Electronics,0.55,19,normal
C24213,Hyderabad,Chennai,630,Pharma,0.55,10,same_day
C24214,Ahmedabad,Jaipur,670,Electronics,2.18,13,same_day
C24215,Chennai,Hyderabad,630,Auto Parts,1.47,10,same_day
C24216,Bengaluru,Chennai,350,Pharma,1.16,14,normal
C24217,Hyderabad,Bengaluru,570,Electronics,3.1,21,urgent
C24218,Delhi,Kolkata,1500,FMCG,3.17,13,normal
C24219,Delhi,Mumbai,1400,FMCG,1.6,8,normal
C24220,Mumbai,Bengaluru,980,Electronics,0.34,0,normal
C24221,Delhi,Lucknow,550,Furniture,2.59,8,same_day
C24222,Delhi,Kolkata,1500,Electronics,0.9,2,same_day
C24223,Delhi,Kolkata,1500,Textiles,0.67,23,normal
C24224,Chennai,Bengaluru,350,Auto Parts,5.61,17,urgent
C24225,Bengaluru,Hyderabad,570,Industrial Goods,0.46,2,normal
C24226,Bengaluru,Hyderabad,570,Furniture,2.19,12,normal
C24227,Mumbai,Ahmedabad,530,Textiles,5.21,10,normal
C24228,Ahmedabad,Mumbai,530,Electronics,0.52,1,normal
C24229,Bengaluru,Mumbai,980,Pharma,0.61,4,same_day
C24230,Delhi,Jaipur,280,Pharma,5.79,16,normal
C24231,Kolkata,Bhubaneswar,440,Electronics,0.84,20,normal
C24232,Mumbai,Bengaluru,980,Pharma,4.51,0,normal
C24233,Pune,Mumbai,150,FMCG,1.59,23,normal
C24234,Jaipur,Delhi,280,Textiles,3.91,23,normal
C24235,Delhi,Jaipur,280,Pharma,5.01,23,normal
C24236,Kolkata,Delhi,1500,Electronics,7.0,15,normal
C24237,Hyderabad,Chennai,630,Electronics,0.43,17,same_day
C24238,Mumbai,Delhi,1400,Textiles,6.54,3,normal
C24239,Delhi,Lucknow,550,E-commerce Parcels,0.85,0,urgent
C24240,Mumbai,Ahmedabad,530,Electronics,3.27,12,normal
C24241,Bengaluru,Hyderabad,570,E-commerce Parcels,1.46,8,normal
C24242,Delhi,Mumbai,1400,E-commerce Parcels,0.58,0,normal
C24243,Jaipur,Delhi,280,FMCG,3.65,2,normal
C24244,Chennai,Bengaluru,350,Pharma,0.84,21,same_day
C24245,Kolkata,Delhi,1500,FMCG,4.5,19,normal
C24246,Delhi,Bengaluru,2150,Pharma,1.8,5,normal
C24247,Kolkata,Bhubaneswar,440,FMCG,1.67,8,normal
C24248,Jaipur,Delhi,280,Pharma,0.28,23,normal
C24249,Bhubaneswar,Kolkata,440,E-commerce Parcels,0.51,6,same_day
C24250,Mumbai,Ahmedabad,530,Industrial Goods,0.54,20,normal
C24251,Delhi,Kolkata,1500,Auto Parts,4.24,15,normal
C24252,Delhi,Kolkata,1500,Furniture,1.73,0,same_day
C24253,Kolkata,Delhi,1500,Furniture,0.73,0,normal
C24254,Hyderabad,Chennai,630,FMCG,7.61,22,normal
C24255,Delhi,Kolkata,1500,Electronics,0.38,21,normal
C24256,Bengaluru,Chennai,350,E-commerce Parcels,4.23,0,normal
C24257,Delhi,Lucknow,550,Electronics,0.59,21,normal
C24258,Mumbai,Delhi,1400,Industrial Goods,0.77,6,urgent
C24259,Hyderabad,Chennai,630,Industrial Goods,0.25,6,normal
C24260,Kolkata,Bhubaneswar,440,Pharma,1.22,17,normal
C24261,Lucknow,Delhi,550,Textiles,0.32,15,normal
C24262,Delhi,Mumbai,1400,Pharma,2.67,15,normal
C24263,Chennai,Bengaluru,350,E-commerce Parcels,0.6,19,normal
C24264,Bhubaneswar,Kolkata,440,E-commerce Parcels,2.41,20,normal
C24265,Mumbai,Ahmedabad,530,E-commerce Parcels,5.78,0,normal
C24266,Bengaluru,Hyderabad,570,E-commerce Parcels,0.52,6,normal
C24267,Delhi,Mumbai,1400,Auto Parts,0.71,5,normal
C24268,Bhubaneswar,Kolkata,440,FMCG,1.11,8,normal
C24269,Delhi,Lucknow,550,Auto Parts,2.15,8,same_day
C24270,Mumbai,Bengaluru,980,E-commerce Parcels,0.3,13,normal
C24271,Delhi,Lucknow,550,FMCG,0.3,17,normal
C24272,Ahmedabad,Mumbai,530,Pharma,7.18,23,urgent
C24273,Chennai,Bengaluru,350,Pharma,1.45,17,normal
C24274,Jaipur,Delhi,280,Industrial Goods,0.34,15,normal
C24275,Hyderabad,Chennai,630,Furniture,1.03,6,normal
C24276,Mumbai,Ahmedabad,530,Auto Parts,1.39,17,normal
C24277,Delhi,Mumbai,1400,Pharma,0.54,20,normal
C24278,Lucknow,Delhi,550,FMCG,1.61,0,normal
C24279,Bhubaneswar,Kolkata,440,Electronics,5.89,10,normal
C24280,Mumbai,Ahmedabad,530,E-commerce Parcels,6.81,1,normal
C24281,Mumbai,Delhi,1400,Electronics,3.9,0,normal
C24282,Chennai,Bengaluru,350,Furniture,0.47,0,same_day
C24283,Bengaluru,Delhi,2150,Pharma,1.29,20,normal
C24284,Mumbai,Pune,150,Textiles,4.0,19,normal
C24285,Jaipur,Ahmedabad,670,FMCG,0.88,8,normal
C24286,Delhi,Bengaluru,2150,Industrial Goods,0.34,22,normal
C24287,Kolkata,Bhubaneswar,440,FMCG,0.3,8,same_day
C24288,Bengaluru,Mumbai,980,Furniture,1.62,15,same_day
C24289,Jaipur,Delhi,280,Auto Parts,0.21,20,normal
C24290,Pune,Mumbai,150,Industrial Goods,3.15,8,normal
C24291,Delhi,Jaipur,280,Furniture,2.11,10,normal
C24292,Chennai,Bengaluru,350,Textiles,1.09,8,normal
C24293,Delhi,Kolkata,1500,Furniture,0.49,4,normal
C24294,Delhi,Kolkata,1500,Furniture,7.24,7,normal
C24295,Bhubaneswar,Kolkata,440,Pharma,2.48,11,same_day
C24296,Hyderabad,Chennai,630,Auto Parts,2.02,12,normal
C24297,Delhi,Kolkata,1500,Electronics,0.95,14,normal
C24298,Pune,Mumbai,150,FMCG,2.13,0,normal
C24299,Kolkata,Bhubaneswar,440,FMCG,0.4,14,normal
C24300,Bengaluru,Mumbai,980,FMCG,6.21,17,same_day
C24301,Mumbai,Bengaluru,980,FMCG,6.32,13,normal
C24302,Mumbai,Ahmedabad,530,Industrial Goods,1.34,15,normal
C24303,Chennai,Bengaluru,350,E-commerce Parcels,0.65,1,same_day
C24304,Ahmedabad,Mumbai,530,Electronics,1.65,15,normal
C24305,Delhi,Bengaluru,2150,Furniture,2.45,4,same_day
C24306,Delhi,Kolkata,1500,Furniture,4.92,17,same_day
C24307,Bhubaneswar,Kolkata,440,Electronics,5.59,9,normal
C24308,Lucknow,Delhi,550,Textiles,0.4,3,normal
C24309,Mumbai,Delhi,1400,Furniture,0.59,11,same_day
C24310,Delhi,Bengaluru,2150,FMCG,0.36,5,normal
C24311,Bengaluru,Hyderabad,570,Pharma,0.75,15,normal
C24312,Pune,Mumbai,150,Electronics,3.22,3,normal
C24313,Kolkata,Delhi,1500,Electronics,2.65,7,normal
C24314,Ahmedabad,Mumbai,530,E-commerce Parcels,2.47,21,normal
C24315,Delhi,Lucknow,550,FMCG,6.88,18,normal
C24316,Delhi,Bengaluru,2150,Furniture,7.43,11,normal
C24317,Ahmedabad,Jaipur,670,Pharma,0.43,16,normal
C24318,Mumbai,Delhi,1400,Electronics,0.58,3,normal
C24319,Kolkata,Bhubaneswar,440,Textiles,0.37,23,normal
C24320,Delhi,Bengaluru,2150,Pharma,4.17,1,urgent
C24321,Delhi,Lucknow,550,FMCG,0.5,4,normal
C24322,Mumbai,Bengaluru,980,FMCG,3.73,17,normal
C24323,Bengaluru,Hyderabad,570,Electronics,1.87,6,normal
C24324,Lucknow,Delhi,550,E-commerce Parcels,2.44,15,normal
C24325,Jaipur,Ahmedabad,670,FMCG,7.13,23,normal
C24326,Ahmedabad,Mumbai,530,FMCG,0.83,8,normal
C24327,Bengaluru,Chennai,350,Furniture,0.75,10,same_day
C24328,Bengaluru,Hyderabad,570,Industrial Goods,0.76,19,same_day
C24329,Jaipur,Ahmedabad,670,Furniture,3.43,16,same_day
C24330,Delhi,Bengaluru,2150,Electronics,1.37,3,normal
C24331,Delhi,Mumbai,1400,Pharma,2.73,23,normal
C24332,Delhi,Mumbai,1400,Industrial Goods,0.53,16,normal
C24333,Jaipur,Delhi,280,Pharma,2.6,14,same_day
C24334,Kolkata,Bhubaneswar,440,Furniture,6.25,16,same_day
C24335,Jaipur,Ahmedabad,670,E-commerce Parcels,1.78,6,normal
C24336,Mumbai,Ahmedabad,530,Auto Parts,0.27,20,urgent
C24337,Delhi,Bengaluru,2150,Pharma,1.34,6,normal
C24338,Jaipur,Delhi,280,Textiles,1.69,8,normal
C24339,Mumbai,Pune,150,Electronics,1.69,17,normal
C24340,Lucknow,Delhi,550,E-commerce Parcels,3.49,0,normal
C24341,Mumbai,Delhi,1400,Auto Parts,1.81,6,normal
C24342,Lucknow,Delhi,550,Industrial Goods,2.7,7,normal
C24343,Lucknow,Delhi,550,Furniture,3.75,1,same_day
C24344,Delhi,Bengaluru,2150,FMCG,1.81,5,same_day
C24345,Mumbai,Pune,150,Pharma,2.13,20,normal
C24346,Bengaluru,Delhi,2150,Pharma,3.48,16,normal
C24347,Bengaluru,Chennai,350,Textiles,0.34,5,same_day
C24348,Delhi,Bengaluru,2150,Industrial Goods,0.59,6,normal
C24349,Kolkata,Delhi,1500,E-commerce Parcels,1.5,23,normal
C24350,Bhubaneswar,Kolkata,440,Electronics,6.92,1,same_day
C24351,Chennai,Bengaluru,350,Electronics,0.52,23,normal
C24352,Bengaluru,Hyderabad,570,E-commerce Parcels,0.92,4,normal
C24353,Ahmedabad,Mumbai,530,Industrial Goods,0.52,15,same_day
C24354,Bengaluru,Chennai,350,FMCG,4.81,19,same_day
C24355,Lucknow,Delhi,550,Textiles,2.56,17,same_day
C24356,Hyderabad,Bengaluru,570,Pharma,4.2,13,same_day
C24357,Bhubaneswar,Kolkata,440,Pharma,5.83,22,normal
C24358,Bengaluru,Mumbai,980,Electronics,2.1,4,normal
C24359,Hyderabad,Chennai,630,FMCG,2.26,19,same_day
C24360,Jaipur,Ahmedabad,670,Industrial Goods,1.32,2,normal
C24361,Mumbai,Bengaluru,980,FMCG,5.66,9,normal
C24362,Pune,Mumbai,150,Pharma,0.27,16,same_day
C24363,Kolkata,Delhi,1500,Auto Parts,2.42,16,normal
C24364,Mumbai,Ahmedabad,530,E-commerce Parcels,2.22,0,normal
C24365,Delhi,Bengaluru,2150,Auto Parts,0.49,0,same_day
C24366,Bengaluru,Hyderabad,570,Auto Parts,7.35,23,normal
C24367,Chennai,Hyderabad,630,Industrial Goods,0.72,6,normal
C24368,Chennai,Hyderabad,630,Pharma,0.99,18,normal
C24369,Delhi,Jaipur,280,FMCG,3.75,1,normal
C24370,Kolkata,Delhi,1500,Industrial Goods,2.16,23,normal
C24371,Ahmedabad,Jaipur,670,Industrial Goods,0.44,15,normal
C24372,Bengaluru,Hyderabad,570,Auto Parts,0.27,1,normal
C24373,Ahmedabad,Jaipur,670,E-commerce Parcels,5.27,0,urgent
C24374,Bengaluru,Hyderabad,570,Furniture,0.83,1,normal
C24375,Hyderabad,Chennai,630,Industrial Goods,0.5,21,normal
C24376,Chennai,Hyderabad,630,Auto Parts,0.82,2,normal
C24377,Lucknow,Delhi,550,Electronics,7.71,9,urgent
C24378,Bengaluru,Mumbai,980,Industrial Goods,0.44,8,same_day
C24379,Ahmedabad,Jaipur,670,Pharma,1.6,21,normal
C24380,Bengaluru,Chennai,350,Textiles,0.31,5,normal
C24381,Delhi,Jaipur,280,Textiles,0.49,18,same_day
C24382,Chennai,Hyderabad,630,E-commerce Parcels,4.99,0,normal
C24383,Mumbai,Delhi,1400,Electronics,1.34,18,normal
C24384,Delhi,Jaipur,280,Industrial Goods,1.54,14,normal
C24385,Bhubaneswar,Kolkata,440,Auto Parts,0.77,3,normal
C24386,Pune,Mumbai,150,Furniture,1.95,19,same_day
C24387,Ahmedabad,Mumbai,530,Textiles,3.82,8,normal
C24388,Bengaluru,Hyderabad,570,Textiles,0.25,4,normal
C24389,Ahmedabad,Jaipur,670,Furniture,1.12,6,same_day
C24390,Kolkata,Delhi,1500,Auto Parts,2.87,7,normal
C24391,Lucknow,Delhi,550,Industrial Goods,1.69,21,urgent
C24392,Lucknow,Delhi,550,E-commerce Parcels,1.14,8,normal
C24393,Mumbai,Delhi,1400,Pharma,1.92,16,normal
C24394,Delhi,Bengaluru,2150,Electronics,0.55,15,normal
C24395,Hyderabad,Chennai,630,E-commerce Parcels,0.23,23,normal
C24396,Kolkata,Bhubaneswar,440,E-commerce Parcels,0.36,18,normal
C24397,Kolkata,Bhubaneswar,440,Industrial Goods,6.21,5,normal
C24398,Kolkata,Bhubaneswar,440,Electronics,0.35,22,normal
C24399,Delhi,Kolkata,1500,E-commerce Parcels,1.13,16,normal
C24400,Kolkata,Bhubaneswar,440,Textiles,0.41,23,same_day
C24401,Kolkata,Delhi,1500,Industrial Goods,1.71,17,same_day
C24402,Ahmedabad,Jaipur,670,Furniture,0.32,20,normal
C24403,Kolkata,Bhubaneswar,440,Electronics,2.18,8,normal
C24404,Bengaluru,Delhi,2150,FMCG,0.42,19,normal
C24405,Mumbai,Bengaluru,980,Furniture,0.39,18,normal
C24406,Kolkata,Bhubaneswar,440,Auto Parts,3.39,1,urgent
C24407,Kolkata,Bhubaneswar,440,Pharma,0.84,0,normal
C24408,Delhi,Lucknow,550,Electronics,0.53,17,normal
C24409,Pune,Mumbai,150,E-commerce Parcels,1.86,6,normal
C24410,Hyderabad,Chennai,630,Industrial Goods,1.46,23,normal
C24411,Lucknow,Delhi,550,Electronics,0.89,7,normal
C24412,Delhi,Bengaluru,2150,E-commerce Parcels,1.66,14,normal
C24413,Bengaluru,Mumbai,980,Furniture,7.89,1,normal
C24414,Lucknow,Delhi,550,Industrial Goods,0.99,7,normal
C24415,Mumbai,Delhi,1400,Auto Parts,5.75,12,normal
C24416,Ahmedabad,Jaipur,670,Textiles,2.19,7,normal
C24417,Delhi,Bengaluru,2150,FMCG,0.31,8,normal
C24418,Delhi,Jaipur,280,E-commerce Parcels,5.37,20,same_day
C24419,Bengaluru,Hyderabad,570,Furniture,3.6,19,normal
C24420,Bengaluru,Mumbai,980,Auto Parts,0.65,21,normal
C24421,Kolkata,Bhubaneswar,440,E-commerce Parcels,0.36,5,urgent
C24422,Kolkata,Delhi,1500,Textiles,2.61,22,same_day
C24423,Bhubaneswar,Kolkata,440,Industrial Goods,0.35,16,normal
C24424,Kolkata,Bhubaneswar,440,Industrial Goods,3.09,20,normal
C24425,Delhi,Lucknow,550,E-commerce Parcels,7.42,18,normal
C24426,Mumbai,Delhi,1400,E-commerce Parcels,1.21,10,urgent
C24427,Mumbai,Ahmedabad,530,Textiles,2.51,0,normal
C24428,Mumbai,Bengaluru,980,Furniture,0.21,9,normal
C24429,Mumbai,Ahmedabad,530,Pharma,0.49,17,normal
C24430,Lucknow,Delhi,550,Auto Parts,1.58,8,urgent
C24431,Delhi,Lucknow,550,FMCG,0.61,0,normal
C24432,Delhi,Kolkata,1500,Auto Parts,0.5,14,urgent
C24433,Jaipur,Ahmedabad,670,Industrial Goods,1.91,18,same_day
C24434,Kolkata,Bhubaneswar,440,Auto Parts,1.94,0,normal
C24435,Bengaluru,Chennai,350,E-commerce Parcels,1.66,18,normal
C24436,Bengaluru,Hyderabad,570,E-commerce Parcels,3.0,16,normal
C24437,Hyderabad,Chennai,630,Textiles,6.16,14,normal
C24438,Mumbai,Pune,150,Industrial Goods,0.53,14,normal
C24439,Pune,Mumbai,150,Auto Parts,1.48,6,normal
C24440,Delhi,Jaipur,280,FMCG,1.97,2,normal
C24441,Hyderabad,Chennai,630,Electronics,0.96,0,normal
C24442,Jaipur,Delhi,280,Industrial Goods,3.86,0,same_day
C24443,Kolkata,Delhi,1500,Industrial Goods,4.15,17,normal
C24444,Delhi,Jaipur,280,FMCG,0.94,17,normal
C24445,Bengaluru,Delhi,2150,Auto Parts,1.72,14,normal
C24446,Bengaluru,Hyderabad,570,Electronics,5.37,7,normal
C24447,Mumbai,Delhi,1400,FMCG,0.5,21,normal
C24448,Ahmedabad,Jaipur,670,Industrial Goods,0.32,15,same_day
C24449,Mumbai,Delhi,1400,Furniture,0.59,6,same_day
C24450,Jaipur,Ahmedabad,670,Textiles,0.48,2,same_day
C24451,Bengaluru,Hyderabad,570,FMCG,2.58,6,same_day
C24452,Mumbai,Ahmedabad,530,Pharma,1.28,5,normal
C24453,Hyderabad,Chennai,630,Electronics,5.9,23,urgent
C24454,Delhi,Mumbai,1400,Electronics,2.35,15,normal
C24455,Mumbai,Pune,150,FMCG,0.97,11,normal
C24456,Delhi,Jaipur,280,Industrial Goods,3.89,14,normal
C24457,Jaipur,Delhi,280,FMCG,0.45,8,same_day
C24458,Delhi,Mumbai,1400,Pharma,0.31,4,normal
C24459,Kolkata,Bhubaneswar,440,Auto Parts,3.29,13,urgent
C24460,Mumbai,Ahmedabad,530,Electronics,0.37,3,normal
C24461,Delhi,Mumbai,1400,Pharma,0.52,8,normal
C24462,Mumbai,Bengaluru,980,Furniture,4.25,1,normal
C24463,Jaipur,Ahmedabad,670,Textiles,2.1,17,normal
C24464,Delhi,Kolkata,1500,E-commerce Parcels,0.24,18,normal
C24465,Mumbai,Ahmedabad,530,Pharma,6.07,15,same_day
C24466,Pune,Mumbai,150,Furniture,0.4,23,same_day
C24467,Ahmedabad,Jaipur,670,Textiles,6.41,3,normal
C24468,Mumbai,Ahmedabad,530,Auto Parts,6.66,9,urgent
C24469,Mumbai,Delhi,1400,Pharma,1.26,12,normal
C24470,Kolkata,Delhi,1500,E-commerce Parcels,1.68,1,normal
C24471,Delhi,Kolkata,1500,Industrial Goods,2.15,19,urgent
C24472,Lucknow,Delhi,550,Electronics,0.64,16,same_day
C24473,Mumbai,Bengaluru,980,E-commerce Parcels,2.45,6,normal
C24474,Delhi,Lucknow,550,Electronics,0.25,3,same_day
C24475,Bengaluru,Chennai,350,Pharma,2.26,0,normal
C24476,Chennai,Bengaluru,350,FMCG,3.44,1,normal
C24477,Bhubaneswar,Kolkata,440,FMCG,0.85,20,normal
C24478,Jaipur,Ahmedabad,670,E-commerce Parcels,2.07,16,normal
C24479,Kolkata,Bhubaneswar,440,Textiles,3.63,16,normal
C24480,Mumbai,Ahmedabad,530,Industrial Goods,1.81,18,same_day
C24481,Mumbai,Pune,150,Auto Parts,2.74,21,normal
C24482,Mumbai,Ahmedabad,530,FMCG,0.78,4,normal
C24483,Chennai,Bengaluru,350,FMCG,0.83,5,normal
C24484,Lucknow,Delhi,550,Industrial Goods,1.21,11,normal
C24485,Hyderabad,Chennai,630,Electronics,2.41,2,normal
C24486,Bengaluru,Mumbai,980,Textiles,0.93,12,normal
C24487,Ahmedabad,Jaipur,670,FMCG,0.72,17,normal
C24488,Mumbai,Ahmedabad,530,Textiles,2.37,19,normal
C24489,Chennai,Bengaluru,350,FMCG,1.31,0,same_day
C24490,Kolkata,Delhi,1500,Textiles,0.37,21,same_day
C24491,Delhi,Jaipur,280,Pharma,2.66,17,normal
C24492,Bengaluru,Mumbai,980,Textiles,1.88,18,normal
C24493,Kolkata,Bhubaneswar,440,Industrial Goods,0.63,15,same_day
C24494,Mumbai,Ahmedabad,530,Furniture,1.76,4,normal
C24495,Pune,Mumbai,150,FMCG,0.23,15,normal
C24496,Hyderabad,Chennai,630,Textiles,7.77,22,urgent
C24497,Kolkata,Delhi,1500,Electronics,0.47,17,normal
C24498,Mumbai,Bengaluru,980,Pharma,1.52,1,same_day
C24499,Delhi,Bengaluru,2150,Auto Parts,2.9,8,normal
