truck_id,truck_type,home_origin,default_capacity_tons,driver_rating,on_time_rate,cancel_rate,route_deviation_rate,verified_documents,gps_enabled
T10000,32FT,Delhi,15.76,4.304285714285714,0.8695714285714286,0.07514285714285715,0.022714285714285715,1,1
T10001,17FT,Pune,7.91,4.562857142857142,0.9065714285714286,0.06599999999999999,0.028999999999999998,0,1
T10002,32FT,Hyderabad,15.25,4.3914285714285715,0.9122857142857143,0.055285714285714285,0.02542857142857143,1,1
T10003,32FT,Delhi,16.54,4.251428571428571,0.8737142857142857,0.06442857142857142,0.026285714285714284,1,1
T10004,LCV,Mumbai,2.18,4.355714285714286,0.8747142857142858,0.054285714285714284,0.038571428571428576,1,0
T10005,Tata 407,Mumbai,3.19,4.307142857142857,0.8975714285714285,0.06771428571428571,0.025857142857142856,1,1
T10006,LCV,Bengaluru,3.18,4.39,0.8327142857142856,0.03214285714285715,0.030428571428571426,1,1
T10007,LCV,Kolkata,3.65,4.5600000000000005,0.8655714285714285,0.07857142857142856,0.04242857142857143,1,1
T10008,20FT,Hyderabad,7.77,4.3,0.8942857142857142,0.07528571428571429,0.04,0,1
T10009,LCV,Mumbai,3.66,4.14,0.891,0.054714285714285715,0.037571428571428575,1,1
T10010,32FT,Mumbai,16.96,4.475714285714285,0.8915714285714286,0.06885714285714285,0.03257142857142857,1,0
T10011,32FT,Mumbai,15.87,4.314285714285714,0.8225714285714286,0.061,0.016999999999999998,1,1
T10012,LCV,Kolkata,3.19,4.368571428571428,0.8171428571428571,0.04499999999999999,0.034428571428571426,1,1
T10013,40FT,Chennai,18.3,4.155714285714286,0.9154285714285715,0.08057142857142856,0.03471428571428571,1,1
T10014,20FT,Hyderabad,8.54,4.2457142857142856,0.9047142857142857,0.059428571428571435,0.03671428571428571,1,0
T10015,20FT,Jaipur,9.55,4.072857142857143,0.9057142857142857,0.028142857142857143,0.031857142857142855,1,1
T10016,32FT,Jaipur,17.78,4.305714285714286,0.8705714285714287,0.05342857142857143,0.021285714285714286,1,1
T10017,32FT,Bengaluru,15.33,4.261428571428572,0.8885714285714286,0.05928571428571429,0.016285714285714285,0,1
T10018,LCV,Jaipur,3.7,3.892857142857143,0.8140000000000001,0.024857142857142855,0.018714285714285715,1,1
T10019,40FT,Bengaluru,22.66,4.208571428571429,0.8702857142857143,0.04685714285714286,0.028,1,1
T10020,40FT,Jaipur,23.4,4.372857142857143,0.8547142857142856,0.03942857142857143,0.034999999999999996,1,1
T10021,Tata 407,Delhi,3.18,4.244285714285715,0.9528571428571428,0.05671428571428571,0.03942857142857143,1,1
T10022,Tata 407,Ahmedabad,3.61,4.478571428571429,0.8915714285714286,0.08557142857142856,0.02242857142857143,1,1
T10023,20FT,Mumbai,8.29,4.424285714285714,0.8905714285714286,0.04985714285714286,0.02114285714285714,1,1
T10024,Tata 407,Mumbai,4.49,4.474285714285714,0.8502857142857143,0.08585714285714285,0.03957142857142858,1,1
T10025,LCV,Delhi,2.33,4.515714285714286,0.8494285714285714,0.06728571428571428,0.031,1,1
T10026,20FT,Jaipur,8.48,4.448571428571428,0.8271428571428572,0.04342857142857143,0.027714285714285716,1,1
T10027,17FT,Ahmedabad,6.5,4.298571428571429,0.798,0.042428571428571434,0.05871428571428572,1,1
T10028,17FT,Kolkata,7.28,4.6971428571428575,0.829,0.025285714285714283,0.04028571428571429,1,1
T10029,17FT,Kolkata,7.93,4.474285714285714,0.8861428571428572,0.039,0.022857142857142857,1,1
T10030,20FT,Delhi,9.57,4.444285714285714,0.8545714285714286,0.046142857142857145,0.036,1,1
T10031,32FT,Jaipur,17.23,4.022857142857143,0.87,0.06585714285714286,0.04271428571428571,1,1
T10032,32FT,Jaipur,16.16,4.1414285714285715,0.8798571428571428,0.10642857142857143,0.023571428571428573,1,1
T10033,17FT,Kolkata,7.98,4.491428571428571,0.8321428571428572,0.06028571428571429,0.019,1,1
T10034,Tata 407,Chennai,3.1,4.3585714285714285,0.8854285714285715,0.08271428571428571,0.025857142857142856,1,1
T10035,Tata 407,Bengaluru,3.48,4.255714285714285,0.8751428571428572,0.051,0.046857142857142854,1,1
T10036,20FT,Bengaluru,9.55,4.214285714285714,0.9414285714285714,0.0747142857142857,0.015428571428571429,1,1
T10037,LCV,Hyderabad,2.06,4.401428571428571,0.8198571428571428,0.1052857142857143,0.03785714285714286,1,1
T10038,LCV,Delhi,3.79,3.955714285714286,0.9332857142857144,0.04971428571428571,0.026,1,1
T10039,20FT,Mumbai,9.28,4.644285714285714,0.8869999999999999,0.032428571428571425,0.03642857142857143,1,1
T10040,32FT,Kolkata,17.51,4.395714285714286,0.8907142857142858,0.03828571428571429,0.030428571428571426,1,1
T10041,Tata 407,Hyderabad,4.22,4.268571428571429,0.891,0.045714285714285714,0.023857142857142858,1,1
T10042,Tata 407,Jaipur,4.04,4.624285714285714,0.8597142857142857,0.030428571428571426,0.018714285714285715,1,1
T10043,20FT,Bengaluru,7.29,4.505714285714286,0.9117142857142857,0.04142857142857143,0.03085714285714286,1,0
T10044,Tata 407,Delhi,4.69,4.475714285714285,0.8974285714285715,0.062142857142857146,0.024142857142857143,1,1
T10045,LCV,Ahmedabad,2.25,4.517142857142857,0.8692857142857143,0.05671428571428571,0.040999999999999995,1,1
T10046,17FT,Ahmedabad,5.46,4.315714285714286,0.8384285714285714,0.071,0.029285714285714283,1,1
T10047,20FT,Chennai,8.18,4.22,0.9114285714285714,0.054285714285714284,0.024714285714285716,1,1
T10048,Tata 407,Mumbai,4.9,4.218571428571429,0.8435714285714286,0.06585714285714286,0.04328571428571428,1,1
T10049,Tata 407,Chennai,4.56,4.3,0.8152857142857143,0.032,0.018142857142857145,1,1
T10050,32FT,Jaipur,14.09,4.3342857142857145,0.884,0.06557142857142857,0.015,1,1
T10051,17FT,Delhi,6.37,4.42,0.8338571428571429,0.06657142857142857,0.026,1,1
T10052,Tata 407,Kolkata,3.31,4.457142857142857,0.849,0.07085714285714285,0.017714285714285714,1,1
T10053,40FT,Mumbai,21.62,4.36,0.8648571428571429,0.024142857142857143,0.046714285714285715,1,1
T10054,40FT,Chennai,18.67,4.027142857142858,0.8814285714285715,0.033999999999999996,0.027142857142857142,1,1
T10055,20FT,Bengaluru,9.25,4.308571428571429,0.9104285714285715,0.05085714285714286,0.02442857142857143,1,0
T10056,Tata 407,Jaipur,3.44,4.554285714285714,0.8574285714285714,0.05085714285714286,0.02514285714285714,0,1
T10057,Tata 407,Mumbai,4.13,4.385714285714285,0.9382857142857143,0.061285714285714284,0.06285714285714286,1,1
T10058,17FT,Delhi,5.53,4.637142857142857,0.9332857142857144,0.03957142857142858,0.04128571428571428,1,1
T10059,20FT,Bengaluru,9.99,4.569999999999999,0.8682857142857143,0.049999999999999996,0.03842857142857143,1,1
T10060,20FT,Mumbai,8.08,4.2942857142857145,0.9454285714285715,0.05457142857142857,0.031285714285714285,1,1
T10061,Tata 407,Kolkata,4.13,4.3428571428571425,0.8667142857142858,0.06585714285714286,0.027,1,1
T10062,17FT,Bengaluru,5.02,4.26,0.897,0.06714285714285714,0.04385714285714286,1,1
T10063,20FT,Delhi,9.95,4.142857142857143,0.846,0.052714285714285714,0.019714285714285712,1,1
T10064,17FT,Bengaluru,6.57,4.252857142857143,0.8867142857142857,0.07728571428571429,0.04014285714285714,1,1
T10065,LCV,Bengaluru,3.41,4.335714285714286,0.8894285714285715,0.05,0.02485714285714286,1,1
T10066,LCV,Bengaluru,3.73,4.647142857142858,0.9424285714285715,0.037,0.04371428571428571,1,1
T10067,17FT,Pune,7.79,4.395714285714286,0.8751428571428571,0.04385714285714286,0.030857142857142857,1,1
T10068,32FT,Lucknow,16.47,4.268571428571429,0.9029999999999999,0.04114285714285715,0.013,1,1
T10069,Tata 407,Mumbai,3.21,4.452857142857143,0.8578571428571429,0.08928571428571429,0.03414285714285714,1,0
T10070,20FT,Pune,9.35,4.497142857142857,0.8578571428571429,0.03628571428571429,0.03271428571428571,1,1
T10071,32FT,Delhi,17.58,4.2628571428571425,0.8138571428571428,0.07242857142857143,0.030000000000000002,1,1
T10072,LCV,Bengaluru,2.96,4.535714285714286,0.8711428571428571,0.079,0.03428571428571429,1,1
T10073,32FT,Chennai,17.72,4.305714285714286,0.8458571428571429,0.07585714285714286,0.02642857142857143,1,1
T10074,32FT,Bengaluru,17.39,4.688571428571429,0.8132857142857143,0.03485714285714286,0.03942857142857143,1,1
T10075,Tata 407,Mumbai,4.62,4.401428571428571,0.8944285714285715,0.06571428571428571,0.031857142857142855,1,1
T10076,40FT,Ahmedabad,18.27,4.104285714285714,0.8982857142857144,0.042428571428571434,0.014142857142857143,1,1
T10077,32FT,Jaipur,17.02,4.567142857142857,0.8504285714285714,0.09071428571428572,0.014,1,1
T10078,LCV,Delhi,3.28,4.4157142857142855,0.8488571428571429,0.061,0.017285714285714286,1,1
T10079,32FT,Delhi,17.0,4.335714285714286,0.8295714285714286,0.047714285714285716,0.05457142857142857,1,1
T10080,17FT,Delhi,6.91,4.142857142857143,0.8931428571428571,0.037,0.016285714285714285,1,1
T10081,20FT,Mumbai,8.49,4.1571428571428575,0.8545714285714286,0.04185714285714286,0.023571428571428573,1,1
T10082,20FT,Delhi,9.23,4.49,0.838,0.08542857142857142,0.03414285714285714,1,1
T10083,40FT,Delhi,18.52,4.381428571428571,0.9168571428571429,0.03842857142857143,0.034,1,1
T10084,32FT,Ahmedabad,17.43,4.345714285714285,0.8741428571428571,0.026857142857142857,0.04242857142857143,1,1
T10085,17FT,Delhi,5.26,4.47,0.8474285714285715,0.06785714285714287,0.038142857142857145,1,1
T10086,40FT,Jaipur,21.15,4.062857142857142,0.8508571428571429,0.062,0.026285714285714284,1,1
T10087,20FT,Ahmedabad,9.27,4.275714285714286,0.8548571428571429,0.06628571428571428,0.031,1,1
T10088,40FT,Jaipur,24.34,4.2299999999999995,0.8470000000000001,0.08099999999999999,0.038142857142857145,1,1
T10089,Tata 407,Jaipur,3.35,4.29,0.8837142857142857,0.03271428571428571,0.041,1,1
T10090,Tata 407,Bhubaneswar,4.32,4.335714285714286,0.8064285714285714,0.055142857142857146,0.02085714285714286,1,1
T10091,17FT,Kolkata,6.81,4.444285714285714,0.8630000000000001,0.10471428571428572,0.039714285714285716,0,1
T10092,LCV,Chennai,3.7,4.3100000000000005,0.8295714285714286,0.04685714285714286,0.04371428571428571,0,1
T10093,32FT,Lucknow,14.86,4.227142857142857,0.8961428571428571,0.046714285714285715,0.024,1,1
T10094,20FT,Mumbai,9.53,4.261428571428572,0.888,0.029285714285714286,0.025285714285714283,1,1
T10095,20FT,Mumbai,7.33,4.4714285714285715,0.8312857142857143,0.08485714285714285,0.028285714285714286,1,1
T10096,32FT,Chennai,16.53,4.384285714285714,0.9082857142857143,0.06271428571428571,0.037714285714285714,1,1
T10097,20FT,Pune,9.91,3.9785714285714286,0.8868571428571429,0.09685714285714285,0.033857142857142856,1,1
T10098,17FT,Delhi,7.15,4.355714285714286,0.8488571428571429,0.05928571428571429,0.023,0,0
T10099,17FT,Delhi,5.49,4.5928571428571425,0.8718571428571428,0.06785714285714285,0.030571428571428572,1,1
T10100,LCV,Bengaluru,2.4,4.4471428571428575,0.8574285714285714,0.032,0.033857142857142856,1,1
T10101,20FT,Kolkata,7.1,4.377142857142857,0.8395714285714285,0.046285714285714284,0.030571428571428572,1,1
T10102,Tata 407,Delhi,4.01,4.5128571428571425,0.8982857142857144,0.04228571428571428,0.01557142857142857,1,1
T10103,32FT,Ahmedabad,14.24,4.234285714285714,0.8522857142857143,0.05971428571428572,0.04014285714285714,1,1
T10104,LCV,Bhubaneswar,2.23,4.225714285714285,0.9001428571428571,0.03014285714285714,0.030142857142857145,1,1
T10105,LCV,Delhi,2.64,4.605714285714286,0.8535714285714285,0.05028571428571428,0.032428571428571425,1,0
T10106,32FT,Bhubaneswar,14.23,4.2942857142857145,0.8768571428571429,0.04242857142857143,0.027142857142857142,1,0
T10107,40FT,Mumbai,22.54,4.444285714285714,0.9065714285714286,0.04785714285714286,0.03485714285714286,1,1
T10108,32FT,Ahmedabad,17.8,4.35,0.8768571428571429,0.039714285714285716,0.02642857142857143,1,1
T10109,LCV,Hyderabad,2.13,4.46,0.8752857142857142,0.08714285714285715,0.05728571428571429,1,1
T10110,LCV,Pune,3.46,4.2871428571428565,0.8674285714285714,0.046714285714285715,0.02614285714285714,1,1
T10111,17FT,Kolkata,7.66,4.024285714285715,0.9247142857142857,0.07271428571428572,0.03528571428571429,1,1
T10112,32FT,Kolkata,17.95,4.367142857142857,0.8451428571428572,0.06371428571428571,0.03785714285714286,1,1
T10113,20FT,Lucknow,7.89,4.585714285714286,0.9308571428571428,0.06457142857142857,0.04057142857142858,1,1
T10114,32FT,Delhi,16.53,4.214285714285714,0.8222857142857143,0.045142857142857144,0.026714285714285715,1,1
T10115,20FT,Kolkata,8.76,4.4871428571428575,0.8827142857142858,0.07128571428571429,0.02757142857142857,1,1
T10116,20FT,Ahmedabad,8.1,4.5842857142857145,0.8928571428571429,0.057857142857142864,0.02342857142857143,1,1
T10117,40FT,Ahmedabad,21.65,4.175714285714286,0.952,0.06842857142857142,0.01542857142857143,1,1
T10118,40FT,Mumbai,19.02,4.277142857142858,0.8262857142857143,0.031714285714285716,0.026571428571428572,1,1
T10119,32FT,Mumbai,15.51,4.482857142857143,0.8352857142857143,0.06614285714285714,0.03271428571428572,1,1
T10120,LCV,Kolkata,3.24,4.365714285714286,0.9188571428571429,0.04342857142857143,0.05657142857142857,1,1
T10121,LCV,Ahmedabad,2.39,4.558571428571429,0.8732857142857143,0.047714285714285716,0.029,1,1
T10122,32FT,Pune,14.13,4.274285714285715,0.8548571428571429,0.052,0.037,1,1
T10123,20FT,Bhubaneswar,8.27,4.182857142857143,0.8414285714285714,0.059,0.06085714285714285,1,0
T10124,40FT,Hyderabad,23.11,4.2942857142857145,0.8717142857142858,0.10628571428571429,0.048428571428571425,1,1
T10125,40FT,Delhi,18.49,4.22,0.8538571428571429,0.047142857142857146,0.03214285714285715,1,1
T10126,32FT,Mumbai,15.02,4.154285714285715,0.9075714285714286,0.05257142857142857,0.024285714285714282,1,1
T10127,40FT,Chennai,19.73,4.505714285714285,0.8617142857142858,0.030285714285714284,0.03885714285714286,1,1
T10128,Tata 407,Pune,4.11,4.442857142857143,0.8745714285714286,0.043,0.028,1,1
T10129,40FT,Lucknow,18.57,4.182857142857143,0.876,0.04442857142857143,0.03928571428571429,0,1
T10130,LCV,Mumbai,3.51,4.211428571428571,0.8707142857142857,0.041285714285714294,0.03528571428571429,0,1
T10131,40FT,Hyderabad,22.06,4.0928571428571425,0.8305714285714286,0.071,0.03885714285714286,1,1
T10132,20FT,Delhi,7.85,4.527142857142858,0.8621428571428572,0.031,0.019,1,1
T10133,20FT,Ahmedabad,7.81,4.305714285714286,0.8691428571428571,0.04971428571428571,0.04357142857142857,1,1
T10134,17FT,Ahmedabad,7.24,4.368571428571428,0.8657142857142857,0.05042857142857143,0.03485714285714286,1,0
T10135,LCV,Lucknow,2.32,4.265714285714286,0.8330000000000001,0.04414285714285714,0.040857142857142856,1,1
T10136,LCV,Kolkata,3.99,4.085714285714286,0.8412857142857143,0.064,0.04828571428571428,1,0
T10137,32FT,Bengaluru,14.24,4.6414285714285715,0.8845714285714286,0.055,0.018142857142857145,0,0
T10138,Tata 407,Bengaluru,3.84,4.337142857142857,0.8537142857142858,0.04185714285714286,0.04114285714285715,1,1
T10139,Tata 407,Hyderabad,4.15,4.2214285714285715,0.8797142857142858,0.07414285714285715,0.027571428571428573,1,1
T10140,LCV,Ahmedabad,3.22,4.201428571428571,0.9152857142857143,0.04742857142857143,0.031285714285714285,1,1
T10141,40FT,Mumbai,23.33,4.6657142857142855,0.7817142857142857,0.03157142857142857,0.02842857142857143,1,1
T10142,Tata 407,Ahmedabad,4.97,4.4471428571428575,0.888,0.06142857142857143,0.03342857142857143,1,1
T10143,20FT,Bengaluru,8.49,4.46,0.8692857142857143,0.08614285714285715,0.048571428571428564,1,1
T10144,40FT,Mumbai,20.36,4.147142857142858,0.918,0.07228571428571429,0.028285714285714286,1,1
T10145,LCV,Delhi,2.78,4.255714285714285,0.8562857142857142,0.05928571428571428,0.031857142857142855,1,1
T10146,32FT,Mumbai,15.08,4.28,0.856,0.05042857142857143,0.02557142857142857,1,1
T10147,32FT,Delhi,15.51,4.174285714285714,0.8442857142857143,0.08971428571428572,0.029285714285714286,1,1
T10148,Tata 407,Delhi,4.96,4.188571428571429,0.8825714285714286,0.023714285714285716,0.019,1,1
T10149,17FT,Hyderabad,5.52,4.248571428571429,0.8842857142857143,0.03728571428571429,0.04757142857142858,1,1
T10150,20FT,Mumbai,9.78,4.557142857142857,0.9121428571428571,0.04271428571428571,0.012142857142857141,1,1
T10151,32FT,Chennai,16.71,4.402857142857143,0.8971428571428571,0.04257142857142857,0.04028571428571429,1,0
T10152,17FT,Kolkata,7.41,4.405714285714286,0.8684285714285714,0.06357142857142857,0.028285714285714286,0,1
T10153,32FT,Jaipur,17.81,4.47,0.8998571428571428,0.062285714285714285,0.01442857142857143,1,0
T10154,LCV,Mumbai,2.87,4.172857142857143,0.8827142857142858,0.04785714285714286,0.048999999999999995,1,1
T10155,LCV,Mumbai,3.87,4.288571428571428,0.8667142857142858,0.05357142857142857,0.03585714285714286,1,1
T10156,40FT,Delhi,19.92,4.118571428571428,0.9198571428571428,0.102,0.04257142857142857,1,1
T10157,LCV,Lucknow,2.08,4.458571428571429,0.8524285714285714,0.031142857142857142,0.037714285714285714,1,1
T10158,40FT,Kolkata,19.14,4.331428571428572,0.864,0.05557142857142857,0.03571428571428571,1,1
T10159,LCV,Hyderabad,3.48,4.511428571428572,0.8914285714285715,0.08042857142857142,0.04285714285714286,1,1
T10160,Tata 407,Delhi,3.46,4.1657142857142855,0.9051428571428571,0.06799999999999999,0.03728571428571429,1,1
T10161,Tata 407,Jaipur,3.64,4.482857142857143,0.9171428571428571,0.034428571428571426,0.030571428571428572,0,1
T10162,40FT,Bengaluru,18.14,4.054285714285714,0.8594285714285714,0.05228571428571428,0.027571428571428573,1,0
T10163,40FT,Mumbai,21.95,4.208571428571429,0.9268571428571428,0.029857142857142856,0.033857142857142856,1,0
T10164,20FT,Bengaluru,9.15,4.464285714285714,0.8177142857142857,0.06028571428571429,0.05014285714285714,1,0
T10165,20FT,Chennai,8.3,4.36,0.9334285714285714,0.060714285714285714,0.02214285714285714,1,1
T10166,17FT,Hyderabad,6.44,4.594285714285713,0.8795714285714286,0.06314285714285714,0.052142857142857144,1,1
T10167,40FT,Chennai,21.38,4.477142857142857,0.883,0.05485714285714286,0.023,1,1
T10168,17FT,Delhi,7.34,4.421428571428572,0.8735714285714286,0.044,0.036571428571428574,1,1
T10169,20FT,Ahmedabad,7.98,3.9557142857142855,0.8008571428571428,0.04757142857142856,0.04157142857142857,0,1
T10170,40FT,Mumbai,22.19,4.335714285714286,0.8817142857142857,0.05914285714285714,0.030428571428571426,1,1
T10171,Tata 407,Bhubaneswar,3.41,4.401428571428572,0.9085714285714286,0.046,0.03842857142857143,1,1
T10172,32FT,Ahmedabad,17.51,4.061428571428571,0.8261428571428571,0.064,0.04114285714285714,1,1
T10173,17FT,Jaipur,5.9,4.35,0.8544285714285714,0.07342857142857143,0.030000000000000002,1,1
T10174,32FT,Ahmedabad,17.21,4.485714285714286,0.8737142857142857,0.05557142857142857,0.023857142857142858,1,1
T10175,32FT,Delhi,17.18,4.122857142857143,0.8574285714285714,0.08871428571428572,0.054142857142857145,1,0
T10176,40FT,Mumbai,19.16,4.387142857142857,0.8478571428571428,0.05771428571428572,0.058,1,1
T10177,40FT,Delhi,18.59,4.405714285714286,0.8758571428571429,0.03485714285714286,0.02642857142857143,1,1
T10178,LCV,Bengaluru,2.41,4.405714285714286,0.8668571428571428,0.07157142857142858,0.03314285714285715,1,1
T10179,20FT,Delhi,8.62,4.144285714285714,0.9431428571428572,0.07342857142857143,0.019142857142857145,1,1
T10180,20FT,Lucknow,8.82,4.548571428571429,0.9087142857142857,0.058,0.02442857142857143,1,1
T10181,17FT,Mumbai,7.85,4.25,0.9480000000000001,0.037571428571428575,0.023,1,1
T10182,40FT,Delhi,24.5,4.048571428571429,0.8204285714285715,0.061000000000000006,0.02742857142857143,1,1
T10183,20FT,Lucknow,9.46,4.291428571428571,0.8758571428571429,0.04228571428571428,0.03428571428571429,1,0
T10184,20FT,Chennai,8.53,4.345714285714286,0.8687142857142857,0.03742857142857143,0.018714285714285715,1,1
T10185,40FT,Hyderabad,23.0,4.238571428571428,0.875,0.055714285714285716,0.03542857142857143,1,1
T10186,LCV,Bengaluru,2.4,4.061428571428571,0.8587142857142858,0.04214285714285715,0.06842857142857142,1,1
T10187,17FT,Kolkata,6.02,4.39,0.7858571428571429,0.053285714285714283,0.03985714285714286,1,1
T10188,LCV,Jaipur,3.44,4.204285714285715,0.8744285714285714,0.06928571428571428,0.04142857142857143,1,1
T10189,17FT,Bhubaneswar,7.26,3.912857142857143,0.8314285714285715,0.057571428571428565,0.045142857142857144,0,1
T10190,LCV,Mumbai,3.17,4.204285714285715,0.7964285714285715,0.06471428571428571,0.021857142857142856,1,1
T10191,Tata 407,Delhi,4.08,4.187142857142858,0.8528571428571429,0.045714285714285714,0.036571428571428574,1,1
T10192,40FT,Mumbai,18.67,4.288571428571428,0.9165714285714286,0.04042857142857143,0.031285714285714285,1,1
T10193,LCV,Bengaluru,3.04,4.175714285714285,0.8797142857142858,0.04542857142857143,0.050428571428571434,1,1
T10194,LCV,Delhi,3.38,4.271428571428571,0.8001428571428572,0.031857142857142855,0.027857142857142858,1,0
T10195,17FT,Jaipur,6.61,4.304285714285714,0.9257142857142858,0.05385714285714286,0.04257142857142857,1,1
T10196,LCV,Mumbai,2.99,4.7128571428571435,0.8878571428571428,0.029428571428571425,0.04014285714285715,1,1
T10197,17FT,Delhi,6.35,4.527142857142857,0.8961428571428571,0.05457142857142857,0.020142857142857146,1,1
T10198,32FT,Delhi,17.09,4.285714285714286,0.8804285714285714,0.04842857142857143,0.033428571428571426,1,1
T10199,40FT,Mumbai,18.49,4.404285714285714,0.844,0.048571428571428564,0.04071428571428572,1,0
T10200,40FT,Ahmedabad,20.02,4.024285714285715,0.904,0.04428571428571428,0.04685714285714286,1,1
T10201,20FT,Jaipur,9.06,4.384285714285714,0.8725714285714286,0.06285714285714286,0.045,1,1
T10202,17FT,Mumbai,7.47,4.467142857142857,0.8152857142857143,0.05757142857142857,0.030857142857142857,1,1
T10203,LCV,Bhubaneswar,2.25,4.432857142857143,0.8354285714285714,0.044571428571428574,0.018857142857142857,1,1
T10204,20FT,Mumbai,8.98,4.301428571428572,0.8177142857142857,0.056,0.023,1,1
T10205,Tata 407,Kolkata,3.94,4.235714285714286,0.8844285714285715,0.08914285714285715,0.03842857142857143,1,1
T10206,Tata 407,Bengaluru,3.94,4.127142857142857,0.7841428571428571,0.05885714285714285,0.02914285714285714,1,1
T10207,17FT,Delhi,5.56,4.445714285714286,0.8511428571428572,0.06642857142857143,0.03842857142857143,1,1
T10208,17FT,Bengaluru,6.47,4.087142857142857,0.8974285714285715,0.05114285714285714,0.04271428571428571,1,1
T10209,20FT,Ahmedabad,9.98,4.032857142857143,0.8094285714285715,0.10242857142857142,0.028142857142857143,1,1
T10210,Tata 407,Mumbai,4.07,4.45,0.8247142857142856,0.054,0.015714285714285712,1,1
T10211,Tata 407,Bengaluru,4.18,4.347142857142857,0.8492857142857143,0.06457142857142857,0.03142857142857143,1,0
T10212,32FT,Bengaluru,15.27,4.46,0.934,0.06499999999999999,0.028,1,1
T10213,LCV,Delhi,3.35,4.447142857142857,0.8952857142857142,0.07571428571428572,0.027,1,1
T10214,17FT,Pune,7.55,4.194285714285714,0.8994285714285715,0.04271428571428571,0.028285714285714282,1,0
T10215,Tata 407,Delhi,4.96,4.298571428571429,0.8834285714285715,0.08185714285714285,0.031857142857142855,1,1
T10216,Tata 407,Chennai,3.27,4.491428571428571,0.8392857142857143,0.048571428571428564,0.038571428571428576,1,1
T10217,Tata 407,Mumbai,3.44,4.325714285714286,0.885,0.05,0.03471428571428571,1,1
T10218,LCV,Jaipur,3.37,4.331428571428572,0.926,0.032857142857142856,0.030571428571428572,1,1
T10219,40FT,Chennai,20.44,4.08,0.902,0.049999999999999996,0.03557142857142857,1,1
T10220,LCV,Hyderabad,2.86,4.632857142857143,0.9151428571428571,0.05385714285714286,0.030000000000000002,1,1
T10221,Tata 407,Delhi,4.21,4.534285714285715,0.9081428571428571,0.044,0.04214285714285714,1,0
T10222,40FT,Delhi,18.78,4.411428571428571,0.9452857142857143,0.04699999999999999,0.026714285714285715,1,1
T10223,32FT,Chennai,16.58,4.154285714285714,0.8802857142857142,0.06971428571428571,0.03542857142857143,1,1
T10224,LCV,Hyderabad,2.55,4.32,0.8592857142857142,0.061857142857142854,0.03457142857142857,1,1
T10225,20FT,Kolkata,9.82,4.069999999999999,0.9001428571428571,0.06042857142857143,0.052714285714285714,1,1
T10226,32FT,Bengaluru,15.33,4.3742857142857146,0.8668571428571428,0.06914285714285714,0.03785714285714286,1,1
T10227,LCV,Kolkata,3.9,4.248571428571428,0.8797142857142858,0.04785714285714286,0.026571428571428572,1,1
T10228,20FT,Kolkata,7.67,4.714285714285714,0.8858571428571429,0.07842857142857142,0.032,1,1
T10229,32FT,Pune,16.0,4.425714285714286,0.9219999999999999,0.03214285714285715,0.037714285714285714,1,1
T10230,17FT,Jaipur,5.48,4.3585714285714285,0.876,0.059428571428571435,0.03685714285714286,1,1
T10231,LCV,Ahmedabad,3.19,4.494285714285715,0.8337142857142857,0.05828571428571428,0.04057142857142858,1,1
T10232,17FT,Delhi,5.73,4.405714285714286,0.8554285714285715,0.07557142857142858,0.036571428571428574,1,1
T10233,LCV,Chennai,2.61,4.2700000000000005,0.7912857142857143,0.04757142857142856,0.024428571428571428,1,1
T10234,LCV,Ahmedabad,2.88,4.075714285714286,0.8691428571428571,0.05071428571428571,0.03242857142857143,1,1
T10235,20FT,Mumbai,8.3,4.3742857142857146,0.8622857142857142,0.08457142857142856,0.03242857142857143,1,1
T10236,Tata 407,Bengaluru,4.66,4.332857142857143,0.87,0.08671428571428572,0.03271428571428571,0,1
T10237,17FT,Delhi,5.83,4.29,0.8874285714285713,0.08099999999999999,0.03457142857142857,1,1
T10238,40FT,Mumbai,20.03,4.3028571428571425,0.934142857142857,0.05385714285714286,0.02542857142857143,1,0
T10239,40FT,Bengaluru,19.2,4.1899999999999995,0.9001428571428571,0.050571428571428566,0.01742857142857143,1,1
T10240,Tata 407,Mumbai,3.35,4.267142857142857,0.8485714285714285,0.05228571428571428,0.027,1,1
T10241,LCV,Bengaluru,2.95,4.215714285714286,0.8338571428571429,0.06285714285714286,0.021285714285714286,1,1
T10242,40FT,Pune,18.33,4.291428571428571,0.8554285714285715,0.06771428571428571,0.026714285714285715,1,0
T10243,32FT,Mumbai,17.52,4.357142857142857,0.8225714285714286,0.05442857142857143,0.059428571428571435,1,1
T10244,17FT,Mumbai,6.35,4.1242857142857146,0.8947142857142857,0.06728571428571428,0.021142857142857147,1,1
T10245,20FT,Bengaluru,7.55,4.521428571428571,0.8881428571428572,0.044,0.03257142857142857,0,1
T10246,20FT,Jaipur,8.27,4.092857142857143,0.8792857142857143,0.07985714285714285,0.04528571428571428,1,1
T10247,32FT,Ahmedabad,14.71,4.614285714285714,0.9074285714285715,0.05928571428571428,0.049999999999999996,1,1
T10248,Tata 407,Mumbai,3.19,4.4399999999999995,0.854,0.074,0.015428571428571429,1,1
T10249,20FT,Chennai,9.59,4.055714285714286,0.8765714285714286,0.037714285714285714,0.03928571428571429,1,0
T10250,40FT,Bengaluru,22.08,4.268571428571429,0.8871428571428571,0.05557142857142857,0.047,0,1
T10251,40FT,Chennai,24.19,4.651428571428572,0.8781428571428572,0.05085714285714286,0.047142857142857146,1,1
T10252,32FT,Delhi,14.34,4.46,0.8994285714285715,0.049571428571428565,0.032285714285714286,1,1
T10253,17FT,Lucknow,5.49,4.384285714285714,0.8832857142857142,0.05085714285714286,0.022571428571428572,1,1
T10254,32FT,Kolkata,17.71,4.388571428571429,0.87,0.03914285714285714,0.03328571428571429,1,1
T10255,20FT,Mumbai,8.34,4.081428571428572,0.8562857142857142,0.04257142857142857,0.023142857142857142,1,1
T10256,LCV,Bengaluru,3.27,4.602857142857142,0.9432857142857143,0.060714285714285714,0.03357142857142857,1,1
T10257,20FT,Bhubaneswar,7.71,4.13,0.9005714285714286,0.078,0.03242857142857143,1,1
T10258,17FT,Delhi,5.98,4.417142857142857,0.8507142857142858,0.05071428571428571,0.04814285714285715,1,1
T10259,Tata 407,Jaipur,4.21,4.458571428571429,0.8662857142857143,0.07314285714285715,0.050428571428571434,1,1
T10260,Tata 407,Chennai,4.34,4.307142857142857,0.8782857142857142,0.06885714285714285,0.02742857142857143,1,1
T10261,40FT,Delhi,23.26,4.255714285714285,0.8535714285714285,0.061857142857142854,0.034999999999999996,1,1
T10262,17FT,Lucknow,6.59,4.46,0.8558571428571428,0.08042857142857143,0.02142857142857143,1,1
T10263,17FT,Hyderabad,5.94,4.112857142857143,0.9001428571428571,0.05171428571428571,0.03314285714285714,1,1
T10264,32FT,Bengaluru,17.14,4.632857142857143,0.8861428571428572,0.09685714285714285,0.06385714285714286,1,1
T10265,20FT,Kolkata,7.39,4.191428571428571,0.7862857142857143,0.039,0.037,1,1
T10266,20FT,Mumbai,8.26,4.458571428571429,0.8618571428571428,0.04314285714285714,0.03485714285714285,1,1
T10267,20FT,Bengaluru,8.24,4.361428571428571,0.8245714285714286,0.06342857142857143,0.039,1,1
T10268,40FT,Chennai,22.55,4.187142857142857,0.8822857142857143,0.09642857142857143,0.02085714285714286,1,1
T10269,Tata 407,Mumbai,4.91,4.234285714285714,0.8881428571428572,0.052142857142857144,0.031,1,1
T10270,32FT,Hyderabad,17.21,4.201428571428571,0.8274285714285714,0.061714285714285715,0.01942857142857143,1,1
T10271,32FT,Mumbai,16.76,4.3742857142857146,0.8475714285714285,0.054,0.03985714285714286,1,1
T10272,LCV,Chennai,3.36,4.132857142857143,0.9148571428571428,0.033857142857142856,0.02742857142857143,1,1
T10273,Tata 407,Hyderabad,4.31,4.477142857142857,0.8282857142857143,0.06999999999999999,0.020142857142857146,1,1
T10274,Tata 407,Ahmedabad,3.09,4.0285714285714285,0.848,0.06085714285714287,0.026285714285714284,1,1
T10275,LCV,Delhi,2.96,4.3100000000000005,0.7874285714285715,0.047,0.031285714285714285,0,1
T10276,32FT,Pune,14.47,4.401428571428571,0.8585714285714285,0.04642857142857143,0.031,0,1
T10277,32FT,Hyderabad,17.11,4.24,0.8172857142857143,0.04528571428571428,0.03514285714285714,1,1
T10278,17FT,Chennai,6.97,4.168571428571428,0.8751428571428571,0.052,0.027714285714285716,1,1
T10279,32FT,Delhi,15.24,4.337142857142857,0.866,0.031999999999999994,0.027714285714285716,1,1
T10280,20FT,Mumbai,8.5,4.411428571428572,0.9104285714285715,0.05742857142857143,0.02642857142857143,1,1
T10281,17FT,Lucknow,5.36,4.535714285714286,0.886,0.03414285714285714,0.022571428571428572,1,1
T10282,40FT,Lucknow,18.93,4.394285714285714,0.8434285714285714,0.07542857142857143,0.04171428571428571,1,1
T10283,32FT,Mumbai,17.99,4.052857142857143,0.8487142857142856,0.052714285714285714,0.03642857142857143,1,1
T10284,17FT,Ahmedabad,6.0,4.281428571428571,0.913,0.06171428571428572,0.04985714285714286,1,1
T10285,LCV,Ahmedabad,3.6,4.435714285714286,0.8117142857142857,0.054142857142857145,0.018571428571428572,1,1
T10286,40FT,Kolkata,24.86,4.591428571428572,0.896,0.052714285714285714,0.023999999999999997,1,1
T10287,Tata 407,Lucknow,3.01,4.257142857142857,0.8102857142857143,0.08457142857142856,0.028571428571428574,1,1
T10288,Tata 407,Mumbai,4.84,4.172857142857143,0.8488571428571429,0.04285714285714286,0.023142857142857142,1,1
T10289,17FT,Jaipur,7.1,4.461428571428572,0.9149999999999999,0.07242857142857143,0.031285714285714285,1,1
T10290,20FT,Chennai,9.52,4.502857142857143,0.8584285714285714,0.04057142857142857,0.04414285714285714,1,1
T10291,17FT,Mumbai,6.8,4.255714285714285,0.8424285714285714,0.05042857142857143,0.031142857142857142,1,1
T10292,Tata 407,Hyderabad,3.7,4.204285714285715,0.8314285714285715,0.04314285714285714,0.036571428571428574,1,0
T10293,40FT,Kolkata,24.44,4.354285714285714,0.8755714285714286,0.068,0.031000000000000003,1,1
T10294,32FT,Delhi,14.84,4.507142857142857,0.8735714285714286,0.06342857142857143,0.03628571428571429,1,1
T10295,32FT,Mumbai,16.58,3.987142857142857,0.8865714285714287,0.09228571428571429,0.025857142857142856,0,1
T10296,20FT,Hyderabad,7.69,4.3185714285714285,0.8748571428571429,0.053285714285714283,0.04771428571428571,1,1
T10297,40FT,Delhi,21.16,3.9385714285714286,0.9219999999999999,0.06071428571428572,0.04157142857142857,1,1
T10298,17FT,Bhubaneswar,6.3,4.335714285714286,0.9247142857142857,0.05771428571428572,0.020142857142857146,0,1
T10299,Tata 407,Lucknow,3.26,4.647142857142858,0.9212857142857143,0.06628571428571428,0.03557142857142857,1,1
T10300,Tata 407,Delhi,4.3,4.591428571428572,0.8789999999999999,0.06785714285714285,0.02114285714285714,1,1
T10301,17FT,Bengaluru,5.41,4.2942857142857145,0.8842857142857143,0.09514285714285713,0.037,1,1
T10302,Tata 407,Delhi,3.98,4.661428571428572,0.8092857142857143,0.06457142857142857,0.046,1,1
T10303,40FT,Mumbai,21.98,4.385714285714285,0.8838571428571429,0.031,0.04,1,1
T10304,LCV,Bengaluru,3.7,4.062857142857143,0.9108571428571429,0.046285714285714284,0.032857142857142856,0,1
T10305,LCV,Bengaluru,2.94,4.538571428571428,0.9154285714285715,0.05442857142857143,0.02614285714285714,1,1
T10306,20FT,Ahmedabad,8.52,4.491428571428572,0.8655714285714285,0.08042857142857143,0.037142857142857144,1,1
T10307,40FT,Bengaluru,19.61,4.442857142857143,0.8431428571428572,0.04414285714285714,0.013571428571428571,1,1
T10308,40FT,Mumbai,23.75,4.437142857142858,0.8752857142857142,0.04414285714285714,0.016142857142857143,1,1
T10309,Tata 407,Jaipur,3.32,4.557142857142858,0.8771428571428571,0.06257142857142857,0.045,1,0
T10310,17FT,Mumbai,5.04,4.388571428571429,0.8478571428571428,0.05485714285714286,0.05157142857142857,1,1
T10311,20FT,Mumbai,7.3,4.555714285714286,0.8305714285714286,0.04371428571428571,0.03785714285714286,1,0
T10312,32FT,Pune,17.22,4.748571428571429,0.8647142857142857,0.08414285714285714,0.02014285714285714,0,1
T10313,40FT,Mumbai,24.2,4.522857142857143,0.8932857142857143,0.061714285714285715,0.027,1,1
T10314,20FT,Jaipur,8.82,4.292857142857143,0.8608571428571429,0.053142857142857144,0.02485714285714286,1,0
T10315,32FT,Bengaluru,16.31,4.09,0.856,0.05814285714285715,0.03357142857142857,1,1
T10316,32FT,Delhi,14.07,4.494285714285715,0.8344285714285714,0.07171428571428572,0.022285714285714287,1,1
T10317,17FT,Delhi,6.75,4.047142857142857,0.829,0.045142857142857144,0.040999999999999995,1,1
T10318,Tata 407,Chennai,4.43,4.2542857142857144,0.8402857142857142,0.03671428571428571,0.012714285714285714,1,1
T10319,17FT,Delhi,5.32,4.388571428571429,0.8662857142857143,0.05771428571428572,0.030285714285714284,1,1
T10320,40FT,Chennai,20.81,4.232857142857143,0.84,0.07171428571428572,0.028999999999999998,1,1
T10321,17FT,Mumbai,5.7,4.432857142857143,0.8267142857142857,0.041999999999999996,0.038,1,1
T10322,LCV,Ahmedabad,2.66,4.451428571428571,0.8805714285714286,0.06028571428571428,0.04471428571428571,0,1
T10323,LCV,Bengaluru,3.2,4.308571428571429,0.8767142857142858,0.06714285714285714,0.03414285714285715,1,1
T10324,Tata 407,Delhi,4.19,3.9314285714285715,0.8832857142857142,0.06257142857142857,0.02642857142857143,1,0
T10325,Tata 407,Kolkata,4.42,4.514285714285714,0.8394285714285715,0.06857142857142857,0.028571428571428574,1,0
T10326,17FT,Kolkata,5.53,4.448571428571428,0.9151428571428571,0.06985714285714285,0.04385714285714286,1,1
T10327,Tata 407,Chennai,4.53,4.388571428571429,0.8822857142857143,0.04428571428571428,0.028142857142857143,1,1
T10328,20FT,Mumbai,9.67,4.388571428571429,0.9165714285714286,0.06871428571428571,0.048285714285714286,1,1
T10329,LCV,Bengaluru,3.04,4.42,0.8951428571428571,0.08757142857142856,0.04057142857142857,1,1
T10330,17FT,Mumbai,5.98,4.312857142857142,0.9027142857142857,0.048999999999999995,0.04471428571428571,1,0
T10331,40FT,Lucknow,20.99,4.268571428571429,0.8528571428571429,0.055714285714285716,0.01842857142857143,1,1
T10332,Tata 407,Jaipur,3.96,4.271428571428571,0.831857142857143,0.026571428571428572,0.013,1,1
T10333,40FT,Ahmedabad,22.09,4.208571428571429,0.8462857142857143,0.042428571428571434,0.04828571428571428,1,1
T10334,17FT,Jaipur,5.93,4.2942857142857145,0.867,0.05771428571428572,0.03414285714285714,1,1
T10335,32FT,Bhubaneswar,16.98,4.434285714285714,0.88,0.053142857142857144,0.032,1,1
T10336,LCV,Bengaluru,2.23,4.064285714285714,0.8451428571428572,0.03828571428571429,0.02242857142857143,1,1
T10337,LCV,Bengaluru,3.77,4.178571428571429,0.9002857142857142,0.05257142857142857,0.03842857142857143,1,1
T10338,32FT,Bhubaneswar,15.1,4.515714285714286,0.9004285714285715,0.034428571428571426,0.04928571428571428,1,1
T10339,17FT,Hyderabad,7.54,4.535714285714286,0.8602857142857143,0.033857142857142856,0.030714285714285715,1,1
T10340,LCV,Ahmedabad,3.77,4.468571428571429,0.8308571428571428,0.04471428571428571,0.05757142857142857,1,1
T10341,32FT,Mumbai,14.34,4.355714285714286,0.9281428571428572,0.06085714285714285,0.018714285714285715,1,1
T10342,20FT,Mumbai,9.64,4.31,0.8705714285714287,0.04642857142857143,0.033999999999999996,1,1
T10343,17FT,Delhi,7.79,4.061428571428571,0.866,0.06714285714285714,0.055999999999999994,1,1
T10344,LCV,Delhi,2.63,4.132857142857143,0.8612857142857143,0.08371428571428571,0.04171428571428571,1,0
T10345,Tata 407,Delhi,3.18,4.478571428571429,0.8914285714285715,0.06757142857142857,0.032857142857142856,1,1
T10346,32FT,Delhi,16.2,4.145714285714286,0.9201428571428572,0.027857142857142858,0.045714285714285714,1,1
T10347,20FT,Bhubaneswar,7.63,4.435714285714286,0.8395714285714285,0.06957142857142858,0.03871428571428571,1,1
T10348,40FT,Jaipur,23.83,4.4871428571428575,0.8814285714285715,0.04685714285714286,0.03428571428571429,1,1
T10349,17FT,Delhi,6.81,4.4,0.8975714285714285,0.04014285714285715,0.019857142857142854,1,1
T10350,17FT,Hyderabad,6.16,4.234285714285714,0.8854285714285715,0.056285714285714286,0.020142857142857146,1,1
T10351,20FT,Pune,8.99,4.255714285714285,0.883,0.06271428571428571,0.04228571428571428,1,1
T10352,17FT,Bhubaneswar,5.06,4.387142857142857,0.8501428571428571,0.06957142857142858,0.030285714285714284,1,1
T10353,Tata 407,Bengaluru,4.89,4.159999999999999,0.8895714285714286,0.06042857142857143,0.04228571428571428,1,1
T10354,40FT,Kolkata,20.05,4.304285714285714,0.913142857142857,0.05642857142857143,0.020428571428571428,1,1
T10355,40FT,Bengaluru,19.12,4.238571428571428,0.9302857142857144,0.049999999999999996,0.023714285714285712,1,1
T10356,20FT,Mumbai,8.72,4.332857142857143,0.86,0.07485714285714286,0.03357142857142857,1,1
T10357,LCV,Bengaluru,2.83,4.1414285714285715,0.8347142857142857,0.047714285714285716,0.023285714285714288,1,1
T10358,32FT,Mumbai,15.02,4.172857142857143,0.8812857142857142,0.04871428571428572,0.029714285714285714,1,1
T10359,32FT,Chennai,15.47,4.234285714285714,0.8958571428571428,0.04214285714285714,0.017285714285714286,1,1
T10360,32FT,Mumbai,15.5,4.2628571428571425,0.8477142857142858,0.03142857142857143,0.03085714285714286,1,1
T10361,17FT,Chennai,7.0,4.477142857142857,0.8998571428571429,0.04128571428571428,0.033857142857142856,1,1
T10362,LCV,Ahmedabad,3.31,4.468571428571428,0.8307142857142857,0.05342857142857143,0.03685714285714286,1,1
T10363,40FT,Jaipur,19.87,4.3342857142857145,0.9117142857142857,0.04771428571428571,0.027857142857142858,1,1
T10364,LCV,Delhi,2.18,4.422857142857143,0.8641428571428572,0.06371428571428571,0.02842857142857143,1,1
T10365,Tata 407,Kolkata,3.82,4.5285714285714285,0.872,0.052714285714285714,0.03428571428571429,1,1
T10366,Tata 407,Bengaluru,4.11,4.0600000000000005,0.8667142857142858,0.05085714285714286,0.028285714285714286,1,1
T10367,20FT,Mumbai,8.01,4.4957142857142856,0.8528571428571429,0.06799999999999999,0.03442857142857143,1,1
T10368,32FT,Chennai,14.79,3.912857142857143,0.9108571428571429,0.044,0.02957142857142857,1,0
T10369,40FT,Mumbai,24.64,4.242857142857143,0.9107142857142857,0.06728571428571428,0.03542857142857143,1,1
T10370,Tata 407,Kolkata,3.72,4.554285714285714,0.8902857142857143,0.05814285714285715,0.04042857142857143,1,1
T10371,32FT,Kolkata,16.3,4.112857142857143,0.8950000000000001,0.06471428571428571,0.023714285714285716,1,1
T10372,Tata 407,Bengaluru,4.87,4.228571428571429,0.8637142857142857,0.061,0.04242857142857143,1,1
T10373,20FT,Bengaluru,9.55,4.37,0.8738571428571429,0.038142857142857145,0.030285714285714284,1,1
T10374,40FT,Bengaluru,22.66,4.4157142857142855,0.9462857142857143,0.03885714285714286,0.024714285714285716,1,1
T10375,40FT,Delhi,22.12,4.437142857142857,0.8698571428571429,0.05028571428571428,0.03342857142857143,1,1
T10376,20FT,Kolkata,8.77,4.461428571428572,0.9175714285714286,0.05928571428571428,0.01942857142857143,1,1
T10377,17FT,Bhubaneswar,7.25,4.25,0.8727142857142857,0.052,0.06857142857142857,1,1
T10378,20FT,Bengaluru,7.68,4.388571428571429,0.8137142857142857,0.05228571428571428,0.02442857142857143,1,1
T10379,Tata 407,Delhi,4.98,4.68,0.9018571428571428,0.055714285714285716,0.022285714285714287,1,1
T10380,32FT,Mumbai,14.51,4.392857142857143,0.8047142857142857,0.06971428571428571,0.03685714285714286,1,1
T10381,Tata 407,Hyderabad,3.84,4.615714285714286,0.8717142857142858,0.05128571428571428,0.016,1,1
T10382,40FT,Mumbai,24.1,4.465714285714285,0.9051428571428571,0.06042857142857143,0.027285714285714285,1,1
T10383,20FT,Bengaluru,8.72,4.148571428571429,0.8355714285714286,0.06414285714285714,0.03528571428571429,1,0
T10384,Tata 407,Ahmedabad,3.04,4.142857142857143,0.8477142857142858,0.02642857142857143,0.039,0,1
T10385,Tata 407,Ahmedabad,4.57,4.438571428571429,0.8892857142857143,0.06871428571428571,0.06442857142857143,1,1
T10386,40FT,Mumbai,24.96,4.122857142857143,0.8238571428571427,0.059428571428571435,0.03842857142857143,1,1
T10387,20FT,Ahmedabad,9.89,4.457142857142857,0.813,0.07042857142857142,0.039714285714285716,1,1
T10388,Tata 407,Hyderabad,3.8,4.354285714285714,0.9062857142857144,0.047,0.046285714285714284,1,1
T10389,32FT,Jaipur,16.67,4.242857142857143,0.8602857142857143,0.074,0.031999999999999994,1,1
T10390,20FT,Mumbai,9.4,4.038571428571428,0.8805714285714286,0.061,0.032857142857142856,1,1
T10391,LCV,Mumbai,2.1,4.2942857142857145,0.8882857142857142,0.04642857142857143,0.032857142857142856,1,1
T10392,17FT,Mumbai,6.65,4.232857142857143,0.8582857142857143,0.07428571428571429,0.04314285714285714,0,1
T10393,17FT,Delhi,6.34,4.0928571428571425,0.8741428571428571,0.04985714285714286,0.031857142857142855,1,1
T10394,20FT,Ahmedabad,7.88,4.562857142857143,0.8592857142857142,0.054,0.022571428571428572,1,1
T10395,20FT,Jaipur,9.29,4.248571428571429,0.909,0.08028571428571428,0.02414285714285714,1,1
T10396,Tata 407,Lucknow,3.16,4.605714285714286,0.8452857142857143,0.041428571428571426,0.04157142857142857,0,1
T10397,Tata 407,Delhi,4.59,4.215714285714285,0.9017142857142858,0.06742857142857142,0.02057142857142857,1,1
T10398,LCV,Mumbai,3.83,4.275714285714286,0.9138571428571429,0.041999999999999996,0.029714285714285717,1,1
T10399,LCV,Bengaluru,3.1,4.2371428571428575,0.8867142857142857,0.039857142857142855,0.02885714285714286,1,1
T10400,LCV,Mumbai,2.51,4.107142857142857,0.8187142857142857,0.04042857142857143,0.02842857142857143,1,1
T10401,40FT,Bhubaneswar,20.13,4.442857142857143,0.8708571428571429,0.053285714285714283,0.03414285714285714,1,1
T10402,20FT,Jaipur,8.08,4.232857142857143,0.8357142857142856,0.03957142857142857,0.03314285714285715,1,1
T10403,LCV,Mumbai,2.6,4.091428571428572,0.9347142857142857,0.061142857142857145,0.02642857142857143,1,0
T10404,32FT,Hyderabad,15.37,4.41,0.8251428571428571,0.031142857142857142,0.030714285714285715,1,1
T10405,Tata 407,Bengaluru,3.76,4.3100000000000005,0.8561428571428572,0.04585714285714286,0.03742857142857143,0,1
T10406,20FT,Delhi,8.37,4.555714285714286,0.8848571428571429,0.03528571428571429,0.05071428571428571,1,1
T10407,32FT,Delhi,15.03,4.3585714285714285,0.8905714285714286,0.06642857142857142,0.06514285714285714,1,1
T10408,LCV,Chennai,2.07,4.441428571428571,0.8305714285714286,0.04314285714285714,0.029142857142857144,1,1
T10409,Tata 407,Delhi,4.06,4.102857142857142,0.9095714285714286,0.04014285714285715,0.03471428571428571,1,1
T10410,17FT,Jaipur,7.37,4.244285714285715,0.8228571428571428,0.018857142857142857,0.019999999999999997,1,1
T10411,32FT,Chennai,17.01,4.188571428571429,0.8385714285714286,0.06814285714285714,0.02457142857142857,1,1
T10412,32FT,Chennai,16.24,4.354285714285714,0.9545714285714286,0.02642857142857143,0.049571428571428565,1,1
T10413,40FT,Bengaluru,20.19,4.314285714285714,0.8038571428571428,0.06371428571428571,0.027,1,1
T10414,LCV,Ahmedabad,3.3,4.338571428571429,0.8630000000000001,0.04642857142857143,0.019,1,1
T10415,40FT,Kolkata,24.7,4.241428571428571,0.8981428571428571,0.026857142857142857,0.03828571428571429,1,1
T10416,32FT,Delhi,14.69,4.177142857142857,0.8304285714285714,0.064,0.041285714285714294,1,1
T10417,Tata 407,Kolkata,3.38,4.388571428571429,0.8358571428571429,0.0642857142857143,0.027857142857142858,1,0
T10418,17FT,Delhi,7.24,4.232857142857143,0.8332857142857143,0.096,0.03,1,1
T10419,LCV,Bengaluru,2.14,4.2457142857142856,0.8534285714285714,0.06399999999999999,0.04157142857142857,1,1
T10420,17FT,Hyderabad,5.5,4.231428571428571,0.8637142857142858,0.07328571428571429,0.03485714285714286,1,1
T10421,32FT,Jaipur,15.12,4.368571428571428,0.8531428571428571,0.06499999999999999,0.031285714285714285,1,1
T10422,LCV,Hyderabad,3.1,4.542857142857143,0.9207142857142857,0.07657142857142858,0.027,1,1
T10423,32FT,Mumbai,14.09,4.214285714285714,0.8637142857142858,0.07114285714285715,0.016857142857142855,1,1
T10424,40FT,Jaipur,20.75,3.9957142857142856,0.7954285714285714,0.08257142857142859,0.023857142857142858,1,1
T10425,17FT,Bengaluru,5.65,4.434285714285714,0.8988571428571428,0.095,0.03471428571428571,1,1
T10426,20FT,Ahmedabad,8.62,4.2700000000000005,0.9217142857142857,0.047428571428571424,0.030857142857142857,1,1
T10427,17FT,Mumbai,6.49,4.274285714285714,0.8521428571428571,0.05485714285714286,0.03371428571428572,1,1
T10428,17FT,Mumbai,6.76,4.468571428571429,0.883,0.05857142857142857,0.03585714285714286,1,0
T10429,40FT,Bengaluru,21.29,4.551428571428572,0.8407142857142856,0.07214285714285715,0.015714285714285712,1,1
T10430,40FT,Jaipur,21.41,4.2,0.8508571428571429,0.036571428571428574,0.025285714285714283,1,1
T10431,20FT,Delhi,7.74,4.575714285714286,0.8737142857142857,0.06699999999999999,0.019857142857142858,1,1
T10432,40FT,Jaipur,23.49,4.39,0.8477142857142858,0.058857142857142865,0.019857142857142854,1,1
T10433,32FT,Delhi,17.84,4.065714285714286,0.8684285714285714,0.04014285714285714,0.016142857142857143,1,1
T10434,17FT,Bengaluru,7.95,4.368571428571428,0.9328571428571427,0.062285714285714285,0.04642857142857142,1,1
T10435,40FT,Chennai,24.94,4.542857142857143,0.843,0.07385714285714286,0.024999999999999998,1,1
T10436,17FT,Kolkata,5.73,4.211428571428572,0.916,0.06057142857142857,0.04842857142857143,1,1
T10437,LCV,Jaipur,3.36,4.302857142857143,0.8424285714285714,0.07185714285714286,0.02057142857142857,1,0
T10438,20FT,Pune,8.73,4.178571428571429,0.8027142857142857,0.03742857142857143,0.02514285714285714,1,0
T10439,Tata 407,Mumbai,4.4,4.55,0.893,0.057,0.017142857142857144,1,1
T10440,Tata 407,Delhi,3.03,4.197142857142857,0.8752857142857142,0.06357142857142857,0.038,1,1
T10441,20FT,Bhubaneswar,8.03,3.8528571428571428,0.8611428571428571,0.05042857142857143,0.058571428571428566,1,1
T10442,17FT,Delhi,5.62,4.541428571428571,0.8451428571428572,0.03742857142857143,0.04228571428571428,1,1
T10443,Tata 407,Mumbai,4.6,4.527142857142857,0.8831428571428572,0.061714285714285715,0.05242857142857143,1,0
T10444,LCV,Mumbai,2.16,4.382857142857143,0.85,0.08528571428571428,0.03428571428571429,1,1
T10445,20FT,Delhi,7.25,4.1571428571428575,0.9014285714285714,0.05557142857142857,0.04642857142857143,1,1
T10446,Tata 407,Delhi,4.87,4.39,0.9081428571428571,0.026857142857142857,0.029,1,1
T10447,17FT,Hyderabad,7.57,4.2871428571428565,0.8461428571428572,0.06085714285714285,0.03557142857142857,1,1
T10448,17FT,Pune,6.92,4.14,0.8357142857142856,0.06,0.027857142857142858,1,1
T10449,32FT,Mumbai,14.48,4.304285714285714,0.8310000000000001,0.05671428571428572,0.028285714285714286,1,0
T10450,20FT,Chennai,8.59,4.208571428571429,0.9092857142857144,0.06285714285714286,0.023,0,1
T10451,40FT,Delhi,23.2,4.388571428571429,0.8487142857142856,0.08228571428571428,0.07228571428571429,1,1
T10452,17FT,Mumbai,6.29,4.174285714285714,0.8462857142857143,0.06685714285714285,0.02157142857142857,1,1
T10453,40FT,Ahmedabad,24.1,4.297142857142857,0.8622857142857142,0.07557142857142858,0.05257142857142857,1,1
T10454,LCV,Mumbai,2.9,4.178571428571429,0.8314285714285715,0.04314285714285714,0.040999999999999995,1,1
T10455,32FT,Bengaluru,15.62,4.611428571428571,0.888,0.05871428571428571,0.055,1,1
T10456,Tata 407,Delhi,3.15,4.5,0.854,0.08385714285714285,0.03942857142857143,1,1
T10457,20FT,Bhubaneswar,8.32,4.51,0.8564285714285714,0.03785714285714286,0.02842857142857143,1,1
T10458,LCV,Mumbai,2.24,4.211428571428572,0.848,0.06357142857142857,0.019,1,1
T10459,LCV,Chennai,2.57,4.2371428571428575,0.8565714285714287,0.04328571428571428,0.046714285714285715,1,1
T10460,LCV,Chennai,2.8,4.602857142857142,0.8764285714285714,0.05457142857142857,0.05385714285714286,0,1
T10461,20FT,Delhi,7.64,4.371428571428572,0.8761428571428571,0.07442857142857143,0.045,1,0
T10462,20FT,Bengaluru,7.18,4.128571428571428,0.8812857142857143,0.054,0.015142857142857142,1,0
T10463,40FT,Bengaluru,23.24,4.272857142857143,0.8422857142857143,0.06757142857142857,0.03471428571428571,1,1
T10464,20FT,Mumbai,9.36,4.618571428571428,0.8287142857142857,0.058,0.03585714285714286,1,1
T10465,LCV,Pune,3.59,4.425714285714286,0.9108571428571429,0.05614285714285715,0.044571428571428574,1,1
T10466,20FT,Mumbai,8.65,4.101428571428571,0.845,0.05285714285714286,0.01757142857142857,1,1
T10467,20FT,Mumbai,9.17,4.2457142857142856,0.8784285714285714,0.030714285714285715,0.05085714285714286,1,1
T10468,Tata 407,Delhi,3.69,4.127142857142857,0.8591428571428572,0.08014285714285715,0.048999999999999995,1,1
T10469,20FT,Delhi,7.13,4.7,0.8234285714285715,0.05714285714285715,0.041999999999999996,1,1
T10470,32FT,Kolkata,14.44,4.277142857142858,0.8565714285714285,0.04942857142857143,0.022,1,1
T10471,40FT,Hyderabad,19.21,4.3,0.9095714285714286,0.05585714285714286,0.029,1,1
T10472,32FT,Bengaluru,16.23,4.302857142857143,0.8831428571428572,0.05614285714285715,0.030999999999999996,1,1
T10473,LCV,Mumbai,3.94,4.471428571428571,0.8875714285714286,0.050571428571428566,0.031142857142857142,1,1
T10474,20FT,Bengaluru,8.35,4.4,0.8962857142857142,0.06671428571428571,0.03971428571428571,1,1
T10475,17FT,Bengaluru,5.14,4.442857142857143,0.9108571428571429,0.06742857142857142,0.026285714285714284,0,1
T10476,32FT,Bhubaneswar,14.59,4.327142857142857,0.843,0.06885714285714285,0.02457142857142857,1,1
T10477,40FT,Bengaluru,22.27,4.114285714285714,0.8238571428571427,0.041428571428571426,0.04928571428571428,1,1
T10478,32FT,Bhubaneswar,15.68,4.241428571428572,0.893,0.08757142857142856,0.026000000000000002,1,1
T10479,20FT,Bengaluru,9.12,4.434285714285714,0.8977142857142857,0.03985714285714286,0.04014285714285714,1,1
T10480,17FT,Mumbai,5.94,4.01,0.878,0.08685714285714285,0.026857142857142857,1,1
T10481,Tata 407,Hyderabad,3.85,3.71,0.8604285714285714,0.06857142857142857,0.033857142857142856,1,1
T10482,Tata 407,Mumbai,4.78,4.228571428571429,0.8614285714285714,0.06271428571428571,0.029857142857142856,1,1
T10483,20FT,Bengaluru,7.37,4.752857142857143,0.863857142857143,0.04314285714285714,0.05114285714285714,1,0
T10484,Tata 407,Delhi,3.74,4.2628571428571425,0.8592857142857143,0.029285714285714283,0.023285714285714288,1,1
T10485,17FT,Bengaluru,7.49,4.352857142857142,0.8447142857142858,0.054142857142857145,0.026714285714285715,1,1
T10486,40FT,Delhi,19.65,4.26,0.8987142857142858,0.054714285714285715,0.02114285714285714,0,1
T10487,32FT,Lucknow,17.73,4.038571428571428,0.8597142857142857,0.049428571428571426,0.03928571428571429,1,1
T10488,LCV,Mumbai,2.26,4.291428571428571,0.8842857142857143,0.032,0.037,1,1
T10489,Tata 407,Hyderabad,3.99,4.21,0.8508571428571428,0.05771428571428572,0.037,1,1
T10490,Tata 407,Kolkata,3.74,4.285714285714286,0.8298571428571428,0.06514285714285714,0.024714285714285713,1,1
T10491,17FT,Kolkata,5.2,4.341428571428572,0.8758571428571429,0.04185714285714286,0.019571428571428573,1,1
T10492,32FT,Delhi,16.64,4.46,0.8414285714285714,0.05914285714285715,0.029714285714285714,1,1
T10493,20FT,Delhi,9.86,4.372857142857143,0.9024285714285715,0.07071428571428572,0.04328571428571428,1,1
T10494,40FT,Delhi,24.48,4.335714285714286,0.8441428571428571,0.05542857142857143,0.045714285714285714,1,1
T10495,17FT,Jaipur,6.56,4.485714285714286,0.8134285714285714,0.047714285714285716,0.024428571428571428,1,1
T10496,17FT,Kolkata,6.53,4.001428571428572,0.8234285714285715,0.05728571428571429,0.031714285714285716,1,1
T10497,40FT,Mumbai,23.54,4.461428571428572,0.8807142857142857,0.05142857142857143,0.026,1,1
T10498,20FT,Lucknow,8.49,4.188571428571429,0.8562857142857142,0.04971428571428572,0.03142857142857143,1,0
T10499,20FT,Chennai,7.96,4.027142857142857,0.899,0.07528571428571429,0.030857142857142857,1,1
T10500,20FT,Ahmedabad,7.88,4.55,0.8874285714285713,0.057,0.029142857142857144,1,1
T10501,32FT,Bengaluru,17.49,4.524285714285715,0.8115714285714286,0.046285714285714284,0.014,1,1
T10502,20FT,Mumbai,8.94,4.571428571428571,0.8551428571428571,0.07614285714285715,0.06671428571428571,1,1
T10503,32FT,Mumbai,17.59,4.227142857142857,0.9395714285714286,0.06871428571428571,0.03157142857142857,1,1
T10504,LCV,Delhi,2.63,4.32,0.8398571428571427,0.049999999999999996,0.04157142857142857,1,1
T10505,17FT,Mumbai,6.76,4.418571428571428,0.7992857142857143,0.03214285714285715,0.025714285714285714,1,0
T10506,40FT,Ahmedabad,19.03,3.974285714285714,0.8698571428571429,0.05757142857142857,0.016999999999999998,1,0
T10507,32FT,Hyderabad,16.91,4.168571428571428,0.8681428571428571,0.04785714285714286,0.027142857142857142,1,1
T10508,32FT,Delhi,14.49,4.464285714285714,0.8242857142857144,0.03,0.05385714285714286,1,1
T10509,32FT,Hyderabad,15.97,4.357142857142857,0.8745714285714286,0.09371428571428572,0.047142857142857146,1,1
T10510,40FT,Delhi,23.37,4.411428571428571,0.8902857142857143,0.05957142857142857,0.03957142857142858,1,1
T10511,17FT,Bengaluru,6.43,4.645714285714285,0.9168571428571429,0.06085714285714285,0.038571428571428576,1,1
T10512,17FT,Delhi,5.89,4.464285714285714,0.8709999999999999,0.034999999999999996,0.034999999999999996,1,1
T10513,40FT,Hyderabad,23.73,4.1971428571428575,0.9035714285714286,0.07742857142857143,0.05542857142857143,1,1
T10514,40FT,Chennai,22.22,4.3914285714285715,0.8531428571428571,0.049,0.03685714285714286,1,1
T10515,Tata 407,Kolkata,4.79,4.162857142857143,0.9031428571428571,0.08557142857142856,0.02428571428571429,1,1
T10516,40FT,Mumbai,21.96,4.104285714285714,0.9189999999999999,0.05157142857142857,0.032285714285714286,0,1
T10517,17FT,Bengaluru,5.79,4.377142857142857,0.9115714285714286,0.04814285714285715,0.03585714285714286,1,1
T10518,17FT,Delhi,7.62,4.41,0.923,0.06971428571428571,0.012857142857142859,0,1
T10519,40FT,Bengaluru,20.29,4.312857142857143,0.9152857142857143,0.04699999999999999,0.036,1,1
T10520,17FT,Ahmedabad,5.13,4.445714285714286,0.8882857142857142,0.05557142857142857,0.04028571428571429,1,1
T10521,20FT,Kolkata,8.49,4.268571428571429,0.9145714285714286,0.03457142857142857,0.049999999999999996,1,1
T10522,40FT,Lucknow,21.35,4.488571428571428,0.8647142857142857,0.05342857142857143,0.046714285714285715,1,1
T10523,Tata 407,Lucknow,3.53,4.491428571428571,0.8255714285714285,0.059428571428571435,0.030571428571428576,1,1
T10524,LCV,Hyderabad,3.24,4.374285714285714,0.9068571428571428,0.04985714285714286,0.02614285714285714,1,1
T10525,Tata 407,Bhubaneswar,3.24,4.53,0.8517142857142856,0.04171428571428571,0.015857142857142858,1,1
T10526,LCV,Bengaluru,2.5,4.505714285714285,0.858,0.08514285714285715,0.013142857142857142,1,1
T10527,17FT,Bengaluru,5.71,4.071428571428571,0.8402857142857142,0.079,0.024857142857142855,1,1
T10528,20FT,Kolkata,9.05,4.394285714285714,0.9117142857142857,0.07014285714285715,0.03614285714285714,1,1
T10529,40FT,Chennai,21.04,4.401428571428571,0.949,0.07085714285714285,0.020714285714285713,1,1
T10530,LCV,Chennai,2.45,4.5600000000000005,0.8851428571428571,0.06385714285714286,0.027571428571428573,1,1
T10531,40FT,Bhubaneswar,22.25,4.7299999999999995,0.8341428571428571,0.08471428571428571,0.030857142857142857,0,1
T10532,LCV,Delhi,2.84,4.35,0.9515714285714285,0.09257142857142857,0.025857142857142856,1,1
T10533,17FT,Mumbai,5.39,4.288571428571428,0.8684285714285714,0.07371428571428572,0.023714285714285712,1,1
T10534,32FT,Mumbai,15.71,4.595714285714286,0.9567142857142857,0.07742857142857143,0.025714285714285714,1,1
T10535,20FT,Mumbai,9.84,4.578571428571428,0.8084285714285714,0.07714285714285715,0.03985714285714286,1,1
T10536,20FT,Delhi,8.62,4.482857142857143,0.8984285714285714,0.06899999999999999,0.03257142857142857,0,1
T10537,LCV,Ahmedabad,2.45,4.317142857142857,0.8462857142857142,0.04185714285714286,0.018285714285714287,1,1
T10538,32FT,Pune,17.38,4.521428571428571,0.8765714285714286,0.054285714285714284,0.04285714285714286,1,1
T10539,17FT,Jaipur,6.56,4.241428571428572,0.9112857142857143,0.049857142857142864,0.028285714285714286,1,1
T10540,LCV,Hyderabad,3.72,4.218571428571429,0.8548571428571429,0.08642857142857142,0.052142857142857144,1,1
T10541,17FT,Hyderabad,7.09,4.357142857142857,0.8511428571428572,0.054714285714285715,0.08185714285714286,1,1
T10542,17FT,Pune,6.37,4.524285714285714,0.8807142857142857,0.033857142857142856,0.022285714285714287,1,1
T10543,32FT,Bengaluru,14.87,4.274285714285715,0.9012857142857144,0.06257142857142857,0.022,1,1
T10544,17FT,Delhi,5.28,4.08,0.8331428571428571,0.03928571428571429,0.037,1,1
T10545,Tata 407,Mumbai,4.34,4.3585714285714285,0.8117142857142857,0.05885714285714285,0.03728571428571429,1,1
T10546,40FT,Delhi,20.95,4.33,0.8678571428571429,0.07585714285714286,0.03842857142857143,1,1
T10547,17FT,Delhi,6.91,4.534285714285715,0.9167142857142857,0.072,0.03957142857142858,1,1
T10548,32FT,Delhi,14.8,4.3185714285714285,0.8735714285714286,0.047999999999999994,0.027,1,1
T10549,LCV,Jaipur,2.7,4.418571428571428,0.9114285714285714,0.05228571428571428,0.047,1,1
T10550,LCV,Chennai,3.67,4.267142857142857,0.8918571428571429,0.05357142857142857,0.04185714285714286,1,1
T10551,32FT,Delhi,16.68,4.475714285714285,0.8721428571428572,0.05614285714285715,0.02085714285714286,1,1
T10552,LCV,Chennai,2.0,4.404285714285714,0.8828571428571428,0.07271428571428572,0.02742857142857143,1,1
T10553,17FT,Mumbai,6.02,4.195714285714286,0.8418571428571429,0.09242857142857143,0.037571428571428575,1,1
T10554,Tata 407,Bengaluru,3.09,4.24,0.905,0.061142857142857145,0.046,1,1
T10555,20FT,Delhi,7.05,4.281428571428571,0.907,0.06442857142857143,0.036571428571428574,1,1
T10556,20FT,Chennai,9.86,4.372857142857143,0.8862857142857142,0.04985714285714286,0.02242857142857143,0,1
T10557,20FT,Delhi,9.49,4.535714285714286,0.8811428571428571,0.06414285714285714,0.03642857142857143,1,1
T10558,Tata 407,Kolkata,3.56,4.675714285714285,0.9487142857142857,0.06857142857142857,0.027,1,0
T10559,Tata 407,Bhubaneswar,3.7,4.158571428571428,0.8608571428571429,0.08228571428571428,0.024999999999999998,0,1
T10560,20FT,Ahmedabad,7.43,4.412857142857143,0.7858571428571428,0.06085714285714285,0.04442857142857143,1,1
T10561,20FT,Kolkata,8.0,4.0442857142857145,0.9384285714285714,0.03242857142857143,0.032857142857142856,1,1
T10562,32FT,Bhubaneswar,17.68,4.352857142857142,0.8648571428571429,0.06142857142857143,0.03485714285714286,1,1
T10563,40FT,Bengaluru,18.37,4.418571428571428,0.8698571428571429,0.055714285714285716,0.04214285714285714,1,1
T10564,20FT,Delhi,9.31,4.54,0.9482857142857143,0.04214285714285714,0.02357142857142857,0,1
T10565,LCV,Bengaluru,2.88,4.178571428571429,0.9331428571428572,0.039142857142857146,0.024857142857142855,1,1
T10566,LCV,Hyderabad,3.11,4.078571428571428,0.8897142857142857,0.046714285714285715,0.03614285714285714,1,0
T10567,17FT,Ahmedabad,6.17,4.347142857142857,0.9215714285714285,0.12471428571428571,0.018142857142857145,1,1
T10568,Tata 407,Jaipur,3.76,4.132857142857143,0.9727142857142858,0.05028571428571428,0.019,1,1
T10569,32FT,Delhi,17.3,4.208571428571429,0.8772857142857143,0.030142857142857145,0.027714285714285716,0,1
T10570,LCV,Lucknow,3.96,4.4399999999999995,0.9391428571428572,0.03357142857142857,0.016714285714285713,1,1
T10571,17FT,Chennai,5.91,4.4071428571428575,0.8338571428571429,0.032857142857142856,0.04985714285714286,1,1
T10572,40FT,Chennai,23.26,4.067142857142857,0.7918571428571429,0.054,0.028,1,0
T10573,32FT,Bengaluru,16.89,4.321428571428571,0.8827142857142858,0.071,0.016142857142857143,1,1
T10574,32FT,Hyderabad,17.44,4.131428571428572,0.8481428571428572,0.06342857142857143,0.02642857142857143,0,1
T10575,32FT,Delhi,14.41,4.198571428571428,0.9198571428571428,0.03457142857142857,0.04785714285714286,1,1
T10576,Tata 407,Bengaluru,4.09,4.151428571428572,0.8925714285714286,0.061142857142857145,0.04042857142857143,1,0
T10577,Tata 407,Jaipur,4.67,4.5200000000000005,0.8861428571428572,0.045142857142857144,0.04,1,1
T10578,Tata 407,Lucknow,4.12,4.011428571428572,0.9161428571428571,0.053714285714285714,0.02557142857142857,1,1
T10579,40FT,Pune,21.52,4.247142857142857,0.8374285714285714,0.056999999999999995,0.030571428571428572,1,0
T10580,Tata 407,Mumbai,3.31,4.482857142857143,0.859,0.04442857142857143,0.019142857142857145,1,0
T10581,32FT,Kolkata,14.22,4.437142857142858,0.9262857142857143,0.05642857142857143,0.02985714285714286,1,1
T10582,20FT,Delhi,9.9,4.235714285714286,0.8814285714285715,0.05985714285714285,0.031142857142857142,1,1
T10583,20FT,Delhi,7.29,4.08,0.8942857142857142,0.09957142857142857,0.018,1,1
T10584,Tata 407,Mumbai,3.8,4.271428571428571,0.9197142857142857,0.054714285714285715,0.045142857142857144,1,1
T10585,20FT,Bengaluru,9.9,4.372857142857143,0.8132857142857143,0.06642857142857143,0.030714285714285715,1,0
T10586,Tata 407,Jaipur,3.44,4.1571428571428575,0.8647142857142857,0.08085714285714285,0.03142857142857143,1,1
T10587,Tata 407,Bengaluru,3.8,4.432857142857143,0.8755714285714286,0.037714285714285714,0.03628571428571429,0,1
T10588,Tata 407,Mumbai,4.1,4.441428571428571,0.8281428571428571,0.045714285714285714,0.046,0,1
T10589,17FT,Delhi,7.24,4.38,0.8792857142857143,0.08342857142857142,0.04357142857142857,1,1
T10590,20FT,Delhi,9.25,4.472857142857143,0.8785714285714287,0.06728571428571428,0.032857142857142856,1,1
T10591,LCV,Chennai,2.41,4.274285714285714,0.8331428571428571,0.048285714285714286,0.03642857142857143,1,1
T10592,40FT,Kolkata,22.09,4.462857142857143,0.8042857142857143,0.026571428571428572,0.027571428571428573,1,1
T10593,40FT,Pune,18.95,4.291428571428571,0.9114285714285714,0.083,0.032857142857142856,1,1
T10594,LCV,Bengaluru,3.39,4.485714285714286,0.9007142857142857,0.04171428571428572,0.028571428571428574,1,1
T10595,Tata 407,Mumbai,3.29,4.284285714285714,0.8869999999999999,0.05871428571428572,0.025714285714285714,1,1
T10596,Tata 407,Delhi,4.33,4.325714285714286,0.8630000000000001,0.05914285714285715,0.03628571428571429,1,1
T10597,Tata 407,Delhi,4.72,4.53,0.8815714285714286,0.04314285714285715,0.03485714285714286,1,1
T10598,LCV,Chennai,3.86,4.218571428571429,0.8628571428571429,0.054714285714285715,0.03328571428571429,0,1
T10599,17FT,Delhi,5.16,3.948571428571429,0.8862857142857142,0.09328571428571429,0.02957142857142857,1,1
T10600,20FT,Delhi,9.62,4.155714285714286,0.8691428571428571,0.06642857142857143,0.027857142857142858,1,0
T10601,40FT,Bhubaneswar,23.92,4.555714285714286,0.8837142857142857,0.07828571428571429,0.038,1,1
T10602,Tata 407,Hyderabad,4.0,4.2628571428571425,0.8214285714285714,0.05828571428571429,0.03428571428571429,1,1
T10603,20FT,Bengaluru,9.64,4.382857142857143,0.8904285714285715,0.048428571428571425,0.044,1,1
T10604,32FT,Jaipur,15.27,4.1814285714285715,0.9382857142857143,0.041999999999999996,0.047285714285714285,1,1
T10605,32FT,Delhi,17.82,4.222857142857143,0.8425714285714285,0.04928571428571429,0.030714285714285715,1,0
T10606,Tata 407,Mumbai,4.9,4.5,0.8168571428571428,0.044,0.029428571428571425,0,1
T10607,20FT,Kolkata,8.43,4.4314285714285715,0.8522857142857143,0.062285714285714285,0.03271428571428571,1,1
T10608,32FT,Bengaluru,16.33,4.412857142857143,0.8387142857142857,0.04371428571428571,0.017285714285714286,1,1
T10609,20FT,Mumbai,7.65,4.54,0.873,0.054,0.022285714285714287,1,1
T10610,17FT,Hyderabad,6.82,4.387142857142857,0.8717142857142858,0.07042857142857142,0.04771428571428571,1,1
T10611,17FT,Kolkata,5.36,4.232857142857143,0.88,0.04442857142857143,0.024857142857142855,1,1
T10612,LCV,Bengaluru,2.77,4.542857142857143,0.8979999999999999,0.066,0.03142857142857143,1,1
T10613,Tata 407,Ahmedabad,3.03,4.331428571428572,0.8132857142857143,0.047285714285714285,0.054285714285714284,1,1
T10614,17FT,Lucknow,6.61,4.4557142857142855,0.8405714285714286,0.06585714285714286,0.02042857142857143,1,1
T10615,40FT,Delhi,21.81,4.482857142857143,0.8534285714285714,0.05285714285714286,0.021,0,1
T10616,LCV,Delhi,2.42,4.502857142857143,0.9005714285714286,0.05014285714285714,0.023142857142857142,1,1
T10617,17FT,Jaipur,7.66,4.442857142857143,0.8665714285714285,0.047285714285714285,0.03328571428571429,1,1
T10618,Tata 407,Delhi,4.92,4.1899999999999995,0.9435714285714285,0.08742857142857142,0.050571428571428566,1,1
T10619,LCV,Bengaluru,3.07,4.5600000000000005,0.8697142857142858,0.046142857142857145,0.039,1,1
T10620,20FT,Delhi,7.64,4.027142857142858,0.8857142857142858,0.05742857142857143,0.03585714285714286,1,1
T10621,LCV,Delhi,2.6,4.207142857142857,0.8342857142857143,0.05642857142857143,0.03371428571428571,1,0
T10622,20FT,Kolkata,8.3,4.312857142857143,0.8777142857142858,0.031714285714285716,0.027714285714285716,1,1
T10623,20FT,Ahmedabad,10.0,4.382857142857143,0.8625714285714287,0.04271428571428571,0.05914285714285714,1,1
T10624,Tata 407,Chennai,4.15,4.555714285714286,0.9104285714285715,0.054714285714285715,0.03371428571428571,1,1
T10625,Tata 407,Bengaluru,3.9,4.338571428571429,0.8675714285714287,0.03014285714285714,0.045571428571428575,1,1
T10626,32FT,Chennai,17.22,4.08,0.9128571428571428,0.04914285714285715,0.028285714285714286,1,1
T10627,40FT,Ahmedabad,24.35,4.535714285714286,0.8788571428571429,0.049571428571428565,0.02542857142857143,1,1
T10628,Tata 407,Bhubaneswar,3.45,4.468571428571429,0.8371428571428572,0.07628571428571429,0.04642857142857143,1,0
T10629,17FT,Bengaluru,7.37,4.5442857142857145,0.8088571428571428,0.07128571428571429,0.020428571428571428,1,1
T10630,LCV,Bengaluru,2.8,4.505714285714285,0.9169999999999999,0.08485714285714285,0.027857142857142858,1,1
T10631,20FT,Jaipur,7.8,4.4,0.8617142857142858,0.03528571428571429,0.041999999999999996,1,1
T10632,LCV,Ahmedabad,2.79,4.288571428571428,0.8147142857142857,0.058428571428571434,0.032857142857142856,1,1
T10633,LCV,Mumbai,3.33,4.621428571428572,0.8984285714285714,0.073,0.041285714285714294,1,1
T10634,LCV,Hyderabad,3.47,4.1971428571428575,0.8602857142857143,0.07514285714285715,0.029428571428571425,1,1
T10635,40FT,Bengaluru,20.08,4.442857142857143,0.8304285714285714,0.06471428571428571,0.019285714285714288,1,1
T10636,LCV,Delhi,2.77,4.33,0.8709999999999999,0.054714285714285715,0.03157142857142857,1,1
T10637,20FT,Ahmedabad,8.55,4.224285714285714,0.8151428571428571,0.04357142857142857,0.03371428571428571,1,1
T10638,17FT,Bengaluru,6.84,4.2700000000000005,0.8481428571428572,0.061142857142857145,0.03957142857142858,1,1
T10639,40FT,Kolkata,18.7,4.32,0.8835714285714286,0.07485714285714286,0.04171428571428572,1,1
T10640,17FT,Delhi,6.0,4.671428571428572,0.8635714285714285,0.045,0.025857142857142856,1,1
T10641,20FT,Kolkata,9.99,4.307142857142857,0.9257142857142858,0.06,0.02042857142857143,0,1
T10642,Tata 407,Bengaluru,3.32,4.384285714285714,0.8721428571428571,0.08299999999999999,0.029857142857142856,1,1
T10643,20FT,Bengaluru,7.76,4.127142857142857,0.9337142857142856,0.05185714285714286,0.029,1,1
T10644,20FT,Mumbai,8.63,4.542857142857143,0.8819999999999999,0.04814285714285714,0.05542857142857143,1,1
T10645,17FT,Hyderabad,6.56,4.758571428571429,0.9447142857142856,0.07771428571428572,0.027857142857142858,1,0
T10646,40FT,Delhi,23.05,4.251428571428571,0.9412857142857144,0.05228571428571428,0.03157142857142857,1,0
T10647,LCV,Ahmedabad,3.11,4.5685714285714285,0.8542857142857143,0.06414285714285714,0.025857142857142856,1,1
T10648,40FT,Mumbai,18.67,4.507142857142857,0.8442857142857143,0.044571428571428574,0.026714285714285715,1,1
T10649,LCV,Ahmedabad,3.52,4.325714285714286,0.8384285714285714,0.038,0.053285714285714283,1,1
T10650,20FT,Ahmedabad,9.48,4.271428571428571,0.8789999999999999,0.07985714285714286,0.029,1,1
T10651,40FT,Lucknow,22.87,4.282857142857143,0.8677142857142857,0.07414285714285715,0.016285714285714285,1,1
T10652,17FT,Jaipur,6.1,4.064285714285714,0.8574285714285714,0.07585714285714286,0.041,1,1
T10653,20FT,Ahmedabad,8.75,4.51,0.8504285714285714,0.05285714285714286,0.04014285714285714,1,1
T10654,40FT,Hyderabad,22.4,4.427142857142857,0.8305714285714286,0.04828571428571428,0.028,1,1
T10655,32FT,Kolkata,15.04,4.341428571428572,0.8390000000000001,0.04642857142857142,0.03357142857142857,1,1
T10656,Tata 407,Bengaluru,3.91,4.202857142857143,0.9091428571428571,0.05685714285714286,0.03271428571428571,1,1
T10657,32FT,Delhi,16.81,4.28,0.8517142857142856,0.09128571428571429,0.02528571428571429,1,1
T10658,20FT,Delhi,9.48,4.295714285714285,0.8437142857142857,0.04585714285714286,0.04742857142857143,1,1
T10659,Tata 407,Ahmedabad,4.51,4.152857142857143,0.8471428571428571,0.07157142857142858,0.026,1,0
T10660,32FT,Kolkata,15.33,4.3185714285714285,0.9398571428571428,0.047,0.04114285714285714,1,1
T10661,Tata 407,Lucknow,3.77,4.25,0.8418571428571429,0.040428571428571425,0.05242857142857143,1,1
T10662,40FT,Mumbai,20.03,4.1085714285714285,0.8905714285714286,0.03514285714285714,0.017714285714285714,1,0
T10663,32FT,Delhi,15.09,4.494285714285715,0.8507142857142858,0.063,0.017714285714285714,1,1
T10664,Tata 407,Mumbai,4.23,4.394285714285714,0.8025714285714286,0.06242857142857143,0.02742857142857143,0,1
T10665,32FT,Mumbai,17.58,4.285714285714286,0.9137142857142857,0.06028571428571429,0.03328571428571429,1,1
T10666,Tata 407,Kolkata,4.76,4.46,0.8857142857142858,0.061714285714285715,0.03157142857142857,1,1
T10667,20FT,Hyderabad,8.91,4.285714285714286,0.915,0.05871428571428572,0.04157142857142857,1,1
T10668,17FT,Pune,7.53,4.257142857142857,0.8311428571428572,0.05728571428571429,0.030857142857142857,1,1
T10669,17FT,Bengaluru,6.35,4.22,0.8785714285714287,0.040857142857142856,0.03785714285714286,1,0
T10670,20FT,Mumbai,7.83,4.517142857142857,0.8778571428571428,0.06671428571428571,0.053142857142857144,1,1
T10671,20FT,Mumbai,7.94,4.351428571428571,0.902142857142857,0.08242857142857143,0.03357142857142857,1,1
T10672,LCV,Hyderabad,3.77,4.287142857142857,0.8634285714285715,0.08685714285714285,0.030857142857142857,1,0
T10673,40FT,Mumbai,24.53,4.118571428571428,0.9065714285714286,0.11528571428571428,0.04342857142857143,1,1
T10674,17FT,Jaipur,5.16,4.2785714285714285,0.9111428571428571,0.03742857142857143,0.03,1,1
T10675,32FT,Delhi,15.39,4.26,0.8487142857142856,0.06228571428571429,0.022571428571428572,1,0
T10676,32FT,Delhi,17.51,4.17,0.8965714285714286,0.05771428571428572,0.03371428571428571,1,1
T10677,20FT,Lucknow,9.25,4.25,0.8868571428571429,0.047142857142857146,0.019714285714285715,1,1
T10678,17FT,Bengaluru,7.39,4.405714285714286,0.8521428571428571,0.05914285714285714,0.04371428571428571,0,1
T10679,20FT,Jaipur,10.0,4.152857142857143,0.8914285714285715,0.055714285714285716,0.023142857142857142,0,1
T10680,20FT,Kolkata,7.13,4.222857142857142,0.8564285714285714,0.04428571428571428,0.024,1,1
T10681,40FT,Bengaluru,24.67,4.184285714285714,0.8542857142857143,0.05042857142857143,0.03457142857142857,1,1
T10682,LCV,Jaipur,2.61,4.362857142857143,0.847857142857143,0.054714285714285715,0.040999999999999995,1,1
T10683,Tata 407,Mumbai,3.94,4.4314285714285715,0.9448571428571428,0.10742857142857143,0.030285714285714287,1,1
T10684,20FT,Ahmedabad,9.78,4.235714285714286,0.8827142857142858,0.06871428571428571,0.010714285714285714,0,1
T10685,32FT,Mumbai,17.94,4.327142857142857,0.8550000000000001,0.060714285714285714,0.03571428571428571,1,1
T10686,LCV,Bengaluru,3.85,4.275714285714286,0.8251428571428571,0.036571428571428574,0.034428571428571426,1,1
T10687,17FT,Hyderabad,5.17,4.507142857142857,0.9314285714285714,0.05657142857142857,0.03571428571428571,1,1
T10688,Tata 407,Hyderabad,4.17,4.347142857142857,0.8558571428571428,0.05542857142857143,0.03414285714285714,1,1
T10689,17FT,Jaipur,6.59,4.162857142857143,0.8511428571428572,0.060714285714285714,0.02614285714285714,1,1
T10690,40FT,Chennai,21.44,4.317142857142857,0.8878571428571428,0.10128571428571428,0.03214285714285715,1,1
T10691,40FT,Kolkata,19.34,4.241428571428572,0.9051428571428571,0.061285714285714284,0.03485714285714286,1,0
T10692,17FT,Jaipur,5.9,4.26,0.8914285714285715,0.04814285714285715,0.03585714285714286,1,1
T10693,20FT,Bengaluru,8.45,4.262857142857143,0.9062857142857144,0.10871428571428572,0.04842857142857143,1,0
T10694,32FT,Lucknow,17.77,4.395714285714286,0.8792857142857143,0.06642857142857143,0.028714285714285716,1,0
T10695,Tata 407,Kolkata,4.05,4.432857142857143,0.8602857142857143,0.058428571428571434,0.029285714285714286,1,1
T10696,Tata 407,Chennai,3.95,4.238571428571428,0.8821428571428571,0.03485714285714286,0.05785714285714285,1,1
T10697,32FT,Bengaluru,14.04,4.447142857142857,0.8824285714285713,0.07899999999999999,0.04485714285714286,1,0
T10698,17FT,Bhubaneswar,6.04,4.335714285714286,0.829,0.029142857142857144,0.02,1,1
T10699,LCV,Mumbai,3.34,4.49,0.8937142857142858,0.03514285714285714,0.031285714285714285,1,1
T10700,17FT,Delhi,5.04,4.355714285714286,0.8465714285714286,0.054714285714285715,0.037,1,1
T10701,32FT,Jaipur,15.41,4.314285714285714,0.949,0.054714285714285715,0.018,1,1
T10702,17FT,Bhubaneswar,7.54,4.591428571428572,0.844,0.07771428571428572,0.046,1,1
T10703,Tata 407,Mumbai,4.63,4.242857142857143,0.9044285714285714,0.062285714285714285,0.04228571428571428,1,1
T10704,Tata 407,Pune,3.43,4.5128571428571425,0.8044285714285715,0.09314285714285715,0.027571428571428573,1,1
T10705,20FT,Lucknow,9.58,4.257142857142857,0.934142857142857,0.046142857142857145,0.05228571428571428,0,1
T10706,20FT,Bengaluru,8.88,4.498571428571428,0.8327142857142856,0.046714285714285715,0.039,1,1
T10707,40FT,Mumbai,22.98,4.251428571428572,0.875,0.056285714285714286,0.045571428571428575,1,1
T10708,LCV,Delhi,3.85,4.277142857142857,0.8641428571428571,0.05942857142857143,0.028285714285714286,1,1
T10709,Tata 407,Pune,4.51,4.215714285714286,0.8828571428571428,0.03414285714285714,0.06528571428571428,1,1
T10710,20FT,Delhi,7.44,4.312857142857143,0.9085714285714286,0.026714285714285715,0.029142857142857144,1,1
T10711,Tata 407,Bengaluru,3.92,4.331428571428572,0.8498571428571429,0.057857142857142864,0.03257142857142857,0,1
T10712,LCV,Kolkata,2.74,4.238571428571428,0.8868571428571429,0.05485714285714286,0.028714285714285716,1,1
T10713,20FT,Delhi,9.04,4.414285714285714,0.8657142857142858,0.06485714285714286,0.04185714285714286,1,1
T10714,40FT,Ahmedabad,24.24,4.26,0.9074285714285715,0.0652857142857143,0.02742857142857143,1,1
T10715,17FT,Jaipur,5.33,4.09,0.9245714285714286,0.03242857142857143,0.04385714285714286,1,0
T10716,LCV,Mumbai,3.55,4.3742857142857146,0.9008571428571429,0.088,0.027,1,1
T10717,20FT,Bengaluru,7.86,4.315714285714286,0.8525714285714285,0.032,0.034999999999999996,1,1
T10718,40FT,Jaipur,22.78,4.24,0.843,0.061285714285714284,0.024571428571428574,1,1
T10719,32FT,Mumbai,14.38,4.404285714285714,0.8718571428571428,0.05728571428571429,0.032857142857142856,1,1
T10720,32FT,Kolkata,15.32,4.402857142857143,0.9102857142857143,0.05014285714285714,0.05357142857142857,1,1
T10721,40FT,Kolkata,23.76,4.095714285714286,0.8361428571428571,0.05828571428571428,0.018,1,1
T10722,17FT,Hyderabad,7.49,4.398571428571429,0.8288571428571428,0.052,0.033428571428571426,1,1
T10723,20FT,Delhi,9.86,4.2628571428571425,0.8867142857142857,0.06585714285714286,0.03428571428571429,1,1
T10724,17FT,Bengaluru,6.41,4.451428571428571,0.9212857142857143,0.04914285714285715,0.02242857142857143,1,1
T10725,Tata 407,Hyderabad,3.19,4.178571428571429,0.9115714285714286,0.07142857142857142,0.027714285714285716,1,0
T10726,20FT,Kolkata,9.87,4.6257142857142854,0.9021428571428572,0.04157142857142857,0.018571428571428572,1,1
T10727,20FT,Chennai,8.28,4.348571428571429,0.877,0.049428571428571426,0.037,1,1
T10728,Tata 407,Hyderabad,4.08,4.3428571428571425,0.8558571428571428,0.053714285714285714,0.024571428571428574,1,0
T10729,40FT,Jaipur,21.95,4.35,0.8520000000000001,0.049428571428571426,0.019,1,1
T10730,32FT,Delhi,16.5,4.308571428571429,0.8418571428571429,0.03571428571428571,0.05914285714285714,1,1
T10731,17FT,Kolkata,5.72,4.502857142857143,0.9337142857142856,0.058428571428571434,0.02742857142857143,1,1
T10732,17FT,Bengaluru,6.87,4.315714285714286,0.8698571428571429,0.062142857142857146,0.015571428571428571,1,1
T10733,32FT,Delhi,16.42,4.3585714285714285,0.7871428571428571,0.046142857142857145,0.023999999999999997,1,1
T10734,Tata 407,Kolkata,3.67,4.192857142857143,0.8658571428571429,0.06657142857142857,0.03728571428571429,1,1
T10735,LCV,Bhubaneswar,2.88,4.097142857142857,0.8994285714285715,0.05685714285714286,0.03571428571428571,1,1
T10736,17FT,Bengaluru,7.14,4.362857142857143,0.8465714285714286,0.06457142857142857,0.038,1,1
T10737,32FT,Lucknow,17.35,4.344285714285714,0.8974285714285715,0.055285714285714285,0.016142857142857143,1,1
T10738,LCV,Lucknow,3.42,4.444285714285714,0.8991428571428572,0.061714285714285715,0.03728571428571429,1,1
T10739,20FT,Delhi,8.18,4.114285714285715,0.8772857142857143,0.07028571428571428,0.024999999999999998,1,1
T10740,32FT,Hyderabad,16.26,4.105714285714286,0.8702857142857142,0.047999999999999994,0.03214285714285715,0,1
T10741,Tata 407,Lucknow,4.03,4.35,0.8052857142857144,0.052714285714285714,0.029428571428571425,1,1
T10742,17FT,Mumbai,5.25,4.211428571428572,0.8868571428571429,0.045,0.02342857142857143,1,1
T10743,40FT,Kolkata,22.58,3.9785714285714286,0.893,0.04414285714285714,0.022857142857142857,1,1
T10744,32FT,Lucknow,16.46,4.3185714285714285,0.8737142857142857,0.04985714285714286,0.03471428571428571,1,1
T10745,LCV,Delhi,3.14,4.235714285714286,0.967,0.05657142857142857,0.03457142857142857,1,0
T10746,32FT,Delhi,16.74,4.345714285714286,0.8654285714285714,0.062142857142857146,0.026428571428571433,1,1
T10747,Tata 407,Hyderabad,3.49,4.385714285714285,0.8767142857142857,0.029857142857142856,0.054142857142857145,1,1
T10748,Tata 407,Lucknow,4.39,4.538571428571428,0.8564285714285714,0.07185714285714286,0.04,1,1
T10749,40FT,Pune,18.76,4.491428571428571,0.8118571428571428,0.07428571428571429,0.045714285714285714,1,1
T10750,Tata 407,Bengaluru,3.01,4.14,0.8602857142857143,0.057,0.021714285714285714,1,1
T10751,Tata 407,Kolkata,4.04,4.377142857142857,0.8267142857142857,0.03357142857142857,0.015428571428571429,1,1
T10752,32FT,Lucknow,15.69,4.444285714285714,0.8974285714285715,0.04357142857142857,0.026,1,1
T10753,LCV,Bengaluru,2.42,4.164285714285714,0.9357142857142857,0.06257142857142857,0.025714285714285714,1,1
T10754,32FT,Bhubaneswar,15.9,4.588571428571428,0.9055714285714286,0.09085714285714286,0.045,1,1
T10755,40FT,Bengaluru,18.2,4.445714285714286,0.8704285714285714,0.06,0.013714285714285715,1,0
T10756,Tata 407,Ahmedabad,4.99,4.332857142857143,0.9274285714285714,0.032285714285714286,0.047714285714285716,1,1
T10757,LCV,Bhubaneswar,2.17,4.361428571428571,0.8585714285714285,0.06,0.038714285714285715,1,1
T10758,LCV,Ahmedabad,2.28,4.121428571428572,0.8334285714285714,0.05757142857142857,0.02885714285714286,1,1
T10759,20FT,Kolkata,9.85,4.384285714285714,0.8784285714285714,0.03571428571428571,0.04414285714285714,1,1
T10760,40FT,Mumbai,24.26,4.537142857142857,0.8991428571428572,0.038714285714285715,0.029142857142857144,1,1
T10761,LCV,Ahmedabad,2.78,4.337142857142857,0.8564285714285714,0.02842857142857143,0.04642857142857143,0,0
T10762,32FT,Jaipur,17.37,4.587142857142857,0.9211428571428572,0.04314285714285714,0.04071428571428572,1,0
T10763,20FT,Ahmedabad,8.02,4.364285714285715,0.9418571428571428,0.06371428571428571,0.027285714285714285,1,1
T10764,32FT,Kolkata,17.04,4.425714285714286,0.8817142857142857,0.05614285714285715,0.020285714285714285,1,0
T10765,40FT,Delhi,23.45,3.937142857142857,0.8712857142857143,0.045142857142857144,0.01757142857142857,1,1
T10766,40FT,Delhi,22.98,4.241428571428571,0.8982857142857144,0.06485714285714286,0.03857142857142857,0,0
T10767,20FT,Delhi,9.45,4.402857142857143,0.8534285714285714,0.04385714285714286,0.017857142857142856,1,1
T10768,Tata 407,Delhi,3.83,4.1571428571428575,0.8547142857142856,0.04114285714285714,0.03785714285714286,1,1
T10769,17FT,Delhi,7.04,4.612857142857143,0.8518571428571429,0.06628571428571428,0.04528571428571428,1,1
T10770,40FT,Ahmedabad,21.39,4.327142857142857,0.892,0.09514285714285713,0.03357142857142857,1,1
T10771,40FT,Bengaluru,20.37,4.468571428571429,0.8695714285714286,0.08828571428571429,0.047999999999999994,1,1
T10772,32FT,Delhi,16.26,4.332857142857143,0.7685714285714286,0.066,0.02957142857142857,1,1
T10773,LCV,Jaipur,3.46,4.6085714285714285,0.9251428571428572,0.024428571428571428,0.045571428571428575,1,1
T10774,LCV,Ahmedabad,2.96,4.32,0.8705714285714287,0.06142857142857143,0.023999999999999997,1,0
T10775,17FT,Mumbai,5.92,4.008571428571429,0.908,0.05114285714285714,0.018142857142857145,1,0
T10776,40FT,Hyderabad,18.38,4.272857142857143,0.9155714285714286,0.057,0.03242857142857143,1,1
T10777,20FT,Hyderabad,9.65,4.497142857142857,0.8812857142857142,0.055142857142857146,0.045714285714285714,1,1
T10778,17FT,Bengaluru,6.03,4.121428571428572,0.8778571428571428,0.07442857142857143,0.03214285714285714,1,1
T10779,LCV,Delhi,2.04,4.432857142857143,0.9305714285714286,0.046,0.027142857142857142,1,1
T10780,32FT,Kolkata,15.96,4.24,0.9141428571428571,0.058571428571428566,0.016857142857142855,1,1
T10781,17FT,Delhi,6.55,4.085714285714286,0.8054285714285714,0.047142857142857146,0.03542857142857143,1,1
T10782,Tata 407,Bengaluru,3.39,4.317142857142858,0.8377142857142857,0.04385714285714286,0.032857142857142856,1,1
T10783,Tata 407,Bhubaneswar,4.26,4.3742857142857146,0.8945714285714287,0.053714285714285714,0.03414285714285714,1,1
T10784,40FT,Jaipur,23.72,4.414285714285714,0.9125714285714286,0.060714285714285714,0.03542857142857143,1,1
T10785,40FT,Bhubaneswar,24.26,4.13,0.8881428571428571,0.04757142857142858,0.026857142857142857,1,1
T10786,20FT,Ahmedabad,9.58,4.148571428571429,0.8448571428571429,0.05585714285714286,0.030142857142857145,0,1
T10787,17FT,Mumbai,5.63,4.367142857142857,0.869,0.06899999999999999,0.048999999999999995,1,1
T10788,20FT,Mumbai,9.14,4.285714285714286,0.873,0.07657142857142858,0.043285714285714295,1,1
T10789,Tata 407,Bengaluru,3.21,4.292857142857143,0.8790000000000001,0.04285714285714286,0.02142857142857143,1,1
T10790,20FT,Delhi,7.18,4.075714285714286,0.8697142857142858,0.033857142857142856,0.02514285714285714,1,1
T10791,LCV,Jaipur,3.57,4.192857142857143,0.83,0.06328571428571429,0.027571428571428573,1,1
T10792,32FT,Bengaluru,15.85,4.365714285714286,0.8681428571428571,0.07085714285714285,0.037571428571428575,1,1
T10793,40FT,Chennai,18.72,4.614285714285714,0.8568571428571429,0.061714285714285715,0.017285714285714286,1,0
T10794,32FT,Ahmedabad,17.92,4.507142857142857,0.841,0.07242857142857143,0.04071428571428572,0,1
T10795,40FT,Mumbai,19.05,4.564285714285714,0.8207142857142857,0.034,0.025285714285714283,1,1
T10796,LCV,Bhubaneswar,3.89,4.422857142857143,0.8961428571428571,0.06357142857142857,0.034,1,1
T10797,32FT,Chennai,15.94,4.368571428571429,0.8745714285714286,0.05128571428571428,0.031714285714285716,1,0
T10798,LCV,Bengaluru,3.47,4.135714285714285,0.755,0.05685714285714286,0.04185714285714286,1,1
T10799,17FT,Pune,7.95,4.354285714285714,0.8788571428571429,0.05228571428571428,0.028,1,1
T10800,17FT,Bengaluru,7.81,4.255714285714285,0.8345714285714286,0.05014285714285714,0.047,1,1
T10801,40FT,Chennai,18.5,4.364285714285715,0.8602857142857143,0.053,0.04271428571428571,1,1
T10802,Tata 407,Delhi,4.9,4.155714285714286,0.8952857142857142,0.086,0.054142857142857145,1,1
T10803,32FT,Bengaluru,15.49,4.5371428571428565,0.8725714285714286,0.095,0.016428571428571428,1,1
T10804,Tata 407,Mumbai,4.46,4.365714285714286,0.8922857142857142,0.040428571428571425,0.031142857142857142,1,1
T10805,20FT,Ahmedabad,8.54,4.285714285714286,0.8185714285714286,0.04014285714285715,0.04214285714285714,1,0
T10806,40FT,Jaipur,19.4,4.3342857142857145,0.9189999999999999,0.04942857142857143,0.05085714285714286,1,1
T10807,20FT,Mumbai,7.21,4.664285714285714,0.8904285714285713,0.04271428571428571,0.03842857142857143,1,1
T10808,17FT,Hyderabad,6.48,4.4799999999999995,0.9325714285714286,0.03685714285714286,0.053,1,1
T10809,LCV,Chennai,2.11,4.508571428571428,0.8694285714285714,0.06042857142857143,0.019571428571428573,1,1
T10810,Tata 407,Bengaluru,3.79,4.398571428571429,0.8294285714285714,0.06714285714285714,0.04485714285714286,1,1
T10811,32FT,Delhi,17.92,4.3914285714285715,0.8734285714285714,0.024857142857142855,0.018,1,1
T10812,Tata 407,Bhubaneswar,4.17,4.172857142857143,0.894,0.04342857142857143,0.060142857142857144,1,1
T10813,LCV,Mumbai,3.21,4.365714285714286,0.8171428571428571,0.06828571428571428,0.03671428571428571,1,1
T10814,20FT,Delhi,9.93,4.424285714285714,0.8388571428571429,0.05185714285714286,0.036571428571428574,1,1
T10815,32FT,Ahmedabad,16.94,4.224285714285714,0.8611428571428572,0.05685714285714286,0.03357142857142857,1,1
T10816,Tata 407,Delhi,3.34,4.497142857142857,0.8894285714285715,0.05885714285714285,0.026857142857142857,1,1
T10817,LCV,Delhi,3.9,4.231428571428571,0.9037142857142857,0.08357142857142856,0.024714285714285713,1,1
T10818,20FT,Mumbai,8.86,4.332857142857143,0.878,0.04971428571428571,0.038142857142857145,1,1
T10819,LCV,Delhi,3.02,4.134285714285714,0.8478571428571428,0.06785714285714287,0.03671428571428571,1,0
T10820,20FT,Delhi,7.8,4.441428571428571,0.8515714285714286,0.05114285714285714,0.03142857142857143,1,1
T10821,32FT,Kolkata,14.76,4.222857142857142,0.8542857142857143,0.031285714285714285,0.05928571428571428,1,1
T10822,20FT,Bengaluru,7.28,4.44,0.9022857142857142,0.04985714285714286,0.055285714285714285,0,1
T10823,17FT,Kolkata,6.01,4.6085714285714285,0.8704285714285714,0.06628571428571428,0.028,1,1
T10824,20FT,Lucknow,9.53,4.147142857142858,0.8727142857142857,0.05771428571428572,0.06542857142857142,1,1
T10825,17FT,Hyderabad,7.68,4.348571428571429,0.897,0.061857142857142854,0.04242857142857143,1,1
T10826,LCV,Delhi,3.44,4.482857142857143,0.8981428571428571,0.04328571428571428,0.011714285714285715,1,1
T10827,17FT,Jaipur,6.18,4.412857142857143,0.8417142857142856,0.040857142857142856,0.052,1,1
T10828,17FT,Chennai,7.75,4.324285714285714,0.8552857142857143,0.03014285714285714,0.03471428571428571,1,0
T10829,32FT,Ahmedabad,15.96,4.332857142857143,0.881,0.055142857142857146,0.041428571428571426,1,1
T10830,LCV,Mumbai,3.37,4.127142857142857,0.8630000000000001,0.05342857142857143,0.03585714285714286,1,1
T10831,40FT,Delhi,19.7,4.207142857142857,0.8507142857142858,0.07228571428571429,0.05671428571428572,1,1
T10832,LCV,Mumbai,2.64,4.224285714285714,0.8491428571428571,0.07128571428571429,0.029857142857142856,1,1
T10833,32FT,Bengaluru,16.32,4.347142857142857,0.902142857142857,0.065,0.023142857142857142,1,0
T10834,17FT,Chennai,7.55,4.34,0.8111428571428572,0.023571428571428573,0.02914285714285714,1,1
T10835,20FT,Jaipur,9.25,4.2457142857142856,0.9221428571428572,0.028714285714285716,0.02057142857142857,1,1
T10836,40FT,Chennai,22.19,4.524285714285715,0.8815714285714286,0.07585714285714286,0.03314285714285714,1,1
T10837,17FT,Delhi,7.41,4.267142857142857,0.8602857142857143,0.04628571428571428,0.03742857142857143,1,1
T10838,32FT,Ahmedabad,17.7,4.434285714285714,0.85,0.023142857142857142,0.031285714285714285,1,1
T10839,32FT,Mumbai,15.65,4.4557142857142855,0.9391428571428572,0.05971428571428572,0.04471428571428571,1,1
T10840,40FT,Chennai,23.27,4.217142857142857,0.9077142857142857,0.031285714285714285,0.019285714285714288,1,0
T10841,20FT,Mumbai,7.79,4.151428571428571,0.9057142857142857,0.056285714285714286,0.04471428571428571,1,1
T10842,Tata 407,Delhi,3.28,4.555714285714286,0.9329999999999999,0.05242857142857143,0.046142857142857145,1,1
T10843,LCV,Chennai,3.2,4.451428571428571,0.8824285714285713,0.056,0.04257142857142858,1,1
T10844,20FT,Bengaluru,9.61,4.178571428571429,0.8608571428571429,0.04342857142857143,0.039714285714285716,0,1
T10845,40FT,Chennai,23.75,4.268571428571429,0.8381428571428572,0.049999999999999996,0.04057142857142858,1,0
T10846,40FT,Kolkata,24.25,4.305714285714286,0.8527142857142858,0.04942857142857143,0.03328571428571429,0,1
T10847,17FT,Delhi,6.95,4.664285714285714,0.8348571428571429,0.05457142857142857,0.03842857142857143,1,0
T10848,Tata 407,Chennai,4.02,4.57,0.9201428571428572,0.04485714285714286,0.018142857142857145,1,1
T10849,40FT,Mumbai,18.58,4.435714285714286,0.8795714285714286,0.023285714285714288,0.02157142857142857,1,1
T10850,32FT,Hyderabad,15.13,4.377142857142857,0.8521428571428571,0.041857142857142864,0.032857142857142856,1,1
T10851,20FT,Delhi,7.42,4.035714285714286,0.9098571428571428,0.041428571428571426,0.03885714285714286,1,1
T10852,17FT,Bhubaneswar,7.51,4.3185714285714285,0.9078571428571429,0.03514285714285714,0.029714285714285714,1,0
T10853,LCV,Jaipur,3.44,4.16,0.8658571428571429,0.037571428571428575,0.06914285714285714,1,1
T10854,Tata 407,Delhi,3.52,4.537142857142857,0.8998571428571429,0.05685714285714286,0.04585714285714286,0,1
T10855,LCV,Bengaluru,3.98,4.551428571428572,0.8827142857142858,0.07671428571428572,0.01557142857142857,1,1
T10856,17FT,Delhi,7.72,4.678571428571429,0.8794285714285713,0.06471428571428571,0.024142857142857143,1,1
T10857,20FT,Mumbai,7.62,4.45,0.861,0.053,0.026571428571428572,1,1
T10858,40FT,Delhi,19.82,4.234285714285714,0.8661428571428571,0.04528571428571428,0.030857142857142857,1,1
T10859,Tata 407,Bhubaneswar,3.01,4.660000000000001,0.8938571428571428,0.04028571428571428,0.03928571428571429,1,1
T10860,20FT,Mumbai,9.03,4.128571428571428,0.8685714285714285,0.054285714285714284,0.030428571428571426,1,0
T10861,17FT,Bhubaneswar,7.71,4.5442857142857145,0.8582857142857143,0.10885714285714286,0.02614285714285714,1,0
T10862,LCV,Mumbai,3.83,4.461428571428572,0.8671428571428572,0.06371428571428571,0.022285714285714287,1,1
T10863,40FT,Delhi,19.49,4.268571428571429,0.8961428571428571,0.054142857142857145,0.037571428571428575,1,1
T10864,17FT,Bengaluru,5.9,4.2057142857142855,0.8655714285714285,0.05928571428571429,0.058857142857142865,1,1
T10865,17FT,Lucknow,7.05,4.0042857142857144,0.9154285714285714,0.03357142857142857,0.05442857142857143,1,1
T10866,LCV,Bengaluru,3.33,4.432857142857143,0.8711428571428571,0.027285714285714285,0.01685714285714286,1,1
T10867,20FT,Bengaluru,8.2,4.511428571428572,0.8822857142857143,0.05357142857142857,0.031,1,1
T10868,20FT,Mumbai,7.38,4.064285714285715,0.913,0.046142857142857145,0.026285714285714284,1,0
T10869,20FT,Jaipur,7.8,4.448571428571428,0.8648571428571429,0.06742857142857143,0.047999999999999994,1,1
T10870,LCV,Bengaluru,2.19,4.518571428571429,0.9048571428571428,0.04742857142857143,0.04242857142857143,1,1
T10871,40FT,Delhi,24.57,4.364285714285715,0.8325714285714286,0.06242857142857143,0.04285714285714286,1,1
T10872,32FT,Chennai,14.91,3.967142857142857,0.8664285714285714,0.05714285714285714,0.03542857142857143,1,1
T10873,32FT,Mumbai,17.13,4.257142857142857,0.8282857142857143,0.049571428571428565,0.03571428571428571,0,1
T10874,20FT,Bengaluru,7.84,4.354285714285714,0.8647142857142857,0.07814285714285715,0.013714285714285715,1,1
T10875,32FT,Bengaluru,15.89,4.427142857142857,0.8832857142857142,0.05657142857142857,0.03585714285714286,1,1
T10876,20FT,Hyderabad,8.79,4.315714285714286,0.8835714285714287,0.055142857142857146,0.02842857142857143,1,1
T10877,40FT,Hyderabad,18.03,4.418571428571428,0.9037142857142857,0.05071428571428571,0.02842857142857143,1,1
T10878,20FT,Mumbai,8.45,4.1814285714285715,0.8742857142857143,0.056285714285714286,0.047,1,1
T10879,LCV,Ahmedabad,2.55,4.302857142857143,0.912,0.07814285714285715,0.04742857142857143,1,1
T10880,17FT,Hyderabad,7.81,4.292857142857143,0.9344285714285715,0.04928571428571428,0.039142857142857146,1,0
T10881,20FT,Bengaluru,9.4,4.525714285714286,0.8857142857142858,0.03885714285714286,0.04271428571428571,1,1
T10882,20FT,Chennai,9.06,4.312857142857143,0.8944285714285715,0.101,0.04971428571428571,1,1
T10883,32FT,Delhi,14.56,4.345714285714285,0.9195714285714286,0.06828571428571428,0.040428571428571425,0,0
T10884,20FT,Bhubaneswar,8.05,4.341428571428572,0.8220000000000001,0.04157142857142857,0.04685714285714286,1,1
T10885,LCV,Pune,2.44,4.26,0.9067142857142857,0.046571428571428576,0.044857142857142866,1,1
T10886,20FT,Delhi,9.25,4.53,0.8665714285714285,0.029285714285714283,0.025285714285714283,1,1
T10887,20FT,Mumbai,9.36,4.381428571428572,0.9088571428571429,0.046714285714285715,0.02885714285714286,1,1
T10888,Tata 407,Mumbai,3.89,4.161428571428572,0.9169999999999999,0.03928571428571429,0.04314285714285714,1,1
T10889,20FT,Jaipur,8.81,4.3914285714285715,0.848,0.061285714285714284,0.024857142857142855,1,1
T10890,Tata 407,Bengaluru,3.99,4.241428571428572,0.8522857142857143,0.050428571428571434,0.03828571428571429,1,1
T10891,20FT,Hyderabad,7.76,4.402857142857143,0.8625714285714287,0.047857142857142855,0.04014285714285715,1,1
T10892,20FT,Bengaluru,8.0,4.45,0.9214285714285715,0.038571428571428576,0.027,1,1
T10893,32FT,Delhi,14.29,4.291428571428571,0.8495714285714285,0.07542857142857143,0.030571428571428572,1,1
T10894,LCV,Bhubaneswar,2.54,4.061428571428571,0.9311428571428572,0.03428571428571429,0.04342857142857143,1,1
T10895,Tata 407,Bhubaneswar,3.63,4.291428571428571,0.8825714285714286,0.04314285714285714,0.025714285714285714,1,1
T10896,32FT,Bengaluru,17.77,4.362857142857143,0.8947142857142857,0.08242857142857142,0.04242857142857143,1,1
T10897,32FT,Mumbai,15.13,4.182857142857143,0.819,0.06571428571428571,0.032285714285714286,1,1
T10898,Tata 407,Delhi,3.98,3.922857142857143,0.8144285714285714,0.053,0.015857142857142858,0,1
T10899,20FT,Kolkata,8.17,4.145714285714286,0.8952857142857144,0.06885714285714285,0.025857142857142856,1,0
T10900,20FT,Delhi,7.15,4.507142857142857,0.8637142857142858,0.05285714285714286,0.037142857142857144,0,0
T10901,LCV,Chennai,3.06,4.268571428571429,0.8472857142857143,0.04985714285714286,0.05157142857142857,1,0
T10902,17FT,Kolkata,6.74,4.517142857142857,0.8738571428571429,0.03371428571428571,0.037,1,1
T10903,Tata 407,Hyderabad,3.27,4.211428571428572,0.861,0.03885714285714286,0.03557142857142857,1,1
T10904,32FT,Mumbai,14.35,4.5685714285714285,0.8837142857142857,0.06414285714285714,0.04357142857142857,1,1
T10905,32FT,Delhi,16.58,3.9614285714285713,0.9317142857142857,0.04471428571428571,0.026857142857142857,1,1
T10906,LCV,Bengaluru,3.43,4.357142857142857,0.8492857142857143,0.08128571428571428,0.054285714285714284,1,1
T10907,32FT,Jaipur,16.73,4.208571428571429,0.8911428571428571,0.06714285714285714,0.052714285714285714,0,0
T10908,17FT,Mumbai,6.24,4.452857142857143,0.891,0.027571428571428573,0.04357142857142857,1,1
T10909,17FT,Delhi,5.89,4.412857142857143,0.8988571428571428,0.06257142857142857,0.037714285714285714,1,1
T10910,Tata 407,Ahmedabad,3.06,4.180000000000001,0.9045714285714286,0.058,0.044571428571428574,1,1
T10911,LCV,Mumbai,3.63,4.287142857142857,0.8710000000000001,0.07228571428571429,0.055142857142857146,1,1
T10912,LCV,Ahmedabad,3.99,4.325714285714286,0.86,0.04985714285714286,0.029428571428571425,1,1
T10913,20FT,Bengaluru,9.94,4.322857142857143,0.8644285714285714,0.07614285714285715,0.029714285714285714,1,1
T10914,17FT,Jaipur,7.41,4.332857142857143,0.8601428571428571,0.07971428571428572,0.04357142857142857,1,1
T10915,Tata 407,Bengaluru,4.75,4.2785714285714285,0.9194285714285714,0.07271428571428572,0.05114285714285714,1,1
T10916,20FT,Kolkata,10.0,4.444285714285714,0.8498571428571429,0.07771428571428572,0.026,0,1
T10917,Tata 407,Bhubaneswar,3.9,4.2628571428571425,0.8181428571428572,0.053,0.04685714285714286,1,1
T10918,Tata 407,Hyderabad,3.3,4.224285714285714,0.8744285714285714,0.05357142857142857,0.017571428571428575,1,1
T10919,32FT,Ahmedabad,17.91,4.194285714285714,0.8718571428571428,0.04057142857142857,0.017714285714285714,1,1
T10920,40FT,Bengaluru,21.54,4.1085714285714285,0.8801428571428571,0.046142857142857145,0.04857142857142858,1,1
T10921,32FT,Kolkata,14.67,4.104285714285714,0.8758571428571429,0.058571428571428566,0.041857142857142864,1,1
T10922,Tata 407,Delhi,4.34,4.45,0.843,0.07042857142857142,0.046142857142857145,0,1
T10923,40FT,Bengaluru,20.12,4.35,0.8717142857142857,0.04528571428571428,0.03528571428571429,1,1
T10924,Tata 407,Kolkata,3.75,4.477142857142857,0.932,0.05257142857142857,0.026,1,1
T10925,32FT,Chennai,16.25,4.2057142857142855,0.9117142857142857,0.06499999999999999,0.03557142857142857,1,1
T10926,32FT,Jaipur,15.18,4.304285714285714,0.8301428571428572,0.037,0.03257142857142857,1,1
T10927,20FT,Delhi,9.05,4.285714285714286,0.8995714285714286,0.04442857142857143,0.04328571428571428,1,1
T10928,32FT,Delhi,15.15,4.261428571428572,0.9108571428571429,0.039,0.039857142857142855,1,1
T10929,40FT,Bengaluru,22.44,4.234285714285714,0.9011428571428571,0.05242857142857143,0.037714285714285714,1,1
T10930,Tata 407,Mumbai,4.84,4.411428571428571,0.9218571428571429,0.05814285714285715,0.041428571428571426,1,1
T10931,Tata 407,Mumbai,3.29,4.567142857142857,0.8384285714285714,0.07657142857142858,0.016142857142857143,1,1
T10932,17FT,Delhi,5.14,4.267142857142857,0.8924285714285715,0.05342857142857143,0.02642857142857143,1,1
T10933,40FT,Hyderabad,21.64,4.137142857142857,0.8932857142857143,0.056,0.029714285714285714,1,1
T10934,20FT,Kolkata,8.45,4.295714285714285,0.824,0.06985714285714285,0.03271428571428572,1,0
T10935,40FT,Jaipur,23.3,4.357142857142857,0.9088571428571429,0.04757142857142858,0.02157142857142857,1,1
T10936,Tata 407,Delhi,4.72,4.477142857142857,0.8428571428571429,0.046142857142857145,0.04185714285714286,1,0
T10937,Tata 407,Mumbai,3.93,4.357142857142857,0.9218571428571429,0.06899999999999999,0.06114285714285715,0,1
T10938,17FT,Mumbai,6.08,4.418571428571428,0.9052857142857142,0.04814285714285715,0.026714285714285715,1,0
T10939,40FT,Chennai,22.67,3.9971428571428573,0.8961428571428571,0.04171428571428572,0.03428571428571429,1,1
T10940,20FT,Bhubaneswar,9.04,4.598571428571428,0.9255714285714286,0.060714285714285714,0.024714285714285713,1,1
T10941,Tata 407,Kolkata,4.87,4.12,0.8691428571428571,0.05385714285714286,0.04642857142857143,1,1
T10942,32FT,Bhubaneswar,17.79,4.381428571428572,0.8944285714285715,0.052714285714285714,0.031,1,1
T10943,32FT,Hyderabad,16.54,4.362857142857143,0.9059999999999999,0.074,0.030714285714285715,1,1
T10944,LCV,Jaipur,2.35,4.405714285714286,0.9007142857142857,0.07142857142857142,0.019714285714285715,1,1
T10945,17FT,Kolkata,7.05,4.2542857142857144,0.8674285714285714,0.06971428571428571,0.03457142857142857,1,1
T10946,Tata 407,Hyderabad,4.28,4.252857142857143,0.8735714285714286,0.04914285714285714,0.02142857142857143,0,1
T10947,17FT,Bengaluru,5.35,4.39,0.9082857142857143,0.03842857142857142,0.031142857142857142,1,1
T10948,17FT,Hyderabad,7.77,4.442857142857143,0.8684285714285714,0.06028571428571429,0.02342857142857143,1,1
T10949,32FT,Chennai,14.01,4.281428571428571,0.8008571428571428,0.09557142857142856,0.03685714285714286,1,1
T10950,17FT,Lucknow,5.24,4.37,0.8548571428571429,0.03685714285714286,0.02142857142857143,1,1
T10951,17FT,Hyderabad,7.67,4.4799999999999995,0.8351428571428572,0.049999999999999996,0.03371428571428572,0,1
T10952,20FT,Ahmedabad,7.46,4.43,0.867,0.07242857142857143,0.04014285714285714,1,1
T10953,32FT,Pune,14.08,4.518571428571429,0.845,0.052714285714285714,0.04985714285714286,1,0
T10954,20FT,Chennai,9.19,4.484285714285714,0.8612857142857143,0.0662857142857143,0.02014285714285714,1,1
T10955,40FT,Mumbai,22.09,4.418571428571428,0.8632857142857143,0.08014285714285714,0.04542857142857143,1,1
T10956,40FT,Bengaluru,22.32,4.464285714285714,0.8905714285714286,0.03557142857142857,0.026,1,1
T10957,40FT,Mumbai,20.54,4.312857142857142,0.9174285714285714,0.04057142857142857,0.028,1,1
T10958,LCV,Kolkata,3.47,4.428571428571429,0.9244285714285715,0.05742857142857143,0.03557142857142857,1,1
T10959,17FT,Ahmedabad,7.83,4.2785714285714285,0.8661428571428571,0.053714285714285714,0.028,1,1
T10960,Tata 407,Bhubaneswar,4.73,4.177142857142857,0.8891428571428571,0.061714285714285715,0.045,1,1
T10961,17FT,Pune,6.33,4.351428571428571,0.8907142857142858,0.08914285714285715,0.02157142857142857,1,1
T10962,32FT,Bengaluru,16.65,4.135714285714286,0.909,0.06385714285714286,0.022285714285714287,1,1
T10963,LCV,Chennai,2.75,4.515714285714286,0.8611428571428572,0.05357142857142857,0.031428571428571424,1,1
T10964,20FT,Mumbai,8.91,4.437142857142858,0.8461428571428572,0.05185714285714286,0.04185714285714286,0,1
T10965,17FT,Chennai,6.84,4.435714285714286,0.8517142857142856,0.04,0.03457142857142857,1,1
T10966,40FT,Mumbai,22.36,4.2057142857142855,0.8998571428571428,0.04314285714285714,0.04414285714285714,1,1
T10967,40FT,Mumbai,23.93,4.507142857142857,0.8958571428571428,0.04057142857142858,0.028714285714285713,1,1
T10968,17FT,Kolkata,7.88,4.63,0.8941428571428572,0.05114285714285714,0.032857142857142856,1,1
T10969,20FT,Ahmedabad,7.34,4.434285714285714,0.8634285714285713,0.054285714285714284,0.020142857142857146,1,0
T10970,17FT,Mumbai,7.96,4.324285714285714,0.9185714285714285,0.07414285714285715,0.05071428571428571,1,1
T10971,32FT,Mumbai,17.04,4.107142857142857,0.8382857142857143,0.08642857142857142,0.02742857142857143,1,1
T10972,32FT,Bhubaneswar,14.31,4.264285714285714,0.7645714285714286,0.06257142857142857,0.031857142857142855,1,1
T10973,32FT,Mumbai,16.27,4.378571428571428,0.7777142857142857,0.05771428571428572,0.04371428571428571,1,1
T10974,Tata 407,Hyderabad,4.18,4.215714285714285,0.8948571428571429,0.049999999999999996,0.021142857142857147,1,1
T10975,LCV,Bengaluru,3.44,4.041428571428571,0.8808571428571429,0.05171428571428571,0.021714285714285714,1,1
T10976,20FT,Delhi,7.12,4.197142857142857,0.8988571428571428,0.0672857142857143,0.014285714285714287,1,0
T10977,40FT,Lucknow,22.99,4.302857142857143,0.8911428571428571,0.0662857142857143,0.05128571428571428,1,0
T10978,20FT,Kolkata,7.05,4.28,0.7898571428571428,0.03957142857142858,0.03785714285714286,1,0
T10979,LCV,Hyderabad,3.15,4.502857142857143,0.8614285714285714,0.05842857142857143,0.027285714285714285,1,0
T10980,40FT,Delhi,23.39,4.3028571428571425,0.8894285714285715,0.03242857142857143,0.03542857142857143,1,1
T10981,LCV,Bengaluru,3.46,4.031428571428571,0.8630000000000001,0.06671428571428571,0.03514285714285714,1,1
T10982,17FT,Jaipur,6.93,4.228571428571429,0.8858571428571429,0.05185714285714286,0.024857142857142855,1,1
T10983,32FT,Ahmedabad,16.4,4.045714285714285,0.899,0.053714285714285714,0.052714285714285714,1,1
T10984,32FT,Mumbai,16.6,4.438571428571429,0.8894285714285715,0.07457142857142858,0.017857142857142856,1,1
T10985,LCV,Delhi,2.72,4.595714285714286,0.8582857142857143,0.038714285714285715,0.06842857142857144,1,1
T10986,LCV,Jaipur,2.7,4.582857142857143,0.9199999999999999,0.07442857142857143,0.030428571428571426,1,1
T10987,17FT,Kolkata,7.68,4.21,0.8021428571428572,0.055142857142857146,0.04528571428571428,0,1
T10988,LCV,Delhi,2.54,4.482857142857143,0.8367142857142857,0.052142857142857144,0.03214285714285714,1,1
T10989,40FT,Hyderabad,24.4,4.408571428571428,0.8638571428571428,0.048999999999999995,0.03328571428571429,1,1
T10990,17FT,Pune,5.27,3.9414285714285713,0.8502857142857143,0.07285714285714286,0.03342857142857143,1,1
T10991,LCV,Bengaluru,3.08,4.285714285714286,0.8918571428571429,0.04714285714285714,0.038571428571428576,0,1
T10992,40FT,Delhi,21.76,4.538571428571429,0.8525714285714285,0.06614285714285714,0.020999999999999998,1,1
T10993,LCV,Chennai,3.03,4.271428571428571,0.8384285714285714,0.08271428571428571,0.05942857142857143,1,1
T10994,40FT,Delhi,21.46,4.597142857142857,0.8747142857142858,0.054285714285714284,0.028428571428571425,1,1
T10995,Tata 407,Bengaluru,4.88,4.155714285714286,0.9174285714285714,0.07542857142857143,0.027714285714285716,1,1
T10996,Tata 407,Kolkata,4.09,4.2942857142857145,0.8955714285714286,0.031857142857142855,0.046571428571428576,1,1
T10997,Tata 407,Ahmedabad,4.82,4.224285714285714,0.8898571428571429,0.07171428571428572,0.037,0,1
T10998,32FT,Kolkata,14.38,4.088571428571429,0.915,0.05542857142857143,0.04271428571428571,1,0
T10999,20FT,Pune,8.83,4.3342857142857145,0.8672857142857142,0.075,0.020714285714285716,1,1
T11000,32FT,Hyderabad,14.71,4.3100000000000005,0.8605714285714285,0.031857142857142855,0.030285714285714284,1,1
T11001,17FT,Ahmedabad,5.56,4.2542857142857144,0.8551428571428571,0.07457142857142858,0.039142857142857146,0,1
T11002,20FT,Kolkata,8.97,4.477142857142857,0.9344285714285715,0.06242857142857143,0.04442857142857143,1,1
T11003,17FT,Mumbai,5.41,4.277142857142857,0.9234285714285715,0.04914285714285714,0.06728571428571428,1,1
T11004,40FT,Delhi,22.86,4.034285714285714,0.843,0.054714285714285715,0.023,1,0
T11005,Tata 407,Hyderabad,3.51,4.554285714285714,0.8088571428571428,0.05257142857142857,0.026857142857142857,1,1
T11006,32FT,Jaipur,15.48,4.1257142857142854,0.8824285714285713,0.05928571428571428,0.05828571428571428,1,0
T11007,32FT,Bhubaneswar,16.61,4.148571428571429,0.8638571428571428,0.030285714285714284,0.04871428571428572,1,1
T11008,LCV,Kolkata,3.89,4.234285714285714,0.8248571428571428,0.050571428571428566,0.04599999999999999,0,1
T11009,32FT,Bhubaneswar,16.59,4.638571428571429,0.8887142857142857,0.08228571428571428,0.03357142857142857,1,1
T11010,17FT,Chennai,5.08,4.441428571428571,0.877,0.05671428571428572,0.023571428571428573,1,1
T11011,20FT,Kolkata,7.56,4.467142857142857,0.8458571428571429,0.038142857142857145,0.013285714285714286,1,1
T11012,20FT,Mumbai,7.9,4.222857142857142,0.8302857142857143,0.031142857142857142,0.02742857142857143,1,1
T11013,LCV,Delhi,2.55,4.414285714285714,0.9,0.051,0.03414285714285714,1,1
T11014,40FT,Mumbai,23.64,4.3100000000000005,0.8765714285714286,0.054142857142857145,0.02514285714285714,1,1
T11015,Tata 407,Mumbai,3.46,4.609999999999999,0.89,0.06671428571428571,0.04642857142857143,1,1
T11016,17FT,Bengaluru,6.37,4.46,0.8114285714285714,0.05557142857142857,0.023142857142857142,1,0
T11017,LCV,Mumbai,3.9,4.57,0.8542857142857143,0.049428571428571426,0.022285714285714287,1,1
T11018,32FT,Bengaluru,15.34,4.3100000000000005,0.8470000000000001,0.055285714285714285,0.02957142857142857,1,1
T11019,20FT,Chennai,8.34,4.527142857142858,0.8778571428571428,0.040428571428571425,0.045714285714285714,0,1
T11020,32FT,Mumbai,17.12,4.365714285714286,0.8778571428571428,0.054,0.033999999999999996,1,1
T11021,Tata 407,Delhi,3.82,4.45,0.8668571428571428,0.052714285714285714,0.02457142857142857,1,1
T11022,32FT,Chennai,17.02,4.527142857142857,0.8841428571428571,0.05671428571428572,0.029285714285714283,1,1
T11023,LCV,Bhubaneswar,3.68,4.1,0.8622857142857142,0.04342857142857143,0.03614285714285714,1,1
T11024,40FT,Bengaluru,22.34,4.3914285714285715,0.8664285714285714,0.06428571428571428,0.018285714285714287,1,1
T11025,17FT,Mumbai,6.93,4.422857142857143,0.8607142857142858,0.04785714285714286,0.04228571428571428,1,1
T11026,20FT,Jaipur,9.05,4.5128571428571425,0.8575714285714285,0.03328571428571429,0.03628571428571429,0,0
T11027,32FT,Mumbai,14.77,4.162857142857143,0.8655714285714285,0.062142857142857146,0.03942857142857143,1,1
T11028,17FT,Chennai,5.41,4.424285714285714,0.886,0.07914285714285715,0.03157142857142857,1,1
T11029,LCV,Bengaluru,3.34,4.191428571428571,0.8410000000000001,0.045,0.051,1,0
T11030,20FT,Lucknow,7.65,4.222857142857142,0.9067142857142857,0.06471428571428571,0.049428571428571426,1,1
T11031,17FT,Bengaluru,6.25,4.042857142857143,0.8428571428571429,0.046142857142857145,0.03614285714285714,1,1
T11032,40FT,Kolkata,18.83,4.37,0.9321428571428572,0.04442857142857143,0.03528571428571429,1,1
T11033,17FT,Ahmedabad,7.53,4.434285714285714,0.8827142857142858,0.06314285714285714,0.029428571428571425,1,1
T11034,40FT,Jaipur,24.5,4.535714285714286,0.8492857142857143,0.05285714285714286,0.038714285714285715,1,1
T11035,32FT,Kolkata,16.23,4.224285714285714,0.864,0.06471428571428571,0.02557142857142857,1,1
T11036,Tata 407,Delhi,4.07,4.198571428571428,0.8681428571428571,0.059857142857142866,0.05285714285714286,1,0
T11037,LCV,Delhi,3.17,4.535714285714286,0.897,0.04542857142857143,0.045142857142857144,1,1
T11038,20FT,Mumbai,9.2,4.315714285714286,0.8971428571428571,0.05828571428571429,0.05785714285714285,1,1
T11039,LCV,Delhi,3.04,4.5200000000000005,0.9055714285714286,0.07285714285714286,0.053142857142857144,1,1
T11040,LCV,Mumbai,2.58,4.421428571428572,0.8285714285714285,0.06257142857142857,0.047999999999999994,1,1
T11041,32FT,Bengaluru,15.02,4.397142857142858,0.8645714285714285,0.04985714285714286,0.030428571428571426,1,1
T11042,40FT,Mumbai,23.15,4.467142857142857,0.8431428571428572,0.054,0.04814285714285715,1,1
T11043,32FT,Delhi,14.2,4.214285714285714,0.8734285714285714,0.07157142857142858,0.037142857142857144,1,1
T11044,40FT,Delhi,24.57,4.21,0.9472857142857143,0.09071428571428572,0.025857142857142856,1,1
T11045,32FT,Delhi,15.84,4.312857142857143,0.888,0.03471428571428571,0.041428571428571426,1,0
T11046,LCV,Bengaluru,3.1,4.4157142857142855,0.9058571428571429,0.07457142857142858,0.04871428571428571,1,1
T11047,LCV,Kolkata,2.95,4.0842857142857145,0.8992857142857142,0.07357142857142858,0.03314285714285715,1,1
T11048,20FT,Delhi,7.46,4.317142857142857,0.8774285714285714,0.045,0.03157142857142857,0,1
T11049,40FT,Delhi,19.62,4.2457142857142856,0.8422857142857143,0.06499999999999999,0.027,1,1
T11050,17FT,Lucknow,5.85,4.38,0.8352857142857142,0.08399999999999999,0.04757142857142858,1,0
T11051,40FT,Delhi,18.68,4.227142857142857,0.8868571428571429,0.030142857142857145,0.04342857142857143,1,1
T11052,17FT,Lucknow,6.24,4.0842857142857145,0.9202857142857143,0.05157142857142857,0.03642857142857143,1,1
T11053,20FT,Bhubaneswar,8.01,4.277142857142857,0.8302857142857143,0.058428571428571434,0.047,1,1
T11054,17FT,Jaipur,5.48,4.378571428571428,0.8485714285714285,0.06385714285714286,0.03928571428571429,1,1
T11055,Tata 407,Lucknow,4.57,4.477142857142857,0.8451428571428572,0.026857142857142857,0.031285714285714285,1,1
T11056,17FT,Delhi,6.29,4.168571428571428,0.8832857142857142,0.06028571428571429,0.029428571428571425,0,1
T11057,40FT,Kolkata,23.73,4.12,0.9098571428571428,0.05642857142857143,0.03371428571428572,1,1
T11058,Tata 407,Chennai,4.12,4.114285714285715,0.918,0.06999999999999999,0.029428571428571432,1,1
T11059,LCV,Bhubaneswar,2.83,4.268571428571429,0.8654285714285714,0.06514285714285714,0.02985714285714286,1,1
T11060,32FT,Jaipur,15.06,4.4314285714285715,0.9122857142857143,0.059571428571428574,0.03242857142857143,1,1
T11061,32FT,Bengaluru,15.57,4.217142857142857,0.9387142857142857,0.04028571428571429,0.021857142857142856,1,1
T11062,LCV,Delhi,3.47,4.2371428571428575,0.8979999999999999,0.06628571428571428,0.023571428571428573,1,1
T11063,17FT,Jaipur,7.0,4.5285714285714285,0.8385714285714286,0.03457142857142857,0.018571428571428572,1,1
T11064,40FT,Delhi,22.06,4.394285714285714,0.8528571428571429,0.07785714285714286,0.023,1,0
T11065,40FT,Pune,21.7,4.35,0.878,0.06414285714285714,0.054714285714285715,1,1
T11066,Tata 407,Mumbai,4.35,4.148571428571429,0.8814285714285715,0.04071428571428572,0.027714285714285716,1,1
T11067,17FT,Bengaluru,5.68,4.37,0.8602857142857143,0.052142857142857144,0.04228571428571428,1,1
T11068,Tata 407,Mumbai,4.33,4.2871428571428565,0.8958571428571428,0.052,0.033857142857142856,1,1
T11069,32FT,Delhi,16.75,4.115714285714286,0.8575714285714285,0.07942857142857143,0.031,1,1
T11070,LCV,Kolkata,2.74,4.4314285714285715,0.8915714285714286,0.08757142857142856,0.027857142857142858,1,1
T11071,LCV,Bengaluru,3.05,4.0128571428571425,0.9007142857142857,0.045142857142857144,0.03942857142857143,1,1
T11072,20FT,Delhi,8.75,4.368571428571428,0.8102857142857143,0.05242857142857143,0.025,1,1
T11073,LCV,Lucknow,3.42,4.388571428571429,0.9278571428571428,0.046285714285714284,0.02142857142857143,1,1
T11074,20FT,Mumbai,8.79,4.002857142857143,0.8490000000000001,0.08357142857142859,0.011142857142857144,1,1
T11075,LCV,Lucknow,2.89,4.378571428571428,0.9172857142857144,0.037571428571428575,0.02342857142857143,1,1
T11076,17FT,Delhi,6.58,4.204285714285715,0.9034285714285714,0.056428571428571425,0.03314285714285715,1,1
T11077,LCV,Delhi,3.65,4.261428571428572,0.9027142857142857,0.06685714285714285,0.03328571428571429,1,1
T11078,LCV,Pune,2.33,4.541428571428571,0.8387142857142857,0.03514285714285714,0.04057142857142857,0,1
T11079,20FT,Kolkata,8.35,4.325714285714286,0.8397142857142857,0.04757142857142856,0.033999999999999996,1,1
T11080,17FT,Delhi,5.63,4.2700000000000005,0.8702857142857143,0.06585714285714285,0.030571428571428572,1,1
T11081,17FT,Ahmedabad,5.46,4.211428571428572,0.822,0.06314285714285714,0.025857142857142856,0,1
T11082,17FT,Bengaluru,5.29,4.302857142857143,0.8602857142857143,0.088,0.033857142857142856,1,1
T11083,32FT,Pune,14.49,4.492857142857143,0.8602857142857143,0.05457142857142857,0.02742857142857143,1,1
T11084,Tata 407,Pune,3.72,4.204285714285715,0.8005714285714286,0.04285714285714286,0.029428571428571432,1,1
T11085,LCV,Kolkata,3.56,4.534285714285715,0.8524285714285714,0.046714285714285715,0.01057142857142857,1,1
T11086,40FT,Delhi,24.63,4.175714285714286,0.8637142857142858,0.05728571428571429,0.052714285714285714,1,1
T11087,40FT,Bhubaneswar,19.23,4.332857142857143,0.8922857142857143,0.056285714285714286,0.02428571428571429,1,0
T11088,40FT,Pune,20.2,4.7299999999999995,0.9167142857142857,0.06285714285714286,0.029,1,1
T11089,LCV,Ahmedabad,3.7,4.075714285714286,0.9058571428571429,0.03928571428571428,0.015714285714285715,1,1
T11090,32FT,Jaipur,17.17,4.404285714285714,0.9511428571428572,0.09214285714285715,0.030285714285714284,1,1
T11091,Tata 407,Delhi,4.16,4.177142857142857,0.869,0.109,0.030714285714285715,1,1
T11092,20FT,Bengaluru,7.84,4.0685714285714285,0.9438571428571428,0.05357142857142857,0.027142857142857142,1,1
T11093,32FT,Ahmedabad,14.15,4.098571428571429,0.859,0.053285714285714283,0.030428571428571426,1,1
T11094,20FT,Kolkata,9.61,4.494285714285715,0.8752857142857142,0.06785714285714285,0.02214285714285714,1,1
T11095,17FT,Bengaluru,6.86,4.394285714285714,0.9104285714285715,0.038714285714285715,0.027142857142857142,1,1
T11096,20FT,Ahmedabad,7.65,4.3028571428571425,0.8932857142857143,0.06571428571428571,0.028428571428571425,1,1
T11097,20FT,Mumbai,7.99,4.452857142857143,0.9717142857142856,0.07214285714285715,0.029857142857142856,1,0
T11098,Tata 407,Bengaluru,4.97,4.168571428571428,0.822,0.086,0.041999999999999996,1,1
T11099,Tata 407,Chennai,3.91,4.261428571428572,0.8918571428571429,0.06028571428571428,0.016571428571428574,1,1
T11100,40FT,Bengaluru,23.42,4.131428571428572,0.8794285714285713,0.04885714285714286,0.04157142857142858,1,1
T11101,17FT,Delhi,7.62,4.267142857142857,0.8715714285714286,0.04828571428571428,0.036571428571428574,1,1
T11102,20FT,Kolkata,8.0,4.418571428571428,0.886,0.028285714285714286,0.01657142857142857,0,1
T11103,Tata 407,Delhi,4.97,4.215714285714285,0.9302857142857144,0.052142857142857144,0.03742857142857143,1,1
T11104,20FT,Chennai,8.97,4.475714285714285,0.9122857142857143,0.049571428571428565,0.04757142857142858,1,1
T11105,40FT,Mumbai,23.92,4.302857142857143,0.8692857142857143,0.04285714285714286,0.04342857142857143,1,1
T11106,Tata 407,Bengaluru,3.53,4.485714285714286,0.9111428571428571,0.030000000000000002,0.041,1,0
T11107,20FT,Delhi,7.2,4.575714285714286,0.8789999999999999,0.06585714285714286,0.03885714285714286,0,1
T11108,32FT,Jaipur,16.77,4.0285714285714285,0.8862857142857142,0.04257142857142857,0.018571428571428572,1,1
T11109,32FT,Ahmedabad,16.61,4.13,0.8281428571428571,0.04814285714285714,0.040428571428571425,1,1
T11110,Tata 407,Hyderabad,3.98,4.494285714285715,0.8677142857142857,0.05171428571428571,0.029857142857142856,1,1
T11111,LCV,Delhi,3.71,4.448571428571428,0.9262857142857143,0.04914285714285715,0.049428571428571426,0,1
T11112,20FT,Jaipur,7.99,4.0442857142857145,0.8772857142857143,0.07242857142857143,0.03828571428571429,1,1
T11113,LCV,Mumbai,2.42,4.057142857142857,0.8904285714285715,0.06757142857142857,0.03357142857142857,0,1
T11114,20FT,Ahmedabad,8.55,4.26,0.9074285714285715,0.04471428571428571,0.03742857142857143,1,1
T11115,LCV,Delhi,3.83,4.207142857142857,0.924,0.10014285714285713,0.02142857142857143,1,0
T11116,LCV,Ahmedabad,3.2,3.987142857142857,0.8255714285714285,0.048428571428571425,0.03557142857142857,0,1
T11117,LCV,Pune,2.55,4.394285714285714,0.866,0.053714285714285714,0.023285714285714288,1,1
T11118,LCV,Hyderabad,3.04,4.542857142857143,0.873,0.026857142857142857,0.02742857142857143,0,1
T11119,40FT,Delhi,24.77,4.537142857142857,0.9262857142857143,0.06514285714285714,0.020714285714285713,1,0
T11120,20FT,Delhi,8.91,4.437142857142857,0.893,0.02642857142857143,0.03557142857142857,1,1
T11121,17FT,Delhi,7.89,4.374285714285714,0.8604285714285714,0.048,0.039,1,1
T11122,20FT,Bengaluru,9.56,4.402857142857143,0.865,0.04985714285714286,0.015857142857142858,1,1
T11123,40FT,Hyderabad,19.01,4.392857142857143,0.8764285714285714,0.09442857142857143,0.029,1,1
T11124,40FT,Delhi,23.66,4.337142857142857,0.924,0.03685714285714286,0.026714285714285715,0,1
T11125,LCV,Mumbai,3.62,4.674285714285714,0.8550000000000001,0.10642857142857143,0.06157142857142857,1,1
T11126,LCV,Bengaluru,2.93,4.2057142857142855,0.8845714285714286,0.10228571428571429,0.03557142857142857,1,1
T11127,17FT,Hyderabad,6.56,4.467142857142857,0.937142857142857,0.03542857142857143,0.04342857142857143,1,0
T11128,40FT,Bengaluru,20.19,4.301428571428572,0.8962857142857142,0.09771428571428571,0.031857142857142855,1,1
T11129,Tata 407,Delhi,3.17,4.5442857142857145,0.9152857142857143,0.058428571428571434,0.011571428571428571,1,1
T11130,40FT,Chennai,23.82,4.332857142857143,0.8144285714285714,0.024428571428571428,0.014,1,1
T11131,LCV,Mumbai,2.64,4.622857142857143,0.9098571428571428,0.05757142857142857,0.029428571428571425,1,1
T11132,40FT,Kolkata,18.47,4.314285714285714,0.8365714285714285,0.053142857142857144,0.029714285714285717,1,1
T11133,40FT,Mumbai,21.32,4.057142857142858,0.9052857142857142,0.079,0.032857142857142856,1,1
T11134,Tata 407,Bengaluru,3.85,4.095714285714286,0.9112857142857143,0.03928571428571429,0.025714285714285714,1,1
T11135,32FT,Bengaluru,16.27,4.22,0.8982857142857144,0.038142857142857145,0.022714285714285715,1,1
T11136,17FT,Lucknow,6.67,4.291428571428571,0.8364285714285715,0.048428571428571425,0.07042857142857142,1,1
T11137,LCV,Kolkata,3.09,4.622857142857143,0.8534285714285714,0.03614285714285714,0.04242857142857143,1,0
T11138,32FT,Bengaluru,18.0,4.394285714285714,0.8347142857142857,0.074,0.02842857142857143,1,1
T11139,40FT,Delhi,24.35,4.502857142857143,0.9304285714285714,0.04242857142857143,0.027285714285714285,1,1
T11140,20FT,Chennai,9.92,4.272857142857143,0.9407142857142857,0.03971428571428571,0.011714285714285715,1,1
T11141,Tata 407,Hyderabad,3.26,4.327142857142857,0.8641428571428571,0.11585714285714287,0.030571428571428572,1,1
T11142,Tata 407,Chennai,3.02,4.368571428571428,0.888,0.07585714285714286,0.023857142857142858,0,1
T11143,Tata 407,Chennai,4.21,4.307142857142857,0.9127142857142857,0.06899999999999999,0.027857142857142858,1,0
T11144,32FT,Delhi,14.3,4.314285714285715,0.8432857142857143,0.041,0.028999999999999998,1,0
T11145,32FT,Kolkata,16.66,4.398571428571429,0.8494285714285714,0.06342857142857143,0.03214285714285715,0,1
T11146,40FT,Lucknow,20.48,4.351428571428571,0.9024285714285715,0.038714285714285715,0.04485714285714286,1,1
T11147,20FT,Ahmedabad,9.48,4.362857142857143,0.8992857142857142,0.06057142857142857,0.05828571428571429,1,1
T11148,40FT,Delhi,24.45,4.447142857142857,0.820857142857143,0.031857142857142855,0.03571428571428571,1,1
T11149,32FT,Mumbai,14.57,4.5685714285714285,0.8595714285714285,0.03542857142857143,0.026,1,1
T11150,20FT,Hyderabad,8.98,4.311428571428571,0.8390000000000001,0.0962857142857143,0.029714285714285714,1,0
T11151,LCV,Lucknow,2.64,4.387142857142857,0.8558571428571428,0.09085714285714286,0.026714285714285715,1,0
T11152,LCV,Lucknow,2.34,4.5685714285714285,0.9124285714285715,0.07157142857142858,0.019,0,1
T11153,32FT,Delhi,17.4,4.371428571428572,0.8312857142857143,0.05014285714285714,0.03485714285714286,1,1
T11154,32FT,Bengaluru,14.41,4.261428571428572,0.8310000000000001,0.047142857142857146,0.03628571428571429,1,1
T11155,32FT,Chennai,17.8,4.551428571428572,0.8831428571428572,0.08571428571428572,0.039714285714285716,1,1
T11156,LCV,Jaipur,3.29,4.24,0.9115714285714286,0.07142857142857142,0.05728571428571428,1,1
T11157,32FT,Mumbai,16.37,4.574285714285714,0.8742857142857143,0.06942857142857142,0.04071428571428571,1,1
T11158,20FT,Mumbai,9.15,4.0285714285714285,0.8557142857142858,0.046714285714285715,0.03257142857142857,1,1
T11159,40FT,Delhi,19.41,4.46,0.8587142857142858,0.06571428571428571,0.014857142857142857,1,1
T11160,40FT,Bengaluru,22.28,4.212857142857143,0.9281428571428572,0.07671428571428572,0.03742857142857143,1,1
T11161,Tata 407,Delhi,3.17,4.285714285714286,0.8622857142857142,0.045714285714285714,0.026714285714285715,0,1
T11162,40FT,Bhubaneswar,23.05,4.598571428571428,0.8797142857142857,0.06385714285714286,0.025857142857142856,1,1
T11163,17FT,Kolkata,5.79,4.174285714285714,0.8464285714285714,0.056,0.048999999999999995,1,1
T11164,Tata 407,Hyderabad,4.66,4.551428571428572,0.8715714285714286,0.04042857142857143,0.028571428571428574,1,1
T11165,32FT,Ahmedabad,17.33,4.231428571428571,0.8867142857142857,0.045,0.03142857142857143,1,1
T11166,32FT,Chennai,14.61,4.578571428571428,0.838,0.06842857142857142,0.03585714285714286,0,1
T11167,40FT,Delhi,23.32,4.478571428571429,0.8467142857142856,0.06057142857142857,0.017285714285714286,1,1
T11168,LCV,Ahmedabad,2.13,4.640000000000001,0.8514285714285714,0.05428571428571429,0.03628571428571429,1,1
T11169,LCV,Chennai,3.8,4.312857142857143,0.865,0.06271428571428571,0.02885714285714286,1,1
T11170,32FT,Delhi,14.55,4.128571428571428,0.8631428571428571,0.07785714285714285,0.023714285714285716,1,1
T11171,Tata 407,Kolkata,3.31,4.394285714285714,0.8484285714285714,0.07071428571428572,0.021857142857142856,1,0
T11172,LCV,Jaipur,3.36,4.102857142857142,0.8574285714285714,0.06971428571428571,0.04157142857142857,1,1
T11173,20FT,Hyderabad,7.02,4.301428571428572,0.8637142857142858,0.05614285714285715,0.041428571428571426,1,1
T11174,20FT,Chennai,8.02,4.505714285714285,0.8865714285714287,0.07342857142857143,0.047,1,1
T11175,32FT,Pune,17.03,4.335714285714286,0.8624285714285714,0.047285714285714285,0.01942857142857143,1,1
T11176,Tata 407,Bhubaneswar,3.71,4.428571428571429,0.9394285714285714,0.06057142857142857,0.061285714285714284,1,1
T11177,32FT,Bhubaneswar,17.24,4.247142857142857,0.8397142857142857,0.063,0.018857142857142857,1,1
T11178,32FT,Hyderabad,17.62,4.282857142857143,0.7952857142857143,0.05114285714285714,0.037714285714285714,1,0
T11179,17FT,Delhi,5.7,4.412857142857143,0.9082857142857144,0.017857142857142856,0.023714285714285716,1,1
T11180,40FT,Chennai,23.0,4.1,0.846,0.055714285714285716,0.03157142857142857,1,1
T11181,Tata 407,Hyderabad,3.44,4.341428571428572,0.8734285714285714,0.03471428571428571,0.020714285714285716,1,0
T11182,17FT,Kolkata,5.45,4.424285714285714,0.8724285714285714,0.05485714285714286,0.03728571428571429,1,0
T11183,17FT,Delhi,7.33,4.668571428571428,0.8875714285714286,0.07271428571428572,0.046142857142857145,1,1
T11184,20FT,Hyderabad,9.04,4.122857142857143,0.9075714285714286,0.06471428571428571,0.04071428571428571,1,0
T11185,32FT,Hyderabad,16.81,4.404285714285714,0.9267142857142857,0.03828571428571429,0.018142857142857145,1,1
T11186,20FT,Bengaluru,7.41,4.232857142857143,0.9385714285714286,0.05885714285714285,0.03242857142857143,1,0
T11187,17FT,Bhubaneswar,7.47,4.405714285714286,0.872,0.047,0.04157142857142857,1,1
T11188,40FT,Delhi,23.54,4.3585714285714285,0.9025714285714285,0.07828571428571428,0.08828571428571429,1,1
T11189,32FT,Delhi,16.7,4.114285714285715,0.8394285714285715,0.034999999999999996,0.036,1,1
T11190,40FT,Ahmedabad,24.13,3.935714285714286,0.8488571428571429,0.06271428571428571,0.03942857142857143,1,1
T11191,Tata 407,Chennai,4.41,4.248571428571429,0.8901428571428571,0.05557142857142856,0.025142857142857144,1,1
T11192,Tata 407,Mumbai,3.01,4.597142857142857,0.8220000000000001,0.04728571428571428,0.04928571428571428,1,0
T11193,40FT,Mumbai,19.13,4.2,0.8392857142857143,0.05928571428571428,0.02428571428571429,1,1
T11194,LCV,Jaipur,2.2,4.324285714285714,0.8911428571428571,0.05157142857142857,0.028857142857142856,1,1
T11195,40FT,Hyderabad,24.93,4.542857142857143,0.8637142857142858,0.04585714285714286,0.03828571428571429,1,1
T11196,Tata 407,Bengaluru,3.96,4.225714285714285,0.8744285714285713,0.06985714285714287,0.06957142857142858,1,1
T11197,LCV,Lucknow,2.15,4.624285714285714,0.8834285714285715,0.04928571428571428,0.065,1,1
T11198,40FT,Hyderabad,22.86,4.417142857142857,0.8271428571428572,0.030285714285714284,0.023571428571428573,1,1
T11199,LCV,Bengaluru,3.54,4.424285714285714,0.8391428571428571,0.04057142857142858,0.05157142857142857,1,1
T11200,Tata 407,Kolkata,3.46,4.058333333333334,0.9085,0.04066666666666666,0.034333333333333334,1,1
T11201,20FT,Mumbai,8.36,4.2749999999999995,0.8591666666666665,0.05366666666666667,0.03166666666666667,1,0
T11202,40FT,Bengaluru,21.34,4.2299999999999995,0.879,0.041833333333333333,0.04816666666666667,1,1
T11203,17FT,Bhubaneswar,7.82,4.465,0.9178333333333333,0.016166666666666666,0.04700000000000001,1,1
T11204,LCV,Kolkata,2.62,4.336666666666667,0.8526666666666666,0.049833333333333334,0.045000000000000005,1,1
T11205,32FT,Bhubaneswar,17.4,4.38,0.7948333333333334,0.07016666666666667,0.016666666666666666,1,1
T11206,Tata 407,Delhi,4.23,4.408333333333333,0.856,0.04616666666666667,0.025666666666666667,1,1
T11207,Tata 407,Ahmedabad,3.15,4.21,0.8685,0.043666666666666666,0.03266666666666667,0,1
T11208,LCV,Delhi,3.82,4.403333333333333,0.9061666666666667,0.07633333333333334,0.02266666666666667,1,1
T11209,17FT,Ahmedabad,5.57,4.51,0.866,0.078,0.024833333333333332,1,1
T11210,32FT,Pune,16.1,4.545,0.9261666666666667,0.104,0.04466666666666667,1,1
T11211,20FT,Jaipur,7.09,4.1883333333333335,0.835,0.04750000000000001,0.03133333333333333,1,1
T11212,LCV,Hyderabad,3.22,4.235,0.8290000000000001,0.049499999999999995,0.025833333333333333,1,1
T11213,LCV,Chennai,2.96,4.58,0.9396666666666667,0.08466666666666667,0.02716666666666667,1,1
T11214,Tata 407,Jaipur,4.15,4.5183333333333335,0.8756666666666666,0.04700000000000001,0.03316666666666667,1,1
T11215,20FT,Bengaluru,8.87,4.461666666666667,0.9065,0.04733333333333334,0.03166666666666667,1,1
T11216,40FT,Mumbai,24.37,4.491666666666666,0.9088333333333334,0.042666666666666665,0.03866666666666667,1,0
T11217,Tata 407,Bengaluru,4.85,4.4816666666666665,0.8663333333333334,0.07483333333333334,0.019166666666666665,1,1
T11218,Tata 407,Jaipur,4.87,4.28,0.839,0.050166666666666665,0.022166666666666668,1,1
T11219,20FT,Delhi,7.41,4.548333333333333,0.8654999999999999,0.03983333333333333,0.05266666666666667,1,1
T11220,32FT,Hyderabad,16.38,4.08,0.8796666666666666,0.07483333333333334,0.026833333333333334,1,1
T11221,Tata 407,Chennai,4.64,4.46,0.8703333333333333,0.048499999999999995,0.03283333333333333,1,1
T11222,20FT,Chennai,7.2,4.435,0.8945,0.03166666666666667,0.02,1,0
T11223,32FT,Mumbai,17.84,4.448333333333333,0.9153333333333333,0.049499999999999995,0.023833333333333335,1,1
T11224,32FT,Hyderabad,16.96,4.301666666666667,0.8873333333333333,0.051,0.042333333333333334,0,1
T11225,32FT,Hyderabad,16.02,4.278333333333333,0.8490000000000001,0.076,0.013833333333333335,1,1
T11226,32FT,Delhi,14.89,4.435,0.927,0.052,0.03283333333333333,1,0
T11227,17FT,Mumbai,7.9,4.6450000000000005,0.8883333333333333,0.058499999999999996,0.0415,1,1
T11228,17FT,Delhi,7.45,4.473333333333334,0.9135,0.05666666666666667,0.04783333333333333,1,1
T11229,20FT,Bengaluru,7.97,4.208333333333333,0.86,0.049833333333333334,0.03783333333333334,1,1
T11230,40FT,Bhubaneswar,21.62,4.323333333333333,0.8573333333333334,0.04683333333333333,0.03916666666666666,1,0
T11231,LCV,Kolkata,3.71,4.508333333333334,0.8371666666666666,0.0575,0.059166666666666666,1,1
T11232,17FT,Ahmedabad,5.12,4.42,0.8889999999999999,0.09216666666666667,0.016833333333333332,1,0
T11233,LCV,Delhi,3.58,4.205,0.8371666666666666,0.06799999999999999,0.028499999999999998,0,1
T11234,20FT,Ahmedabad,9.66,4.3549999999999995,0.8633333333333333,0.042833333333333334,0.02716666666666667,1,1
T11235,17FT,Ahmedabad,6.39,4.571666666666666,0.8733333333333334,0.07283333333333333,0.02366666666666667,1,1
T11236,40FT,Bhubaneswar,21.51,4.433333333333334,0.8676666666666666,0.03283333333333333,0.03416666666666667,1,1
T11237,32FT,Bengaluru,16.75,4.408333333333333,0.8845000000000001,0.06133333333333333,0.01883333333333333,1,0
T11238,20FT,Jaipur,8.88,4.446666666666666,0.8618333333333333,0.06183333333333333,0.043666666666666666,1,1
T11239,20FT,Jaipur,9.73,3.97,0.8608333333333333,0.03916666666666666,0.041666666666666664,1,1
T11240,40FT,Chennai,19.74,4.476666666666667,0.7411666666666666,0.06416666666666666,0.031166666666666665,1,1
T11241,Tata 407,Bengaluru,4.59,4.363333333333333,0.8686666666666666,0.06016666666666667,0.020166666666666666,1,1
T11242,17FT,Kolkata,7.72,4.663333333333333,0.8836666666666666,0.044500000000000005,0.034499999999999996,1,1
T11243,32FT,Bengaluru,14.05,4.228333333333333,0.8663333333333334,0.08116666666666668,0.033999999999999996,1,1
T11244,32FT,Kolkata,17.44,4.2749999999999995,0.9065,0.052833333333333336,0.035333333333333335,1,1
T11245,32FT,Lucknow,17.16,4.641666666666667,0.8623333333333333,0.07966666666666666,0.025333333333333333,1,1
T11246,32FT,Jaipur,16.56,4.485,0.868,0.077,0.022166666666666668,1,1
T11247,17FT,Pune,7.96,4.12,0.8566666666666666,0.0375,0.036166666666666666,1,1
T11248,32FT,Chennai,14.45,4.69,0.8938333333333333,0.06766666666666667,0.045500000000000006,1,1
T11249,LCV,Delhi,3.54,4.426666666666667,0.8450000000000001,0.04466666666666667,0.024999999999999998,1,1
T11250,40FT,Bengaluru,20.1,4.291666666666667,0.8729999999999999,0.03966666666666666,0.04533333333333334,1,1
T11251,40FT,Ahmedabad,23.22,4.431666666666667,0.8969999999999999,0.0345,0.034333333333333334,1,1
T11252,Tata 407,Lucknow,3.84,4.081666666666666,0.9161666666666667,0.05499999999999999,0.034333333333333334,1,1
T11253,32FT,Chennai,17.24,4.288333333333333,0.8223333333333334,0.05333333333333334,0.031166666666666665,1,1
T11254,Tata 407,Bhubaneswar,3.51,4.4750000000000005,0.8476666666666667,0.056999999999999995,0.025166666666666667,1,1
T11255,20FT,Kolkata,8.14,4.168333333333333,0.87,0.04833333333333334,0.018666666666666668,1,1
T11256,LCV,Delhi,3.76,4.416666666666667,0.8866666666666667,0.06,0.029833333333333333,1,1
T11257,Tata 407,Delhi,3.16,4.488333333333333,0.949,0.08583333333333333,0.0315,0,1
T11258,Tata 407,Jaipur,3.44,4.510000000000001,0.9088333333333334,0.08,0.02866666666666667,1,1
T11259,17FT,Hyderabad,5.05,4.121666666666667,0.9523333333333333,0.04816666666666666,0.0185,1,1
T11260,17FT,Kolkata,5.16,4.288333333333333,0.8976666666666667,0.06949999999999999,0.042833333333333334,1,1
T11261,Tata 407,Mumbai,4.69,4.318333333333333,0.819,0.06766666666666667,0.0315,1,1
T11262,17FT,Mumbai,7.28,4.32,0.8631666666666667,0.04950000000000001,0.04866666666666667,1,1
T11263,20FT,Hyderabad,8.18,4.325,0.9116666666666666,0.06166666666666667,0.0205,1,0
T11264,32FT,Bengaluru,17.47,4.428333333333334,0.8658333333333333,0.057999999999999996,0.035666666666666666,1,1
T11265,32FT,Chennai,16.93,4.328333333333333,0.8370000000000001,0.06466666666666666,0.02266666666666667,1,1
T11266,20FT,Delhi,9.32,4.175,0.8443333333333333,0.06083333333333333,0.0295,1,1
T11267,32FT,Delhi,15.42,4.3549999999999995,0.851,0.058166666666666665,0.014333333333333332,1,0
T11268,40FT,Lucknow,19.42,4.08,0.914,0.04816666666666667,0.019833333333333335,1,0
T11269,40FT,Mumbai,22.32,3.936666666666667,0.8584999999999999,0.03166666666666667,0.03983333333333333,1,1
T11270,Tata 407,Mumbai,4.65,4.415,0.8303333333333334,0.084,0.041833333333333333,1,1
T11271,LCV,Bengaluru,2.16,4.56,0.8601666666666666,0.05683333333333334,0.031,1,0
T11272,40FT,Mumbai,21.02,4.306666666666667,0.7398333333333333,0.0745,0.029333333333333333,1,0
T11273,20FT,Delhi,9.12,4.295,0.8704999999999999,0.06666666666666667,0.0365,1,1
T11274,Tata 407,Bengaluru,3.62,4.3933333333333335,0.9518333333333334,0.043166666666666666,0.021333333333333333,1,1
T11275,20FT,Mumbai,7.84,4.3933333333333335,0.8336666666666667,0.043833333333333335,0.021166666666666667,1,0
T11276,32FT,Jaipur,14.91,4.22,0.8623333333333333,0.023999999999999997,0.026833333333333334,1,1
T11277,Tata 407,Bengaluru,3.04,4.29,0.8365,0.035666666666666666,0.04533333333333334,1,1
T11278,20FT,Mumbai,9.44,4.0633333333333335,0.9169999999999999,0.028833333333333332,0.018,1,1
T11279,Tata 407,Ahmedabad,3.12,4.713333333333334,0.8788333333333332,0.029333333333333333,0.047499999999999994,1,1
T11280,20FT,Chennai,8.6,4.371666666666667,0.8893333333333334,0.09666666666666668,0.037333333333333336,1,1
T11281,LCV,Bhubaneswar,2.94,4.616666666666666,0.8395,0.06483333333333334,0.03316666666666667,1,1
T11282,LCV,Jaipur,2.88,4.5,0.9289999999999999,0.045500000000000006,0.03716666666666667,1,1
T11283,40FT,Delhi,21.02,4.065,0.9039999999999999,0.063,0.02383333333333333,1,1
T11284,17FT,Mumbai,5.41,4.165,0.9181666666666667,0.07433333333333333,0.04466666666666666,1,1
T11285,LCV,Jaipur,3.17,4.366666666666666,0.9241666666666667,0.06616666666666667,0.03016666666666667,0,1
T11286,20FT,Jaipur,7.32,4.33,0.8713333333333333,0.039,0.045000000000000005,1,1
T11287,32FT,Delhi,14.09,4.245,0.8850000000000001,0.06883333333333333,0.058666666666666666,1,1
T11288,32FT,Mumbai,16.37,4.29,0.8253333333333334,0.10883333333333334,0.017166666666666667,1,1
T11289,40FT,Bengaluru,23.19,4.238333333333333,0.914,0.03716666666666667,0.0155,1,1
T11290,40FT,Mumbai,21.13,3.9883333333333333,0.8843333333333333,0.06066666666666667,0.029500000000000002,1,1
T11291,20FT,Jaipur,7.04,4.386666666666667,0.8481666666666667,0.04083333333333333,0.03983333333333334,1,0
T11292,17FT,Chennai,6.68,4.338333333333334,0.9181666666666667,0.03816666666666667,0.04033333333333334,1,1
T11293,LCV,Jaipur,2.07,4.39,0.908,0.07666666666666666,0.03883333333333334,1,1
T11294,Tata 407,Bengaluru,3.63,4.295,0.8768333333333334,0.06433333333333334,0.016,0,1
T11295,17FT,Delhi,7.65,4.465,0.8853333333333334,0.09849999999999999,0.025833333333333333,1,1
T11296,17FT,Pune,7.13,4.335,0.9131666666666667,0.04066666666666666,0.048499999999999995,1,1
T11297,40FT,Ahmedabad,22.29,4.46,0.7631666666666667,0.04833333333333333,0.02266666666666667,1,1
T11298,Tata 407,Mumbai,4.41,4.318333333333333,0.87,0.07066666666666667,0.04566666666666667,1,1
T11299,32FT,Ahmedabad,16.39,4.07,0.8503333333333334,0.04800000000000001,0.018333333333333333,0,1
T11300,20FT,Ahmedabad,9.43,4.488333333333333,0.8376666666666667,0.0645,0.03783333333333334,1,1
T11301,40FT,Jaipur,19.21,4.22,0.9018333333333333,0.048999999999999995,0.007833333333333333,1,1
T11302,17FT,Hyderabad,6.65,4.233333333333333,0.924,0.05499999999999999,0.0405,1,1
T11303,40FT,Chennai,18.52,4.391666666666667,0.8733333333333334,0.05333333333333334,0.028666666666666663,1,0
T11304,32FT,Hyderabad,17.67,4.403333333333333,0.8661666666666666,0.065,0.047499999999999994,0,1
T11305,LCV,Mumbai,3.2,4.336666666666667,0.8343333333333334,0.043666666666666666,0.0315,1,0
T11306,17FT,Jaipur,6.51,4.7316666666666665,0.8573333333333334,0.06533333333333334,0.025666666666666667,1,1
T11307,40FT,Mumbai,23.04,4.551666666666667,0.8895,0.0805,0.028833333333333332,0,1
T11308,Tata 407,Kolkata,4.51,4.183333333333334,0.8296666666666667,0.039,0.0315,1,1
T11309,Tata 407,Bhubaneswar,4.52,4.168333333333333,0.8773333333333334,0.059,0.042166666666666665,1,1
T11310,20FT,Pune,8.76,4.156666666666667,0.8125,0.05716666666666667,0.053,0,0
T11311,LCV,Hyderabad,2.59,4.653333333333333,0.8501666666666666,0.03833333333333333,0.03833333333333334,1,1
T11312,LCV,Kolkata,3.28,4.506666666666667,0.9,0.042833333333333334,0.03666666666666667,1,0
T11313,40FT,Ahmedabad,22.5,4.191666666666666,0.9001666666666667,0.03866666666666667,0.02666666666666667,1,1
T11314,LCV,Delhi,2.45,4.493333333333333,0.8683333333333333,0.0405,0.024000000000000004,0,1
T11315,20FT,Delhi,9.81,4.181666666666667,0.9159999999999999,0.08883333333333332,0.04083333333333333,1,1
T11316,Tata 407,Kolkata,3.15,4.345,0.8886666666666666,0.04883333333333333,0.034333333333333334,1,1
T11317,32FT,Delhi,17.05,4.44,0.8776666666666667,0.0305,0.0205,0,0
T11318,20FT,Mumbai,8.67,4.1499999999999995,0.7848333333333333,0.05466666666666667,0.03816666666666667,1,1
T11319,17FT,Mumbai,5.69,4.263333333333333,0.894,0.05216666666666667,0.025666666666666667,1,1
T11320,32FT,Kolkata,17.18,4.325,0.8148333333333334,0.025833333333333333,0.0265,0,1
T11321,32FT,Ahmedabad,15.16,4.4383333333333335,0.8835000000000001,0.04066666666666666,0.04466666666666667,1,1
T11322,Tata 407,Mumbai,4.67,4.381666666666667,0.8996666666666666,0.07433333333333333,0.03283333333333333,1,1
T11323,Tata 407,Chennai,4.95,4.201666666666667,0.8558333333333333,0.036,0.015166666666666667,1,1
T11324,32FT,Ahmedabad,15.85,4.271666666666667,0.8861666666666667,0.050166666666666665,0.028666666666666663,1,1
T11325,40FT,Hyderabad,19.11,4.43,0.8815,0.0615,0.026833333333333338,1,1
T11326,Tata 407,Hyderabad,3.68,4.2,0.8066666666666666,0.05416666666666667,0.025166666666666667,1,1
T11327,20FT,Ahmedabad,9.04,4.1033333333333335,0.8883333333333333,0.043666666666666666,0.029833333333333337,1,1
T11328,Tata 407,Jaipur,3.8,4.175,0.8891666666666667,0.03716666666666667,0.035166666666666666,1,1
T11329,40FT,Bengaluru,22.3,4.415,0.8916666666666666,0.06166666666666667,0.035333333333333335,1,1
T11330,32FT,Mumbai,15.64,4.355,0.8344999999999999,0.0405,0.0405,1,1
T11331,20FT,Kolkata,8.38,4.243333333333333,0.8180000000000001,0.048666666666666664,0.016499999999999997,0,1
T11332,LCV,Mumbai,3.49,4.488333333333333,0.7411666666666666,0.028333333333333335,0.018166666666666668,1,1
T11333,17FT,Jaipur,6.22,4.328333333333333,0.8363333333333333,0.06416666666666666,0.04516666666666667,1,1
T11334,20FT,Delhi,8.05,4.395,0.8901666666666667,0.057999999999999996,0.03333333333333333,1,1
T11335,20FT,Pune,9.92,4.26,0.8125,0.038,0.025666666666666667,1,1
T11336,Tata 407,Hyderabad,4.99,4.151666666666666,0.9303333333333333,0.043666666666666666,0.030333333333333334,1,1
T11337,17FT,Delhi,7.68,4.123333333333334,0.9225,0.04666666666666666,0.03933333333333333,0,1
T11338,17FT,Delhi,6.45,4.39,0.9308333333333333,0.05516666666666667,0.029833333333333333,1,1
T11339,17FT,Bengaluru,5.08,4.566666666666666,0.8541666666666666,0.047499999999999994,0.020833333333333332,1,1
T11340,40FT,Mumbai,19.94,4.108333333333333,0.8308333333333334,0.02666666666666667,0.052833333333333336,1,1
T11341,Tata 407,Delhi,4.6,4.513333333333334,0.8818333333333334,0.0385,0.026,1,1
T11342,20FT,Jaipur,7.52,3.7449999999999997,0.9236666666666666,0.0655,0.028999999999999998,1,0
T11343,Tata 407,Bengaluru,4.35,4.335,0.9081666666666667,0.03266666666666667,0.04066666666666666,1,1
T11344,Tata 407,Lucknow,4.55,4.6049999999999995,0.8398333333333333,0.050666666666666665,0.0205,1,1
T11345,20FT,Mumbai,7.06,4.5616666666666665,0.852,0.10266666666666667,0.011500000000000002,1,1
T11346,40FT,Delhi,20.99,4.2250000000000005,0.898,0.034166666666666665,0.018,1,1
T11347,LCV,Bhubaneswar,3.31,4.4816666666666665,0.8361666666666667,0.03233333333333333,0.039,1,1
T11348,17FT,Hyderabad,5.12,4.416666666666667,0.8415,0.052,0.036166666666666666,1,1
T11349,LCV,Lucknow,3.18,4.353333333333333,0.8528333333333333,0.09050000000000001,0.02266666666666667,1,1
T11350,32FT,Delhi,14.47,4.385000000000001,0.8711666666666668,0.051666666666666666,0.028333333333333335,1,1
T11351,17FT,Ahmedabad,7.07,4.486666666666667,0.8391666666666667,0.057999999999999996,0.02416666666666667,1,1
T11352,40FT,Jaipur,22.51,4.431666666666667,0.9199999999999999,0.06316666666666666,0.0285,1,0
T11353,32FT,Mumbai,17.55,4.34,0.8258333333333333,0.05533333333333334,0.044333333333333336,1,1
T11354,LCV,Kolkata,2.75,4.723333333333334,0.9511666666666666,0.051833333333333335,0.04033333333333333,1,1
T11355,LCV,Mumbai,2.11,4.336666666666667,0.8753333333333333,0.08933333333333333,0.03333333333333333,1,1
T11356,32FT,Delhi,17.24,3.89,0.9105,0.06383333333333334,0.048666666666666664,1,1
T11357,20FT,Delhi,9.06,4.631666666666667,0.9209999999999999,0.049499999999999995,0.03883333333333333,1,1
T11358,32FT,Chennai,14.44,4.236666666666667,0.8595,0.0815,0.03933333333333333,1,1
T11359,17FT,Chennai,7.32,3.921666666666667,0.9228333333333333,0.0535,0.033,1,1
T11360,LCV,Mumbai,3.94,4.578333333333333,0.8738333333333334,0.050166666666666665,0.07116666666666667,1,1
T11361,LCV,Pune,3.67,4.221666666666667,0.864,0.0715,0.03383333333333333,1,0
T11362,32FT,Jaipur,14.64,4.2683333333333335,0.9103333333333333,0.024833333333333332,0.050666666666666665,1,1
T11363,40FT,Kolkata,22.57,4.276666666666666,0.8231666666666667,0.048999999999999995,0.025666666666666667,1,1
T11364,Tata 407,Mumbai,3.89,4.278333333333333,0.8650000000000001,0.07966666666666668,0.06016666666666667,1,1
T11365,40FT,Bhubaneswar,21.0,4.336666666666667,0.8986666666666667,0.06483333333333334,0.037,1,1
T11366,LCV,Bengaluru,3.21,4.593333333333333,0.8353333333333334,0.05666666666666667,0.042,1,1
T11367,Tata 407,Lucknow,4.59,4.226666666666667,0.9106666666666666,0.0525,0.04716666666666667,1,1
T11368,20FT,Bengaluru,9.87,4.598333333333334,0.9213333333333334,0.09833333333333333,0.027166666666666662,1,1
T11369,LCV,Bhubaneswar,3.59,4.44,0.8773333333333334,0.0675,0.029333333333333333,1,1
T11370,40FT,Bengaluru,24.21,4.171666666666667,0.8958333333333334,0.02716666666666667,0.0365,1,1
T11371,20FT,Delhi,8.4,4.388333333333333,0.8953333333333333,0.066,0.014666666666666666,1,1
T11372,32FT,Hyderabad,14.11,4.336666666666667,0.8918333333333334,0.049833333333333334,0.02466666666666667,1,0
T11373,20FT,Pune,8.49,4.18,0.886,0.043666666666666666,0.0375,1,1
T11374,20FT,Bhubaneswar,9.68,4.221666666666667,0.8650000000000001,0.02733333333333333,0.026,1,1
T11375,20FT,Bengaluru,7.75,4.66,0.8093333333333333,0.025166666666666667,0.025833333333333333,1,1
T11376,40FT,Ahmedabad,23.71,4.535,0.8596666666666667,0.04516666666666667,0.039,1,1
T11377,32FT,Mumbai,17.35,4.435,0.8396666666666667,0.05266666666666667,0.029666666666666664,1,1
T11378,20FT,Chennai,9.99,4.253333333333333,0.8413333333333334,0.06766666666666667,0.04016666666666667,1,1
T11379,32FT,Chennai,17.96,4.141666666666667,0.8678333333333333,0.041166666666666664,0.04700000000000001,1,1
T11380,40FT,Bengaluru,23.5,4.075,0.9291666666666667,0.0695,0.047499999999999994,1,1
T11381,20FT,Bengaluru,8.31,4.318333333333333,0.943,0.05783333333333333,0.03333333333333333,1,1
T11382,Tata 407,Mumbai,4.09,4.25,0.8384999999999999,0.057999999999999996,0.030833333333333334,1,1
T11383,40FT,Chennai,22.74,4.151666666666666,0.8536666666666667,0.03816666666666667,0.04616666666666667,1,1
T11384,40FT,Bengaluru,21.92,4.201666666666667,0.8906666666666667,0.085,0.03216666666666667,1,1
T11385,20FT,Bhubaneswar,7.91,4.3,0.8416666666666667,0.08700000000000001,0.026,1,1
T11386,LCV,Kolkata,2.51,4.461666666666667,0.8566666666666666,0.03833333333333334,0.02733333333333333,1,1
T11387,17FT,Bengaluru,6.98,4.19,0.8556666666666667,0.04,0.033666666666666664,1,1
T11388,40FT,Chennai,19.61,4.296666666666667,0.8843333333333333,0.028333333333333332,0.026833333333333334,1,1
T11389,32FT,Jaipur,17.08,3.891666666666667,0.8945,0.066,0.04583333333333333,1,1
T11390,LCV,Ahmedabad,3.04,4.0183333333333335,0.9106666666666667,0.03166666666666667,0.051833333333333335,1,1
T11391,17FT,Jaipur,5.38,4.028333333333333,0.8875000000000001,0.031,0.019,1,1
T11392,40FT,Mumbai,19.03,4.338333333333334,0.8756666666666666,0.043666666666666666,0.024666666666666667,1,1
T11393,LCV,Mumbai,3.7,4.325,0.8326666666666666,0.07866666666666666,0.052,1,1
T11394,17FT,Delhi,5.05,4.54,0.9199999999999999,0.034833333333333334,0.042666666666666665,1,1
T11395,20FT,Hyderabad,8.3,4.2,0.8381666666666666,0.08783333333333333,0.02716666666666667,1,0
T11396,LCV,Ahmedabad,2.84,4.08,0.8825,0.054,0.030166666666666665,1,1
T11397,20FT,Delhi,9.53,4.456666666666666,0.8395,0.09083333333333332,0.049499999999999995,1,1
T11398,20FT,Delhi,8.38,4.398333333333333,0.8206666666666665,0.05533333333333334,0.024833333333333332,1,1
T11399,LCV,Kolkata,2.68,4.321666666666666,0.8170000000000001,0.0555,0.02033333333333333,1,1
T11400,20FT,Bengaluru,7.05,4.568333333333333,0.834,0.04566666666666667,0.027833333333333335,1,1
T11401,20FT,Mumbai,7.13,4.6433333333333335,0.952,0.04916666666666667,0.028333333333333332,1,0
T11402,LCV,Chennai,2.02,4.175,0.8911666666666666,0.05883333333333334,0.04716666666666667,1,1
T11403,Tata 407,Bengaluru,3.8,4.315,0.8471666666666667,0.05483333333333334,0.034333333333333334,1,1
T11404,40FT,Mumbai,21.18,4.363333333333333,0.8618333333333333,0.03,0.03233333333333333,1,1
T11405,40FT,Chennai,18.71,4.291666666666667,0.934,0.05666666666666667,0.043166666666666666,1,1
T11406,17FT,Ahmedabad,5.23,4.373333333333334,0.9225,0.053,0.03783333333333333,1,0
T11407,32FT,Lucknow,15.04,4.343333333333333,0.8574999999999999,0.06366666666666666,0.03416666666666667,1,1
T11408,40FT,Hyderabad,18.59,4.3,0.8125,0.043333333333333335,0.02383333333333333,1,1
T11409,17FT,Mumbai,6.22,4.248333333333334,0.8873333333333333,0.08683333333333333,0.06033333333333333,1,1
T11410,LCV,Ahmedabad,2.12,4.323333333333333,0.8766666666666666,0.11533333333333333,0.04083333333333333,1,1
T11411,17FT,Bhubaneswar,7.03,4.263333333333333,0.8968333333333334,0.03983333333333333,0.03183333333333333,1,1
T11412,LCV,Ahmedabad,2.93,4.445,0.8848333333333334,0.05016666666666667,0.04633333333333334,1,1
T11413,40FT,Pune,19.83,4.516666666666667,0.8398333333333333,0.0305,0.04516666666666667,1,1
T11414,17FT,Bengaluru,7.21,4.161666666666666,0.8838333333333334,0.08650000000000001,0.04650000000000001,1,1
T11415,20FT,Pune,8.29,4.386666666666667,0.8778333333333334,0.05433333333333334,0.047999999999999994,1,1
T11416,17FT,Kolkata,6.62,4.573333333333333,0.8931666666666667,0.05516666666666667,0.03966666666666666,1,1
T11417,20FT,Mumbai,7.34,4.121666666666667,0.8498333333333333,0.04699999999999999,0.018666666666666665,1,0
T11418,Tata 407,Mumbai,4.02,4.341666666666666,0.8578333333333333,0.05333333333333334,0.05433333333333334,1,1
T11419,32FT,Bhubaneswar,16.01,4.403333333333333,0.888,0.04133333333333333,0.033499999999999995,1,1
T11420,17FT,Delhi,7.3,4.345,0.8370000000000001,0.041,0.029333333333333333,1,1
T11421,Tata 407,Bengaluru,3.97,4.281666666666667,0.8816666666666667,0.07933333333333333,0.015833333333333335,1,1
T11422,32FT,Mumbai,17.61,4.175,0.8723333333333333,0.06666666666666667,0.06716666666666667,1,1
T11423,LCV,Ahmedabad,2.33,4.233333333333333,0.8694999999999999,0.04533333333333334,0.04783333333333333,1,1
T11424,LCV,Chennai,2.48,4.201666666666667,0.828,0.06016666666666667,0.02916666666666667,1,1
T11425,40FT,Mumbai,21.96,4.473333333333334,0.8155,0.02816666666666667,0.041166666666666664,1,1
T11426,LCV,Pune,2.82,4.173333333333333,0.9061666666666667,0.04633333333333334,0.0425,1,1
T11427,32FT,Hyderabad,15.18,4.383333333333334,0.895,0.037333333333333336,0.03783333333333334,1,1
T11428,17FT,Bhubaneswar,5.2,4.28,0.87,0.041833333333333333,0.04083333333333333,1,1
T11429,20FT,Chennai,9.17,4.543333333333333,0.8916666666666666,0.04816666666666667,0.034833333333333334,1,1
T11430,20FT,Mumbai,8.92,4.508333333333334,0.9016666666666667,0.07366666666666667,0.04683333333333333,1,0
T11431,Tata 407,Bengaluru,4.83,4.058333333333334,0.8066666666666666,0.06333333333333334,0.0335,1,1
T11432,17FT,Kolkata,5.28,4.723333333333334,0.9325,0.04950000000000001,0.03266666666666667,1,0
T11433,17FT,Mumbai,5.79,4.521666666666667,0.8488333333333333,0.03966666666666666,0.044333333333333336,1,1
T11434,17FT,Hyderabad,5.09,4.058333333333334,0.8431666666666667,0.04883333333333333,0.017,1,1
T11435,LCV,Jaipur,2.89,4.295000000000001,0.8656666666666667,0.05333333333333334,0.03,1,1
T11436,17FT,Chennai,5.18,4.406666666666667,0.8896666666666667,0.03916666666666667,0.026833333333333334,1,1
T11437,20FT,Mumbai,8.82,4.318333333333333,0.9141666666666667,0.057999999999999996,0.023000000000000003,1,1
T11438,LCV,Bengaluru,2.67,4.58,0.9511666666666666,0.05216666666666667,0.041,1,1
T11439,32FT,Jaipur,14.52,4.62,0.9468333333333333,0.042833333333333334,0.03866666666666666,1,1
T11440,Tata 407,Mumbai,4.84,4.406666666666667,0.8725,0.041833333333333333,0.02716666666666667,0,0
T11441,Tata 407,Mumbai,4.72,4.343333333333333,0.8501666666666666,0.0835,0.037,1,1
T11442,32FT,Bhubaneswar,17.83,4.6000000000000005,0.8475,0.02783333333333333,0.028833333333333332,1,1
T11443,LCV,Kolkata,3.87,4.591666666666667,0.8768333333333334,0.0645,0.039,1,1
T11444,20FT,Bengaluru,9.18,4.4816666666666665,0.8448333333333333,0.06166666666666667,0.045000000000000005,1,1
T11445,Tata 407,Delhi,3.84,4.348333333333334,0.8849999999999999,0.06383333333333334,0.04083333333333333,1,1
T11446,17FT,Lucknow,5.92,4.2250000000000005,0.9206666666666666,0.09966666666666667,0.02616666666666667,1,1
T11447,32FT,Ahmedabad,14.21,4.253333333333333,0.9046666666666666,0.03933333333333334,0.0265,1,1
T11448,20FT,Delhi,9.91,4.126666666666666,0.8895,0.0425,0.013,1,1
T11449,Tata 407,Mumbai,3.61,4.375,0.8798333333333334,0.03933333333333334,0.02316666666666667,1,1
T11450,20FT,Bengaluru,7.65,4.435,0.87,0.05516666666666667,0.023999999999999997,1,1
T11451,Tata 407,Delhi,3.94,4.331666666666666,0.9023333333333333,0.05533333333333334,0.04816666666666667,1,1
T11452,17FT,Ahmedabad,6.87,4.486666666666667,0.8553333333333333,0.07183333333333333,0.033,1,1
T11453,LCV,Chennai,2.91,4.446666666666666,0.9173333333333332,0.10149999999999999,0.0195,1,1
T11454,32FT,Kolkata,14.88,4.341666666666667,0.8461666666666666,0.0795,0.028833333333333332,1,1
T11455,20FT,Lucknow,9.31,4.486666666666667,0.9386666666666666,0.03966666666666666,0.030333333333333334,0,1
T11456,Tata 407,Delhi,3.36,4.576666666666667,0.8771666666666667,0.048999999999999995,0.03383333333333333,1,1
T11457,Tata 407,Bhubaneswar,4.23,4.108333333333333,0.8653333333333334,0.04766666666666666,0.0315,1,1
T11458,20FT,Jaipur,8.19,4.465,0.8685,0.05983333333333333,0.042333333333333334,1,1
T11459,32FT,Kolkata,15.06,4.291666666666667,0.891,0.025333333333333333,0.042833333333333334,1,0
T11460,LCV,Delhi,3.09,4.513333333333334,0.8624999999999999,0.031,0.035666666666666666,1,1
T11461,LCV,Mumbai,2.21,4.498333333333334,0.8181666666666666,0.08750000000000001,0.023999999999999997,1,1
T11462,40FT,Pune,24.18,3.9233333333333333,0.8871666666666668,0.05883333333333333,0.033666666666666664,1,1
T11463,Tata 407,Lucknow,3.79,4.195,0.8816666666666667,0.06216666666666667,0.036333333333333336,1,1
T11464,Tata 407,Kolkata,3.76,4.3950000000000005,0.8201666666666667,0.08183333333333333,0.018,1,1
T11465,32FT,Lucknow,14.2,3.938333333333333,0.8783333333333333,0.03933333333333333,0.06616666666666667,0,1
T11466,Tata 407,Kolkata,4.65,4.388333333333333,0.7941666666666666,0.1115,0.0365,1,0
T11467,20FT,Delhi,9.01,4.2683333333333335,0.8818333333333334,0.04833333333333333,0.057166666666666664,1,1
T11468,LCV,Bengaluru,2.06,4.375,0.8433333333333334,0.06633333333333334,0.034999999999999996,1,1
T11469,Tata 407,Bhubaneswar,4.41,4.351666666666667,0.8536666666666667,0.053,0.0365,1,1
T11470,17FT,Delhi,5.32,4.416666666666667,0.8838333333333334,0.06016666666666667,0.0385,1,1
T11471,17FT,Delhi,7.61,4.216666666666667,0.8573333333333334,0.03783333333333334,0.028499999999999998,1,1
T11472,17FT,Chennai,7.05,4.3549999999999995,0.8965,0.073,0.0345,1,1
T11473,32FT,Delhi,14.45,4.291666666666667,0.8718333333333333,0.084,0.051666666666666666,1,1
T11474,32FT,Bengaluru,17.43,4.426666666666667,0.9418333333333333,0.04033333333333333,0.015833333333333335,1,1
T11475,Tata 407,Delhi,4.13,4.428333333333334,0.9085,0.062,0.026,1,0
T11476,17FT,Bengaluru,7.14,4.215,0.8876666666666667,0.052,0.06766666666666667,1,1
T11477,40FT,Delhi,21.59,4.5633333333333335,0.7468333333333333,0.059166666666666666,0.04916666666666667,1,0
T11478,LCV,Bengaluru,3.73,4.293333333333334,0.9145,0.05383333333333334,0.041166666666666664,1,1
T11479,40FT,Bengaluru,22.05,4.6066666666666665,0.9390000000000001,0.06833333333333333,0.030333333333333334,1,1
T11480,LCV,Bengaluru,3.16,4.596666666666667,0.8706666666666667,0.05416666666666666,0.04933333333333333,1,1
T11481,40FT,Jaipur,21.58,4.441666666666666,0.8506666666666667,0.0625,0.034999999999999996,1,1
T11482,LCV,Mumbai,2.18,4.363333333333333,0.8901666666666667,0.06183333333333333,0.02033333333333333,1,1
T11483,17FT,Bengaluru,7.94,4.4816666666666665,0.8306666666666667,0.06516666666666666,0.03216666666666667,1,1
T11484,Tata 407,Lucknow,4.16,4.581666666666667,0.7935,0.08483333333333333,0.04,1,1
T11485,17FT,Chennai,7.9,4.406666666666666,0.8035,0.09083333333333332,0.024500000000000004,0,0
T11486,32FT,Delhi,17.4,4.415,0.9168333333333334,0.04033333333333333,0.049166666666666664,1,1
T11487,20FT,Delhi,8.79,4.263333333333333,0.8876666666666666,0.05366666666666667,0.029,1,0
T11488,32FT,Bengaluru,14.64,4.578333333333333,0.8831666666666668,0.07016666666666667,0.04883333333333333,1,1
T11489,20FT,Delhi,9.98,4.3933333333333335,0.8948333333333333,0.12283333333333334,0.029333333333333333,1,1
T11490,20FT,Chennai,8.93,4.351666666666667,0.9196666666666666,0.06483333333333334,0.0315,1,1
T11491,LCV,Chennai,2.45,4.178333333333334,0.8648333333333333,0.03216666666666667,0.04416666666666667,1,1
T11492,17FT,Mumbai,5.73,4.536666666666666,0.907,0.058666666666666666,0.034,1,1
T11493,Tata 407,Chennai,3.75,4.151666666666666,0.9083333333333333,0.03,0.010333333333333333,1,1
T11494,32FT,Jaipur,17.42,4.111666666666667,0.8380000000000001,0.06116666666666667,0.022833333333333334,1,1
T11495,17FT,Mumbai,6.68,4.421666666666667,0.9018333333333333,0.051166666666666666,0.0325,1,1
T11496,LCV,Delhi,2.43,4.31,0.8421666666666666,0.04133333333333333,0.02666666666666667,0,1
T11497,Tata 407,Kolkata,4.54,4.31,0.9436666666666667,0.04416666666666667,0.02766666666666667,1,1
T11498,Tata 407,Lucknow,4.86,4.118333333333333,0.8613333333333334,0.07733333333333334,0.043833333333333335,1,0
T11499,17FT,Chennai,5.18,4.523333333333333,0.9123333333333333,0.042833333333333334,0.025333333333333333,1,1
T11500,20FT,Ahmedabad,7.21,4.516666666666667,0.8930000000000001,0.043833333333333335,0.04,1,1
T11501,32FT,Mumbai,16.51,4.556666666666667,0.8326666666666668,0.05216666666666667,0.04816666666666666,1,1
T11502,LCV,Delhi,3.87,3.848333333333333,0.8245,0.031166666666666665,0.018166666666666668,1,1
T11503,40FT,Jaipur,18.67,4.386666666666667,0.8683333333333333,0.048999999999999995,0.027,1,1
T11504,LCV,Mumbai,2.18,4.203333333333333,0.8771666666666667,0.057166666666666664,0.03233333333333333,1,1
T11505,LCV,Bengaluru,3.4,4.543333333333333,0.8543333333333334,0.055,0.016333333333333335,1,1
T11506,Tata 407,Chennai,4.93,4.193333333333333,0.9148333333333333,0.08566666666666667,0.03,1,1
T11507,17FT,Bengaluru,7.23,4.413333333333333,0.8781666666666667,0.09616666666666666,0.028666666666666663,1,1
T11508,32FT,Mumbai,17.12,4.1066666666666665,0.8301666666666666,0.02033333333333333,0.01983333333333333,1,1
T11509,17FT,Bhubaneswar,6.58,4.658333333333333,0.9388333333333333,0.02416666666666667,0.020166666666666666,1,1
T11510,20FT,Chennai,7.58,4.538333333333333,0.8515,0.08016666666666666,0.02,1,1
T11511,Tata 407,Ahmedabad,3.11,4.246666666666667,0.8331666666666666,0.07116666666666667,0.053,1,0
T11512,20FT,Bengaluru,9.62,4.616666666666666,0.8290000000000001,0.051166666666666666,0.053,1,1
T11513,LCV,Jaipur,2.37,4.546666666666667,0.8098333333333333,0.06733333333333334,0.0295,1,1
T11514,20FT,Delhi,9.53,4.171666666666667,0.955,0.043833333333333335,0.0365,1,1
T11515,32FT,Delhi,14.09,4.455,0.9465,0.04683333333333334,0.041666666666666664,1,1
T11516,LCV,Ahmedabad,2.75,4.343333333333334,0.8678333333333333,0.03283333333333333,0.022333333333333334,1,1
T11517,40FT,Delhi,18.48,4.508333333333334,0.8576666666666667,0.04649999999999999,0.023833333333333335,1,1
T11518,LCV,Bengaluru,3.21,4.173333333333333,0.89,0.04883333333333333,0.02316666666666667,1,1
T11519,LCV,Ahmedabad,3.28,4.301666666666667,0.8815,0.04466666666666667,0.02266666666666667,1,0
T11520,32FT,Delhi,17.13,4.3933333333333335,0.906,0.051833333333333335,0.0185,1,1
T11521,17FT,Mumbai,6.78,4.4750000000000005,0.8836666666666666,0.044833333333333336,0.035333333333333335,1,1
T11522,17FT,Jaipur,7.72,4.211666666666667,0.8370000000000001,0.050499999999999996,0.037000000000000005,1,0
T11523,40FT,Bengaluru,23.01,4.241666666666666,0.9123333333333333,0.044000000000000004,0.016833333333333336,1,1
T11524,Tata 407,Bengaluru,3.73,4.383333333333334,0.9031666666666666,0.03783333333333333,0.025166666666666667,0,1
T11525,LCV,Bengaluru,3.27,4.615,0.8255,0.04650000000000001,0.021166666666666667,1,1
T11526,40FT,Hyderabad,21.75,3.9316666666666666,0.9098333333333333,0.053,0.025333333333333336,1,1
T11527,17FT,Bengaluru,5.6,3.8550000000000004,0.9156666666666666,0.06883333333333333,0.024499999999999997,1,0
T11528,40FT,Bengaluru,23.32,4.371666666666667,0.855,0.079,0.043166666666666666,1,1
T11529,40FT,Delhi,21.13,4.038333333333333,0.8003333333333332,0.04866666666666667,0.031,1,1
T11530,32FT,Delhi,14.76,4.233333333333333,0.8393333333333333,0.078,0.021833333333333333,1,1
T11531,20FT,Ahmedabad,9.13,4.6,0.8383333333333334,0.031,0.04783333333333333,1,1
T11532,17FT,Kolkata,5.7,4.631666666666667,0.847,0.08133333333333333,0.0525,0,1
T11533,17FT,Pune,6.69,4.016666666666667,0.8225000000000001,0.05416666666666667,0.043000000000000003,1,1
T11534,32FT,Delhi,17.82,4.365,0.8673333333333333,0.04133333333333333,0.028666666666666663,1,1
T11535,32FT,Lucknow,17.5,4.285,0.8715,0.0535,0.02466666666666667,1,1
T11536,32FT,Ahmedabad,15.01,4.613333333333333,0.9278333333333334,0.05616666666666667,0.0165,1,1
T11537,40FT,Hyderabad,21.04,4.868333333333333,0.9108333333333333,0.059166666666666666,0.024833333333333332,1,0
T11538,20FT,Bhubaneswar,7.32,4.495,0.8931666666666667,0.041166666666666664,0.04133333333333333,1,1
T11539,LCV,Pune,2.32,4.3,0.9025,0.07033333333333333,0.011000000000000001,1,1
T11540,20FT,Kolkata,7.59,4.260000000000001,0.867,0.06283333333333334,0.0255,1,1
T11541,20FT,Lucknow,9.59,4.241666666666666,0.9238333333333334,0.05833333333333333,0.03816666666666666,1,1
T11542,Tata 407,Mumbai,3.92,3.9299999999999997,0.8175,0.10133333333333334,0.021,0,0
T11543,Tata 407,Bhubaneswar,3.81,4.246666666666666,0.8786666666666667,0.04033333333333333,0.042333333333333334,1,1
T11544,LCV,Mumbai,2.27,4.495,0.8905,0.041833333333333333,0.022333333333333334,1,0
T11545,40FT,Kolkata,18.29,4.536666666666666,0.8915000000000001,0.027333333333333334,0.05466666666666667,1,1
T11546,LCV,Kolkata,2.79,4.386666666666667,0.8795000000000001,0.030833333333333334,0.042333333333333334,1,1
T11547,LCV,Delhi,3.56,4.328333333333333,0.8563333333333333,0.04933333333333333,0.0195,1,1
T11548,20FT,Mumbai,9.51,4.501666666666667,0.8746666666666667,0.063,0.030833333333333334,1,0
T11549,Tata 407,Ahmedabad,4.69,4.421666666666667,0.9053333333333334,0.036333333333333336,0.04033333333333333,1,1
T11550,32FT,Mumbai,14.11,4.5633333333333335,0.8883333333333333,0.07,0.04916666666666667,1,1
T11551,40FT,Jaipur,20.35,4.3933333333333335,0.8973333333333334,0.13466666666666668,0.032,1,1
T11552,LCV,Hyderabad,2.58,4.591666666666667,0.8614999999999999,0.03816666666666667,0.036666666666666674,1,1
T11553,40FT,Hyderabad,23.83,4.425,0.8643333333333333,0.085,0.05566666666666667,0,1
T11554,20FT,Ahmedabad,7.56,4.526666666666666,0.8956666666666666,0.04066666666666666,0.019,1,1
T11555,20FT,Bengaluru,9.34,4.653333333333333,0.8516666666666667,0.051666666666666666,0.044833333333333336,1,1
T11556,Tata 407,Jaipur,4.22,3.983333333333333,0.8515,0.04133333333333333,0.027,1,1
T11557,32FT,Delhi,14.24,4.1433333333333335,0.8598333333333333,0.02766666666666667,0.0195,1,1
T11558,40FT,Jaipur,23.38,4.32,0.8723333333333333,0.04533333333333334,0.024500000000000004,1,1
T11559,20FT,Chennai,7.67,4.351666666666667,0.8271666666666667,0.0535,0.026166666666666668,1,1
T11560,LCV,Mumbai,3.0,4.746666666666667,0.856,0.04566666666666667,0.03666666666666666,1,1
T11561,LCV,Lucknow,3.41,4.443333333333333,0.8638333333333333,0.09233333333333334,0.03366666666666667,1,1
T11562,17FT,Bengaluru,6.74,4.258333333333334,0.9273333333333333,0.07533333333333332,0.019833333333333335,1,1
T11563,Tata 407,Mumbai,4.92,4.335,0.8953333333333333,0.05633333333333334,0.058666666666666666,1,1
T11564,LCV,Lucknow,3.73,4.586666666666667,0.8729999999999999,0.0705,0.03233333333333333,1,1
T11565,20FT,Delhi,7.36,4.298333333333333,0.8633333333333333,0.041,0.035,1,1
T11566,LCV,Delhi,2.83,4.666666666666667,0.9015,0.0525,0.04083333333333333,1,1
T11567,17FT,Delhi,6.87,4.218333333333333,0.9448333333333334,0.05499999999999999,0.02666666666666667,1,1
T11568,32FT,Bengaluru,15.71,4.39,0.9005,0.0555,0.025666666666666667,1,1
T11569,17FT,Delhi,6.39,4.553333333333334,0.8896666666666667,0.048666666666666664,0.04716666666666666,1,1
T11570,40FT,Jaipur,18.23,4.533333333333333,0.81,0.049999999999999996,0.016666666666666666,1,1
T11571,LCV,Mumbai,3.42,4.19,0.8226666666666667,0.059500000000000004,0.02266666666666667,1,1
T11572,17FT,Delhi,5.41,4.301666666666667,0.8788333333333332,0.0595,0.027,1,1
T11573,Tata 407,Delhi,4.6,4.3533333333333335,0.8478333333333333,0.078,0.03466666666666667,1,1
T11574,LCV,Hyderabad,2.76,4.295,0.9541666666666666,0.0515,0.066,1,1
T11575,20FT,Delhi,9.9,4.568333333333333,0.8298333333333333,0.044833333333333336,0.034833333333333334,1,1
T11576,40FT,Bengaluru,18.53,4.31,0.9138333333333333,0.04733333333333334,0.02366666666666667,1,1
T11577,32FT,Jaipur,16.67,4.1450000000000005,0.8690000000000001,0.044833333333333336,0.031,1,1
T11578,Tata 407,Lucknow,4.2,4.663333333333333,0.8898333333333334,0.0325,0.055,0,1
T11579,Tata 407,Mumbai,4.23,4.079999999999999,0.8328333333333333,0.062,0.03766666666666667,1,0
T11580,32FT,Mumbai,17.02,4.306666666666667,0.8941666666666667,0.052833333333333336,0.02766666666666667,1,1
T11581,Tata 407,Pune,4.41,4.41,0.8976666666666667,0.06466666666666666,0.020833333333333332,1,1
T11582,40FT,Delhi,18.24,4.136666666666667,0.8798333333333334,0.044833333333333336,0.03916666666666666,1,0
T11583,17FT,Bhubaneswar,7.36,4.359999999999999,0.8211666666666666,0.0315,0.029,1,1
T11584,Tata 407,Bhubaneswar,4.99,4.65,0.8734999999999999,0.05983333333333333,0.03283333333333333,1,1
T11585,LCV,Bengaluru,2.91,4.348333333333334,0.9211666666666667,0.051833333333333335,0.03783333333333334,1,1
T11586,32FT,Bengaluru,16.29,4.2683333333333335,0.839,0.073,0.014,1,1
T11587,20FT,Ahmedabad,7.34,4.111666666666666,0.9036666666666666,0.0525,0.026333333333333334,1,1
T11588,20FT,Delhi,8.53,4.551666666666667,0.856,0.03383333333333333,0.04850000000000001,0,0
T11589,20FT,Kolkata,9.93,4.4750000000000005,0.8333333333333334,0.068,0.03416666666666667,1,1
T11590,40FT,Delhi,18.24,4.728333333333333,0.9455,0.06316666666666666,0.03416666666666667,1,1
T11591,32FT,Bengaluru,14.93,4.033333333333334,0.8996666666666666,0.09583333333333334,0.011666666666666667,1,1
T11592,Tata 407,Pune,3.61,4.508333333333334,0.8581666666666666,0.034499999999999996,0.023500000000000004,1,1
T11593,40FT,Mumbai,20.83,4.24,0.8355,0.05833333333333333,0.036333333333333336,1,0
T11594,LCV,Kolkata,3.86,4.253333333333334,0.8873333333333333,0.05983333333333333,0.03183333333333333,1,1
T11595,20FT,Delhi,8.53,4.260000000000001,0.8969999999999999,0.033,0.02266666666666667,0,1
T11596,32FT,Jaipur,16.73,4.373333333333334,0.8184999999999999,0.08116666666666666,0.03366666666666667,1,1
T11597,20FT,Bengaluru,9.75,4.523333333333333,0.9183333333333333,0.06066666666666667,0.023500000000000004,1,1
T11598,20FT,Kolkata,8.68,3.9466666666666668,0.8751666666666668,0.023833333333333335,0.026333333333333334,1,0
T11599,32FT,Delhi,17.51,4.405,0.9183333333333333,0.035333333333333335,0.02266666666666667,1,1
T11600,20FT,Lucknow,7.68,4.243333333333333,0.8661666666666666,0.05633333333333334,0.03566666666666667,1,1
T11601,LCV,Bengaluru,3.21,4.456666666666667,0.8813333333333334,0.03183333333333333,0.044333333333333336,1,1
T11602,40FT,Kolkata,19.52,4.136666666666667,0.8573333333333334,0.06266666666666666,0.03916666666666666,0,1
T11603,LCV,Bhubaneswar,3.86,4.318333333333333,0.8813333333333334,0.06916666666666667,0.020666666666666667,1,1
T11604,40FT,Delhi,24.88,4.181666666666667,0.8508333333333334,0.06949999999999999,0.051166666666666666,1,1
T11605,Tata 407,Mumbai,3.26,4.378333333333333,0.8798333333333334,0.04966666666666667,0.028333333333333332,1,1
T11606,40FT,Mumbai,20.69,4.273333333333333,0.8205,0.041833333333333333,0.022999999999999996,1,1
T11607,20FT,Bengaluru,8.63,4.036666666666666,0.8886666666666666,0.030666666666666665,0.0325,1,1
T11608,LCV,Delhi,3.23,4.263333333333333,0.8698333333333333,0.028666666666666663,0.014,1,1
T11609,40FT,Ahmedabad,23.67,4.128333333333333,0.8858333333333334,0.08850000000000001,0.035666666666666666,1,1
T11610,LCV,Ahmedabad,2.43,4.358333333333333,0.8913333333333333,0.07033333333333333,0.0425,1,1
T11611,20FT,Kolkata,9.57,3.9483333333333337,0.8538333333333333,0.044833333333333336,0.049166666666666664,1,1
T11612,32FT,Bhubaneswar,14.83,4.19,0.8328333333333333,0.03216666666666667,0.034333333333333334,1,1
T11613,Tata 407,Delhi,3.57,4.351666666666667,0.8983333333333334,0.03383333333333333,0.015666666666666666,1,1
T11614,20FT,Mumbai,7.02,4.263333333333333,0.8308333333333334,0.0325,0.024666666666666667,1,1
T11615,17FT,Delhi,7.07,4.176666666666667,0.9278333333333334,0.064,0.016,1,1
T11616,Tata 407,Kolkata,4.89,4.390000000000001,0.8626666666666667,0.05533333333333334,0.036333333333333336,1,0
T11617,40FT,Delhi,24.87,4.3,0.8306666666666667,0.04883333333333334,0.043000000000000003,1,1
T11618,17FT,Ahmedabad,5.13,4.293333333333333,0.8968333333333334,0.07533333333333332,0.020333333333333335,1,1
T11619,Tata 407,Delhi,3.57,4.216666666666667,0.9193333333333333,0.08383333333333333,0.042666666666666665,1,1
T11620,LCV,Mumbai,2.45,4.055,0.8731666666666666,0.08516666666666667,0.0425,1,0
T11621,LCV,Bhubaneswar,3.1,4.286666666666666,0.8766666666666666,0.09333333333333334,0.01,0,1
T11622,17FT,Mumbai,7.53,4.491666666666667,0.864,0.033,0.020666666666666667,1,1
T11623,20FT,Mumbai,8.47,4.26,0.9256666666666667,0.042166666666666665,0.016666666666666666,1,1
T11624,LCV,Bengaluru,2.89,4.011666666666667,0.9129999999999999,0.043333333333333335,0.04933333333333333,1,1
T11625,Tata 407,Chennai,4.53,4.441666666666666,0.8731666666666666,0.06083333333333333,0.02,1,1
T11626,40FT,Bengaluru,18.14,4.273333333333333,0.8423333333333334,0.043166666666666666,0.035833333333333335,1,1
T11627,20FT,Jaipur,8.37,4.391666666666667,0.8488333333333333,0.03666666666666667,0.024666666666666667,1,1
T11628,40FT,Delhi,23.8,4.495,0.8849999999999999,0.04650000000000001,0.03366666666666667,0,1
T11629,LCV,Bhubaneswar,3.15,4.2700000000000005,0.9161666666666667,0.05966666666666667,0.021833333333333333,1,1
T11630,LCV,Delhi,2.04,4.128333333333333,0.8861666666666667,0.03933333333333334,0.028,0,0
T11631,Tata 407,Delhi,3.43,4.523333333333333,0.9390000000000001,0.03716666666666667,0.037333333333333336,1,1
T11632,Tata 407,Kolkata,4.73,4.510000000000001,0.9048333333333334,0.06583333333333334,0.025000000000000005,1,1
T11633,20FT,Pune,7.75,4.303333333333334,0.8933333333333334,0.04666666666666667,0.04466666666666667,1,1
T11634,32FT,Jaipur,16.27,4.1866666666666665,0.8725,0.05883333333333333,0.05333333333333334,1,1
T11635,LCV,Delhi,2.78,4.123333333333334,0.9115000000000001,0.049833333333333334,0.030333333333333337,1,1
T11636,Tata 407,Bengaluru,3.89,4.6883333333333335,0.912,0.04133333333333333,0.014833333333333332,1,1
T11637,LCV,Mumbai,2.82,4.273333333333333,0.9196666666666666,0.03783333333333333,0.042833333333333334,1,1
T11638,20FT,Bengaluru,8.05,4.336666666666667,0.8883333333333333,0.05466666666666667,0.034833333333333334,1,1
T11639,Tata 407,Jaipur,4.53,4.2749999999999995,0.884,0.09683333333333333,0.0265,1,1
T11640,17FT,Delhi,5.32,4.145,0.8675,0.06583333333333333,0.017499999999999998,1,1
T11641,17FT,Delhi,7.88,4.338333333333334,0.8734999999999999,0.05983333333333333,0.03883333333333334,1,1
T11642,20FT,Kolkata,9.17,4.325,0.9079999999999999,0.1085,0.023833333333333335,1,1
T11643,20FT,Hyderabad,9.48,4.376666666666666,0.9336666666666668,0.06166666666666667,0.029833333333333333,1,1
T11644,20FT,Kolkata,9.38,4.236666666666667,0.8433333333333334,0.028666666666666663,0.045000000000000005,1,1
T11645,LCV,Mumbai,3.61,4.36,0.871,0.035666666666666666,0.024166666666666666,1,1
T11646,LCV,Kolkata,3.75,4.155,0.9318333333333334,0.04033333333333333,0.03283333333333333,1,1
T11647,40FT,Delhi,23.75,4.176666666666667,0.8621666666666666,0.06416666666666666,0.016833333333333332,1,1
T11648,LCV,Kolkata,3.45,4.38,0.8776666666666667,0.048999999999999995,0.028166666666666663,1,1
T11649,Tata 407,Kolkata,3.19,4.198333333333333,0.8615,0.06016666666666667,0.021,1,1
T11650,40FT,Chennai,22.9,4.373333333333334,0.8756666666666666,0.039,0.03816666666666666,1,0
T11651,LCV,Bengaluru,2.59,4.44,0.8865,0.028833333333333332,0.028999999999999998,1,0
T11652,LCV,Pune,3.27,4.44,0.8638333333333333,0.04733333333333333,0.02033333333333333,1,1
T11653,Tata 407,Chennai,3.92,4.283333333333334,0.8456666666666667,0.0385,0.04066666666666666,1,1
T11654,17FT,Delhi,5.37,4.31,0.8703333333333334,0.07266666666666667,0.017166666666666667,1,1
T11655,20FT,Jaipur,9.69,4.5200000000000005,0.8838333333333334,0.029666666666666664,0.03933333333333333,1,0
T11656,17FT,Jaipur,7.16,4.571666666666666,0.8741666666666666,0.05266666666666667,0.03166666666666667,1,1
T11657,LCV,Lucknow,3.12,4.523333333333333,0.8615,0.03783333333333334,0.038,1,1
T11658,40FT,Mumbai,22.84,4.361666666666666,0.8351666666666667,0.07133333333333333,0.02266666666666667,1,1
T11659,Tata 407,Pune,3.77,4.391666666666667,0.8348333333333334,0.028499999999999998,0.03633333333333333,1,1
T11660,32FT,Bengaluru,15.53,4.513333333333333,0.8281666666666667,0.03366666666666667,0.024499999999999997,1,1
T11661,LCV,Delhi,2.91,4.428333333333334,0.8921666666666667,0.09583333333333333,0.01883333333333333,1,1
T11662,40FT,Chennai,18.81,4.426666666666667,0.932,0.05616666666666667,0.035,1,1
T11663,40FT,Chennai,21.43,4.583333333333333,0.8506666666666667,0.042333333333333334,0.035333333333333335,1,0
T11664,17FT,Pune,6.8,3.9883333333333333,0.9194999999999999,0.07383333333333333,0.05616666666666667,1,1
T11665,20FT,Ahmedabad,9.85,4.503333333333333,0.8998333333333334,0.06383333333333334,0.030166666666666665,1,1
T11666,17FT,Lucknow,7.72,4.148333333333333,0.8991666666666666,0.0805,0.028,1,1
T11667,Tata 407,Bengaluru,4.44,4.125,0.8448333333333333,0.03716666666666667,0.02033333333333333,1,1
T11668,LCV,Chennai,3.43,4.303333333333334,0.8638333333333333,0.05483333333333334,0.03416666666666667,1,1
T11669,17FT,Jaipur,6.49,4.47,0.8956666666666666,0.026166666666666668,0.030166666666666665,1,1
T11670,17FT,Bengaluru,6.83,4.101666666666667,0.9385,0.045500000000000006,0.034999999999999996,1,1
T11671,32FT,Mumbai,14.25,4.243333333333333,0.8168333333333333,0.047499999999999994,0.036,1,0
T11672,LCV,Bhubaneswar,2.71,3.94,0.8183333333333334,0.053,0.04800000000000001,1,1
T11673,32FT,Delhi,14.14,4.325,0.8878333333333334,0.03866666666666666,0.06166666666666667,1,1
T11674,20FT,Jaipur,8.1,4.36,0.8591666666666667,0.05216666666666667,0.0305,1,1
T11675,LCV,Chennai,3.94,4.195,0.8876666666666666,0.051666666666666666,0.0305,1,1
T11676,Tata 407,Hyderabad,4.51,4.216666666666667,0.8196666666666667,0.051166666666666666,0.013833333333333331,1,1
T11677,17FT,Chennai,7.98,4.591666666666667,0.8483333333333333,0.04750000000000001,0.03716666666666667,1,0
T11678,Tata 407,Bengaluru,4.89,4.341666666666667,0.8991666666666666,0.06783333333333334,0.026,1,1
T11679,LCV,Mumbai,3.8,4.503333333333333,0.8635,0.09049999999999998,0.031,1,1
T11680,32FT,Jaipur,16.23,4.323333333333333,0.9543333333333334,0.045000000000000005,0.02016666666666667,1,0
T11681,LCV,Ahmedabad,3.24,4.151666666666666,0.8663333333333334,0.05833333333333333,0.033,1,1
T11682,40FT,Kolkata,18.5,4.0216666666666665,0.8328333333333333,0.036833333333333336,0.02666666666666667,1,1
T11683,40FT,Bengaluru,18.76,4.618333333333333,0.8405,0.044000000000000004,0.021333333333333333,1,1
T11684,17FT,Kolkata,6.95,4.443333333333333,0.93,0.05533333333333334,0.033,1,1
T11685,17FT,Bengaluru,5.54,4.001666666666666,0.863,0.04516666666666667,0.01916666666666667,1,1
T11686,32FT,Bengaluru,16.56,4.489999999999999,0.8916666666666666,0.0385,0.0545,1,1
T11687,LCV,Chennai,3.99,4.3999999999999995,0.8468333333333332,0.042166666666666665,0.021666666666666667,1,1
T11688,20FT,Delhi,8.85,4.444999999999999,0.8406666666666666,0.03933333333333333,0.04133333333333333,0,1
T11689,Tata 407,Jaipur,4.43,4.255,0.859,0.055999999999999994,0.03133333333333333,1,0
T11690,Tata 407,Delhi,3.51,4.2683333333333335,0.8596666666666667,0.06616666666666667,0.03316666666666667,1,1
T11691,20FT,Bengaluru,7.03,4.3,0.8658333333333333,0.04950000000000001,0.02316666666666667,1,1
T11692,Tata 407,Bengaluru,4.69,4.53,0.9068333333333333,0.050666666666666665,0.04750000000000001,1,1
T11693,20FT,Hyderabad,7.75,4.535,0.852,0.034166666666666665,0.03833333333333333,1,1
T11694,Tata 407,Kolkata,4.06,3.9499999999999997,0.8694999999999999,0.0555,0.050666666666666665,1,1
T11695,40FT,Hyderabad,18.62,4.601666666666667,0.872,0.03816666666666667,0.052,1,1
T11696,Tata 407,Hyderabad,3.37,4.135000000000001,0.7986666666666666,0.08216666666666667,0.033,1,1
T11697,LCV,Bengaluru,3.73,4.451666666666667,0.882,0.0425,0.036166666666666666,1,1
T11698,LCV,Bengaluru,2.92,4.5633333333333335,0.8121666666666667,0.056333333333333326,0.030166666666666665,1,1
T11699,17FT,Delhi,6.19,3.94,0.8871666666666668,0.04533333333333334,0.042,1,1
T11700,LCV,Mumbai,3.68,4.085,0.8235,0.046000000000000006,0.021500000000000002,1,1
T11701,20FT,Mumbai,7.01,4.283333333333333,0.9071666666666666,0.051,0.061,1,1
T11702,32FT,Jaipur,17.56,4.246666666666667,0.903,0.017333333333333333,0.026,1,1
T11703,40FT,Ahmedabad,22.02,4.345,0.8183333333333334,0.0515,0.045500000000000006,0,1
T11704,20FT,Mumbai,9.1,4.293333333333334,0.8758333333333334,0.048499999999999995,0.039,1,1
T11705,17FT,Bengaluru,6.83,4.433333333333334,0.9173333333333332,0.03966666666666667,0.027,1,1
T11706,LCV,Jaipur,2.64,4.151666666666666,0.8251666666666666,0.07033333333333333,0.04566666666666667,1,1
T11707,20FT,Pune,9.41,4.076666666666667,0.8506666666666667,0.050833333333333335,0.057166666666666664,1,1
T11708,LCV,Bengaluru,2.15,4.381666666666667,0.8818333333333334,0.04900000000000001,0.046000000000000006,1,1
T11709,17FT,Delhi,6.57,4.1450000000000005,0.9098333333333333,0.07533333333333334,0.043833333333333335,0,1
T11710,20FT,Pune,9.91,4.216666666666667,0.914,0.08566666666666667,0.010333333333333333,1,1
T11711,17FT,Bhubaneswar,7.16,4.32,0.9131666666666667,0.05783333333333333,0.047499999999999994,1,1
T11712,20FT,Mumbai,7.66,4.491666666666666,0.8431666666666667,0.08166666666666667,0.022000000000000002,1,1
T11713,Tata 407,Bengaluru,4.24,4.47,0.8876666666666666,0.041833333333333333,0.06966666666666667,1,1
T11714,32FT,Mumbai,14.42,4.333333333333333,0.863,0.07283333333333333,0.034999999999999996,1,1
T11715,LCV,Mumbai,2.16,4.211666666666667,0.8595,0.049666666666666665,0.035333333333333335,1,0
T11716,LCV,Hyderabad,2.53,4.596666666666667,0.8768333333333334,0.024166666666666666,0.021,1,1
T11717,17FT,Delhi,7.22,4.5249999999999995,0.8863333333333333,0.11066666666666668,0.017,1,0
T11718,40FT,Chennai,18.71,4.471666666666667,0.8258333333333333,0.02366666666666667,0.025333333333333333,1,1
T11719,LCV,Bengaluru,2.28,4.425,0.8835000000000001,0.07533333333333334,0.030166666666666665,1,1
T11720,Tata 407,Hyderabad,3.75,4.153333333333333,0.8768333333333334,0.065,0.03333333333333333,0,0
T11721,LCV,Hyderabad,2.05,4.333333333333333,0.8605,0.04933333333333333,0.0335,1,1
T11722,40FT,Chennai,24.49,4.198333333333333,0.9328333333333333,0.054,0.024499999999999997,0,1
T11723,40FT,Mumbai,24.37,4.243333333333333,0.8271666666666667,0.104,0.035166666666666666,1,1
T11724,17FT,Lucknow,6.71,4.048333333333333,0.9148333333333333,0.044500000000000005,0.03666666666666667,1,1
T11725,LCV,Mumbai,3.08,4.303333333333334,0.8841666666666667,0.06333333333333334,0.0295,1,1
T11726,LCV,Delhi,3.93,4.13,0.9305,0.04599999999999999,0.03,1,1
T11727,40FT,Delhi,24.83,4.398333333333333,0.935,0.043666666666666666,0.05533333333333334,0,1
T11728,17FT,Delhi,7.05,4.381666666666667,0.84,0.04683333333333334,0.041666666666666664,1,1
T11729,Tata 407,Bengaluru,3.94,4.2299999999999995,0.867,0.0275,0.014166666666666666,1,1
T11730,LCV,Delhi,2.02,4.346666666666667,0.9111666666666668,0.048499999999999995,0.03266666666666666,1,1
T11731,20FT,Jaipur,8.33,3.8716666666666666,0.8623333333333333,0.07283333333333333,0.028,1,1
T11732,40FT,Jaipur,22.67,4.2283333333333335,0.8648333333333333,0.055833333333333325,0.028333333333333335,1,1
T11733,LCV,Delhi,2.52,4.02,0.883,0.04833333333333333,0.03266666666666667,1,1
T11734,17FT,Hyderabad,6.43,4.398333333333333,0.928,0.074,0.015,1,1
T11735,40FT,Chennai,20.06,4.201666666666667,0.8805,0.07866666666666666,0.026999999999999996,1,1
T11736,20FT,Mumbai,9.94,4.285,0.868,0.0765,0.036833333333333336,0,1
T11737,LCV,Pune,2.43,4.3950000000000005,0.9275000000000001,0.07916666666666666,0.041166666666666664,1,1
T11738,20FT,Delhi,8.79,4.42,0.8273333333333334,0.05583333333333334,0.015,1,1
T11739,40FT,Mumbai,18.24,4.698333333333333,0.8878333333333334,0.04416666666666667,0.0355,1,1
T11740,Tata 407,Mumbai,4.81,4.451666666666667,0.8175,0.069,0.023999999999999997,1,0
T11741,Tata 407,Mumbai,3.8,4.233333333333333,0.9508333333333333,0.08216666666666667,0.04033333333333333,1,1
T11742,Tata 407,Jaipur,4.0,4.496666666666667,0.8801666666666667,0.056,0.02316666666666667,1,1
T11743,17FT,Bhubaneswar,7.0,3.82,0.8401666666666667,0.07216666666666667,0.027,0,1
T11744,20FT,Ahmedabad,8.31,4.323333333333333,0.84,0.049666666666666665,0.017833333333333336,1,1
T11745,Tata 407,Delhi,3.68,4.484999999999999,0.8775,0.06516666666666666,0.022166666666666668,1,0
T11746,32FT,Mumbai,17.38,4.478333333333333,0.8341666666666666,0.07016666666666667,0.02766666666666667,0,1
T11747,LCV,Delhi,3.32,4.491666666666666,0.8963333333333333,0.09849999999999999,0.0325,0,1
T11748,17FT,Hyderabad,5.77,4.291666666666667,0.8486666666666668,0.059,0.024999999999999998,1,1
T11749,Tata 407,Delhi,3.83,4.3549999999999995,0.8443333333333333,0.07416666666666667,0.034,1,1
T11750,17FT,Mumbai,6.68,4.36,0.8666666666666667,0.04699999999999999,0.051,0,0
T11751,32FT,Ahmedabad,15.16,4.058333333333334,0.8833333333333333,0.08183333333333333,0.047999999999999994,1,1
T11752,40FT,Delhi,22.98,4.2716666666666665,0.8786666666666667,0.09633333333333334,0.021833333333333333,1,1
T11753,20FT,Jaipur,7.44,4.441666666666666,0.8843333333333333,0.060666666666666674,0.043333333333333335,1,1
T11754,40FT,Delhi,19.17,4.2316666666666665,0.8966666666666666,0.047499999999999994,0.01983333333333333,1,1
T11755,17FT,Pune,7.18,4.236666666666667,0.9461666666666666,0.063,0.029833333333333337,1,1
T11756,17FT,Chennai,6.97,3.9633333333333334,0.8263333333333334,0.030666666666666665,0.033666666666666664,1,1
T11757,32FT,Mumbai,15.23,4.466666666666667,0.9228333333333333,0.0615,0.044500000000000005,1,0
T11758,40FT,Delhi,24.0,4.5633333333333335,0.8608333333333333,0.079,0.0185,1,1
T11759,LCV,Hyderabad,2.89,4.513333333333333,0.882,0.025666666666666667,0.029333333333333333,1,1
T11760,LCV,Bengaluru,2.88,4.528333333333333,0.8616666666666667,0.05433333333333334,0.02416666666666667,1,1
T11761,Tata 407,Jaipur,3.25,4.533333333333333,0.8729999999999999,0.06583333333333334,0.04816666666666667,1,1
T11762,40FT,Mumbai,20.28,4.121666666666667,0.8395,0.056333333333333326,0.035666666666666666,1,1
T11763,LCV,Delhi,2.7,4.443333333333333,0.8311666666666667,0.04916666666666667,0.057499999999999996,1,1
T11764,32FT,Delhi,16.53,4.535,0.8796666666666667,0.06966666666666667,0.04033333333333333,1,0
T11765,17FT,Ahmedabad,7.88,4.128333333333333,0.9249999999999999,0.05616666666666667,0.0395,1,1
T11766,32FT,Jaipur,16.69,4.478333333333333,0.8363333333333333,0.03383333333333333,0.02333333333333333,1,1
T11767,32FT,Mumbai,16.8,4.078333333333333,0.8706666666666667,0.05466666666666667,0.05066666666666667,0,1
T11768,32FT,Bengaluru,17.42,4.491666666666666,0.8991666666666666,0.0355,0.072,1,1
T11769,40FT,Delhi,18.44,4.6049999999999995,0.8805,0.05366666666666666,0.07116666666666667,0,1
T11770,17FT,Kolkata,6.04,4.308333333333333,0.8923333333333333,0.06233333333333333,0.051666666666666666,1,1
T11771,32FT,Delhi,16.86,4.668333333333334,0.8978333333333334,0.022833333333333334,0.028666666666666663,1,1
T11772,Tata 407,Delhi,4.78,4.24,0.856,0.039,0.0295,1,1
T11773,17FT,Mumbai,7.29,4.2683333333333335,0.9068333333333333,0.03666666666666667,0.013,1,1
T11774,LCV,Kolkata,3.95,4.208333333333333,0.9218333333333333,0.051333333333333335,0.043000000000000003,1,1
T11775,LCV,Bengaluru,3.99,4.421666666666667,0.8923333333333333,0.0385,0.022000000000000002,1,1
T11776,32FT,Bengaluru,17.92,4.221666666666667,0.878,0.058499999999999996,0.0205,1,1
T11777,20FT,Delhi,9.86,4.21,0.8853333333333334,0.041833333333333333,0.0525,1,0
T11778,Tata 407,Bengaluru,3.24,4.556666666666667,0.8543333333333333,0.081,0.05333333333333334,1,1
T11779,20FT,Ahmedabad,8.66,4.201666666666667,0.8863333333333333,0.05050000000000001,0.02683333333333333,1,1
T11780,40FT,Lucknow,19.81,4.218333333333333,0.8963333333333333,0.031,0.01933333333333333,1,0
T11781,17FT,Jaipur,6.5,4.256666666666667,0.851,0.04716666666666667,0.026833333333333334,1,1
T11782,LCV,Bengaluru,3.39,4.171666666666667,0.8578333333333333,0.07416666666666667,0.025833333333333333,1,1
T11783,40FT,Chennai,23.48,4.37,0.8241666666666667,0.065,0.021166666666666667,1,0
T11784,17FT,Bengaluru,6.9,4.498333333333334,0.8326666666666668,0.08333333333333333,0.037,1,1
T11785,40FT,Mumbai,19.78,4.621666666666667,0.84,0.037333333333333336,0.042333333333333334,1,1
T11786,20FT,Delhi,7.9,4.363333333333333,0.8724999999999999,0.06949999999999999,0.0195,1,1
T11787,Tata 407,Ahmedabad,4.74,3.9800000000000004,0.8503333333333334,0.08216666666666667,0.0315,1,1
T11788,17FT,Hyderabad,7.51,4.423333333333333,0.8225000000000001,0.030500000000000003,0.04683333333333333,0,1
T11789,LCV,Delhi,2.57,4.623333333333333,0.8856666666666667,0.063,0.035333333333333335,0,1
T11790,32FT,Delhi,15.56,4.4366666666666665,0.8806666666666666,0.05516666666666667,0.018333333333333333,1,1
T11791,40FT,Bengaluru,20.62,4.273333333333333,0.8456666666666667,0.037333333333333336,0.04699999999999999,1,1
T11792,32FT,Delhi,16.06,4.13,0.8201666666666667,0.04066666666666666,0.03,1,1
T11793,Tata 407,Kolkata,4.46,4.204999999999999,0.8958333333333334,0.10133333333333333,0.04133333333333333,1,1
T11794,LCV,Mumbai,3.4,4.431666666666667,0.8614999999999999,0.0635,0.05916666666666667,0,1
T11795,20FT,Mumbai,9.32,4.63,0.872,0.07666666666666666,0.053,1,1
T11796,LCV,Delhi,2.3,4.196666666666666,0.8770000000000001,0.03333333333333333,0.04666666666666666,1,1
T11797,17FT,Chennai,7.69,4.305000000000001,0.8286666666666666,0.0555,0.033,0,1
T11798,17FT,Chennai,5.5,4.1866666666666665,0.8808333333333334,0.05716666666666667,0.028166666666666663,1,1
T11799,Tata 407,Jaipur,4.6,4.345,0.8396666666666667,0.08083333333333333,0.03183333333333333,1,1
